0.125,0.125,0.125,0.125,0.125,0.125,0.125,0.125
-0.143,-0.276,0.019,0.184,-0.494,-0.074,-0.491,0.254
-0.008,-0.193,0.169,0.177,-0.246,0.105,-0.464,0.338
-0.261,-0.410,-0.092,-0.157,-0.521,-0.173,-0.884,-0.043
-0.389,-0.329,-0.048,-0.224,-0.549,-0.197,-0.675,-0.156
-0.214,-0.351,0.029,0.039,-0.388,-0.232,-0.525,0.041
-0.492,-0.452,-0.169,-0.230,-0.675,-0.283,-0.733,-0.057
-0.736,-0.689,-0.435,-0.453,-0.826,-0.694,-1.148,-0.282
-0.822,-0.797,-0.503,-0.639,-1.065,-0.868,-1.191,-0.466
-0.820,-0.806,-0.607,-0.676,-1.011,-0.834,-1.227,-0.577
-1.129,-1.227,-0.847,-0.884,-1.360,-1.101,-1.592,-0.922
-1.032,-1.062,-0.715,-0.817,-1.132,-0.880,-1.376,-0.574
-0.865,-0.922,-0.642,-0.652,-1.116,-0.627,-1.188,-0.549
-0.859,-1.123,-0.742,-0.810,-1.211,-0.801,-1.547,-0.645
-0.770,-1.021,-0.646,-0.619,-0.992,-0.710,-1.248,-0.591
-0.830,-0.948,-0.702,-0.643,-1.217,-0.838,-1.277,-0.551
-0.590,-0.471,-0.312,-0.354,-0.780,-0.405,-1.084,-0.221
-0.442,-0.500,-0.259,-0.356,-0.881,-0.369,-0.893,-0.212
-0.167,-0.205,0.070,0.011,-0.326,-0.149,-0.513,0.141
-0.340,-0.369,-0.100,-0.107,-0.474,-0.311,-0.596,-0.036
-0.202,-0.397,-0.089,-0.165,-0.548,-0.235,-0.607,-0.024
0.018,-0.087,0.060,0.155,-0.462,-0.142,-0.390,0.104
-0.164,-0.323,0.002,0.017,-0.438,-0.184,-0.492,0.088
-0.114,-0.189,0.108,0.121,-0.264,-0.123,-0.461,0.139
-0.092,-0.161,0.161,0.018,-0.206,-0.038,-0.352,0.222
-0.163,-0.149,-0.008,0.000,-0.422,-0.095,-0.530,0.095
-0.070,-0.114,0.244,0.111,-0.383,-0.045,-0.389,0.177
-0.491,-0.530,-0.268,-0.306,-0.634,-0.353,-0.869,-0.155
-0.035,-0.124,0.135,0.140,-0.222,-0.082,-0.415,0.258
-0.339,-0.224,0.042,-0.051,-0.433,-0.086,-0.660,-0.001
0.025,-0.099,0.208,0.114,-0.285,-0.014,-0.570,0.239
0.069,-0.005,0.261,0.189,-0.253,0.113,-0.421,0.244
-0.033,-0.061,0.238,0.343,-0.210,0.057,-0.373,0.282
-0.169,-0.115,0.073,0.105,-0.431,-0.075,-0.523,0.144
-0.094,-0.289,0.104,-0.008,-0.414,-0.093,-0.502,0.176
0.377,0.057,0.458,0.414,-0.025,0.365,-0.000,0.568
0.258,0.217,0.337,0.336,-0.018,0.187,-0.204,0.509
0.312,0.434,0.437,0.634,0.213,0.326,-0.053,0.665
0.269,0.274,0.520,0.504,0.096,0.362,-0.037,0.656
0.457,0.440,0.660,0.572,0.202,0.520,0.028,0.732
0.188,0.099,0.386,0.398,-0.005,0.160,-0.179,0.557
0.345,0.187,0.635,0.411,0.120,0.402,-0.070,0.565
0.194,0.201,0.541,0.377,-0.011,0.310,-0.158,0.556
0.515,0.350,0.719,0.622,0.207,0.462,-0.016,0.705
0.573,0.563,0.783,0.733,0.375,0.665,0.168,0.842
0.325,0.200,0.500,0.441,-0.036,0.359,-0.105,0.577
0.220,0.120,0.388,0.419,-0.123,0.228,-0.171,0.334
0.053,-0.084,0.163,0.151,-0.226,0.002,-0.412,0.283
0.018,-0.045,0.404,0.380,-0.101,0.125,-0.355,0.317
0.132,0.232,0.313,0.283,-0.041,0.134,-0.345,0.409
-0.117,-0.171,0.092,0.019,-0.357,-0.001,-0.507,0.247
-0.133,-0.325,-0.092,0.008,-0.465,-0.325,-0.637,0.141
-0.181,-0.149,0.150,0.151,-0.252,-0.110,-0.572,0.338
0.006,0.007,0.198,0.192,-0.266,0.145,-0.412,0.258
0.031,-0.226,0.152,0.229,-0.381,0.066,-0.512,0.325
0.190,0.216,0.283,0.387,-0.257,0.227,-0.467,0.509
0.143,0.177,0.197,0.257,-0.169,0.101,-0.492,0.357
0.296,0.188,0.515,0.425,-0.109,0.325,-0.109,0.624
0.189,0.015,0.365,0.354,-0.095,0.320,-0.295,0.368
0.052,0.056,0.297,0.215,-0.266,0.084,-0.512,0.289
0.256,0.123,0.413,0.410,-0.000,0.245,-0.146,0.560
0.124,0.115,0.354,0.388,-0.091,0.095,-0.379,0.444
0.024,-0.089,0.265,0.225,-0.266,0.054,-0.506,0.339
-0.227,-0.259,0.004,0.043,-0.373,-0.167,-0.636,0.036
-0.064,-0.100,0.211,0.048,-0.293,-0.064,-0.555,0.169
-0.188,-0.232,-0.034,-0.023,-0.524,-0.210,-0.619,0.123
-0.027,-0.103,0.230,0.191,-0.277,-0.025,-0.567,0.339
-0.238,-0.424,0.026,-0.015,-0.406,-0.267,-0.825,-0.013
-0.260,-0.320,-0.019,-0.073,-0.513,-0.169,-0.836,0.057
-0.475,-0.614,-0.268,-0.250,-0.723,-0.392,-0.969,-0.191
-0.384,-0.527,-0.168,-0.201,-0.668,-0.477,-0.807,-0.201
-0.457,-0.447,-0.166,-0.292,-0.700,-0.437,-0.805,-0.167
-0.556,-0.461,-0.262,-0.355,-0.757,-0.406,-0.889,-0.255
-0.119,-0.102,0.159,0.130,-0.328,-0.045,-0.291,0.267
0.158,0.176,0.369,0.214,-0.084,0.194,-0.198,0.435
0.156,0.319,0.524,0.411,0.055,0.188,-0.254,0.545
0.241,-0.008,0.273,0.274,-0.296,0.179,-0.256,0.439
-0.073,0.088,0.178,0.251,-0.266,0.024,-0.421,0.327
-0.198,-0.165,0.139,-0.001,-0.419,-0.050,-0.605,0.133
-0.393,-0.476,-0.253,-0.355,-0.631,-0.454,-0.949,-0.185
-0.512,-0.560,-0.382,-0.431,-0.867,-0.504,-0.921,-0.265
-0.521,-0.589,-0.314,-0.374,-0.821,-0.495,-1.029,-0.196
-0.118,-0.320,0.147,0.083,-0.468,-0.182,-0.628,0.130
-0.121,-0.106,0.109,0.038,-0.328,-0.067,-0.609,0.183
-0.013,-0.056,0.108,0.160,-0.235,0.098,-0.547,0.265
-0.106,-0.247,0.095,0.137,-0.384,-0.054,-0.468,0.184
-0.143,-0.207,0.082,-0.025,-0.323,-0.013,-0.510,0.146
-0.119,-0.051,0.138,0.095,-0.274,0.027,-0.453,0.206
-0.318,-0.186,0.045,0.017,-0.451,-0.169,-0.580,0.085
-0.451,-0.497,-0.355,-0.234,-0.742,-0.509,-0.929,-0.208
-0.251,-0.353,-0.087,-0.104,-0.706,-0.234,-0.668,0.052
-0.097,-0.208,0.124,-0.026,-0.353,-0.089,-0.640,0.174
-0.357,-0.419,-0.173,-0.202,-0.656,-0.403,-0.873,-0.015
-0.374,-0.382,-0.189,-0.178,-0.595,-0.318,-0.741,-0.069
-0.081,-0.224,0.164,0.207,-0.391,-0.023,-0.523,0.197
0.238,0.139,0.401,0.368,-0.169,0.254,-0.274,0.453
0.076,0.046,0.171,0.299,-0.267,0.036,-0.349,0.299
-0.120,-0.156,0.068,0.094,-0.225,-0.124,-0.466,0.149
-0.301,-0.475,-0.127,-0.252,-0.605,-0.267,-0.658,0.002
-0.263,-0.441,-0.167,-0.061,-0.539,-0.327,-0.704,-0.047
-0.161,-0.211,-0.074,-0.062,-0.563,-0.129,-0.470,0.002
-0.225,-0.241,0.008,-0.036,-0.375,-0.122,-0.620,0.093
0.007,0.031,0.216,0.226,-0.386,0.058,-0.332,0.276
-0.260,-0.292,0.062,0.050,-0.498,-0.132,-0.678,0.025
0.041,-0.036,0.215,0.106,-0.172,-0.061,-0.458,0.264
0.122,0.101,0.482,0.318,0.022,0.152,-0.322,0.425
-0.413,-0.616,-0.208,-0.199,-0.680,-0.358,-0.852,-0.117
-0.646,-0.579,-0.304,-0.337,-0.875,-0.564,-0.965,-0.197
-0.546,-0.724,-0.376,-0.450,-0.984,-0.602,-1.001,-0.290
-0.603,-0.611,-0.395,-0.432,-0.942,-0.514,-0.910,-0.299
-0.593,-0.385,-0.284,-0.209,-0.719,-0.364,-0.824,-0.247
-0.554,-0.695,-0.436,-0.460,-0.885,-0.572,-1.060,-0.316
-0.657,-0.673,-0.378,-0.456,-0.827,-0.516,-1.069,-0.302
-0.766,-0.621,-0.379,-0.390,-0.843,-0.679,-1.000,-0.347
-0.526,-0.370,-0.195,-0.237,-0.635,-0.380,-0.750,-0.086
-0.015,-0.115,0.279,0.244,-0.182,0.173,-0.373,0.297
0.224,0.102,0.339,0.328,-0.169,0.193,-0.051,0.414
0.180,0.171,0.445,0.345,-0.115,0.324,-0.202,0.518
-0.150,-0.133,0.140,0.119,-0.290,-0.066,-0.643,0.186
-0.356,-0.529,-0.229,-0.217,-0.613,-0.271,-0.716,-0.060
-0.638,-0.478,-0.196,-0.258,-0.801,-0.459,-0.850,-0.202
-0.445,-0.450,-0.138,-0.223,-0.703,-0.361,-0.746,-0.045
-0.294,-0.370,-0.082,-0.119,-0.560,-0.227,-0.714,-0.124
-0.494,-0.446,-0.280,-0.341,-0.608,-0.427,-0.931,-0.117
-0.360,-0.378,-0.096,-0.151,-0.566,-0.261,-0.753,0.043
-0.274,-0.374,-0.098,-0.062,-0.669,-0.164,-0.611,0.136
-0.262,-0.352,-0.027,-0.050,-0.429,-0.174,-0.591,0.058
-0.320,-0.312,-0.125,-0.260,-0.661,-0.316,-0.799,-0.080
-0.351,-0.417,-0.105,-0.260,-0.483,-0.281,-0.831,-0.092
0.038,0.112,0.081,0.070,-0.280,0.040,-0.384,0.280
-0.323,-0.297,-0.071,-0.240,-0.630,-0.281,-0.579,-0.028
0.052,-0.116,0.280,0.192,-0.216,0.013,-0.510,0.293
-0.196,-0.360,0.015,-0.156,-0.543,-0.227,-0.729,0.005
-0.614,-0.509,-0.207,-0.325,-0.728,-0.420,-0.930,-0.247
-0.335,-0.481,-0.076,-0.139,-0.464,-0.311,-0.919,-0.049
-0.355,-0.360,-0.114,-0.141,-0.569,-0.258,-0.837,-0.057
-0.120,-0.244,0.086,0.070,-0.447,-0.076,-0.356,0.224
-0.015,-0.048,0.335,0.212,-0.025,0.195,-0.281,0.328
-0.077,-0.170,0.220,0.176,-0.163,0.020,-0.449,0.285
0.247,0.163,0.381,0.406,-0.077,0.210,-0.228,0.600
0.147,0.054,0.315,0.312,-0.071,0.165,-0.285,0.341
0.252,0.171,0.546,0.532,0.075,0.403,-0.003,0.598
0.216,0.087,0.558,0.483,0.140,0.351,-0.228,0.545
0.153,0.129,0.379,0.350,0.020,0.355,-0.245,0.498
0.204,0.103,0.504,0.292,-0.036,0.200,-0.304,0.452
-0.008,-0.032,0.218,0.104,-0.245,0.037,-0.606,0.160
0.191,-0.042,0.395,0.246,-0.163,0.318,-0.263,0.364
0.043,0.075,0.380,0.310,-0.208,0.278,-0.290,0.358
-0.148,-0.095,0.094,0.022,-0.458,-0.008,-0.456,0.145
-0.042,-0.117,0.108,0.072,-0.160,0.145,-0.506,0.222
0.004,0.063,0.365,0.288,-0.113,0.101,-0.296,0.424
0.171,0.026,0.399,0.281,-0.104,0.147,-0.326,0.389
0.079,-0.011,0.297,0.280,-0.104,0.167,-0.233,0.401
-0.049,0.010,0.270,0.109,-0.202,0.067,-0.369,0.327
-0.086,-0.358,0.054,0.013,-0.276,-0.046,-0.504,0.156
-0.270,-0.156,-0.014,-0.050,-0.453,-0.132,-0.589,0.052
-0.078,-0.108,0.289,0.162,-0.181,0.089,-0.439,0.221
-0.006,-0.080,0.233,0.188,-0.316,-0.023,-0.362,0.345
-0.020,-0.087,0.202,0.160,-0.323,-0.029,-0.506,0.244
-0.094,-0.160,0.067,0.071,-0.274,-0.114,-0.511,0.241
-0.406,-0.385,-0.139,-0.266,-0.664,-0.271,-0.667,0.006
-0.211,-0.224,0.120,0.001,-0.496,-0.067,-0.503,0.124
0.009,-0.102,0.224,0.306,-0.104,0.170,-0.338,0.279
-0.184,-0.207,-0.045,0.110,-0.318,-0.005,-0.472,0.151
0.281,0.265,0.622,0.595,0.141,0.466,0.051,0.693
0.349,0.246,0.599,0.465,0.102,0.413,0.062,0.609
-0.006,0.001,0.225,0.059,-0.245,0.085,-0.403,0.338
0.015,-0.108,0.204,0.095,-0.170,0.049,-0.521,0.289
-0.048,-0.037,0.162,0.157,-0.306,-0.008,-0.527,0.180
-0.039,-0.039,0.216,0.024,-0.391,0.005,-0.441,0.242
0.233,0.272,0.494,0.271,0.055,0.233,-0.220,0.545
0.235,0.305,0.543,0.410,-0.015,0.394,-0.197,0.526
0.384,0.293,0.644,0.578,0.136,0.486,-0.096,0.784
0.242,0.380,0.617,0.455,-0.040,0.378,-0.140,0.646
0.205,0.145,0.457,0.386,-0.020,0.321,-0.165,0.582
0.501,0.288,0.580,0.535,0.112,0.411,-0.064,0.684
0.132,0.081,0.327,0.234,-0.148,0.225,-0.303,0.468
0.335,0.316,0.652,0.584,-0.008,0.312,-0.028,0.644
0.109,0.146,0.455,0.331,-0.114,0.159,-0.172,0.357
0.444,0.433,0.600,0.548,0.195,0.532,-0.077,0.712
0.585,0.493,0.634,0.728,0.171,0.622,0.257,0.879
0.361,0.386,0.699,0.547,0.144,0.380,0.014,0.669
0.475,0.279,0.528,0.568,0.084,0.366,-0.010,0.705
0.242,0.176,0.468,0.419,-0.113,0.274,0.027,0.533
0.583,0.487,0.806,0.662,0.257,0.563,0.118,0.849
0.875,0.812,1.074,1.046,0.569,0.877,0.386,1.096
0.616,0.570,0.954,0.922,0.367,0.724,0.199,0.911
0.515,0.453,0.658,0.479,0.230,0.453,0.102,0.634
0.404,0.419,0.722,0.621,0.177,0.433,0.123,0.733
0.569,0.478,0.825,0.774,0.273,0.602,0.119,0.887
0.418,0.478,0.655,0.581,0.165,0.462,0.090,0.656
0.505,0.586,0.834,0.744,0.255,0.743,0.273,0.923
0.310,0.315,0.615,0.578,0.066,0.433,-0.142,0.614
0.373,0.437,0.753,0.729,0.263,0.489,-0.012,0.730
0.425,0.297,0.602,0.455,0.121,0.366,-0.170,0.638
0.390,0.373,0.629,0.647,0.082,0.454,-0.032,0.725
0.342,0.448,0.573,0.658,0.260,0.420,-0.008,0.634
0.028,-0.095,0.092,0.121,-0.218,-0.019,-0.405,0.306
0.205,0.055,0.325,0.386,-0.131,0.247,-0.203,0.575
0.135,0.167,0.362,0.374,-0.107,0.126,-0.312,0.438
-0.006,-0.104,0.261,0.284,-0.222,0.153,-0.500,0.317
-0.237,-0.137,0.099,-0.031,-0.263,-0.011,-0.566,0.204
-0.162,-0.155,-0.003,0.043,-0.355,-0.037,-0.495,0.055
-0.390,-0.559,-0.284,-0.178,-0.769,-0.370,-0.811,-0.190
-0.402,-0.460,-0.128,-0.263,-0.754,-0.307,-0.744,-0.185
-0.554,-0.573,-0.217,-0.218,-0.703,-0.435,-0.935,-0.185
-0.490,-0.461,-0.322,-0.315,-0.683,-0.359,-0.879,-0.137
-0.375,-0.428,-0.244,-0.157,-0.711,-0.323,-0.761,-0.090
0.100,-0.008,0.359,0.282,-0.181,0.176,-0.312,0.359
0.172,0.231,0.491,0.420,0.100,0.374,0.013,0.534
0.212,0.176,0.439,0.433,0.065,0.244,-0.142,0.476
0.606,0.380,0.835,0.724,0.259,0.595,0.233,0.835
0.707,0.545,0.827,0.784,0.509,0.650,0.316,0.965
0.632,0.751,0.977,0.832,0.460,0.808,0.316,1.043
0.611,0.691,0.941,0.920,0.443,0.719,0.286,0.955
0.820,0.696,0.915,0.977,0.417,0.718,0.236,0.999
0.525,0.361,0.779,0.597,0.200,0.436,-0.089,0.792
0.490,0.256,0.714,0.633,0.048,0.492,-0.067,0.512
0.311,0.272,0.551,0.532,0.092,0.405,-0.019,0.502
0.260,0.357,0.528,0.477,0.160,0.359,-0.018,0.647
0.181,0.042,0.408,0.329,-0.184,0.276,-0.308,0.522
-0.055,-0.160,0.134,0.140,-0.272,-0.054,-0.408,0.240
-0.009,0.144,0.302,0.296,-0.188,0.080,-0.253,0.401
0.003,0.004,0.332,0.194,-0.256,0.111,-0.327,0.293
-0.078,-0.144,0.127,0.181,-0.364,-0.061,-0.409,0.266
0.146,0.107,0.447,0.445,0.091,0.270,-0.246,0.495
0.097,0.063,0.354,0.293,-0.060,0.128,-0.225,0.536
0.075,-0.136,0.254,0.273,-0.206,0.088,-0.175,0.255
0.282,0.179,0.415,0.430,-0.067,0.234,-0.239,0.550
0.165,0.087,0.482,0.357,-0.018,0.102,-0.174,0.481
0.219,0.098,0.501,0.420,-0.025,0.342,-0.310,0.599
-0.066,-0.082,0.153,0.197,-0.117,0.187,-0.502,0.279
-0.103,-0.240,0.133,0.079,-0.322,0.028,-0.437,0.246
-0.084,-0.078,0.315,0.149,-0.220,0.096,-0.302,0.346
0.120,0.174,0.283,0.242,-0.122,0.131,-0.310,0.313
0.206,0.242,0.403,0.423,-0.038,0.284,-0.166,0.647
0.178,0.237,0.499,0.451,0.034,0.255,-0.187,0.530
0.203,0.311,0.423,0.399,0.001,0.228,-0.209,0.495
0.199,0.094,0.468,0.478,-0.101,0.322,-0.161,0.469
0.386,0.101,0.620,0.609,0.093,0.462,0.037,0.531
0.211,0.014,0.479,0.449,-0.031,0.271,-0.229,0.494
0.135,0.075,0.435,0.243,-0.172,0.207,-0.159,0.412
0.079,0.069,0.318,0.319,-0.165,0.132,-0.333,0.393
-0.064,-0.098,0.105,0.071,-0.287,-0.025,-0.602,0.319
-0.055,-0.242,0.037,-0.003,-0.393,0.028,-0.515,0.202
-0.476,-0.699,-0.274,-0.354,-0.745,-0.416,-0.964,-0.227
-0.574,-0.535,-0.353,-0.350,-0.665,-0.517,-0.809,-0.245
-0.955,-0.800,-0.586,-0.644,-1.149,-0.798,-1.307,-0.587
-0.743,-0.812,-0.493,-0.547,-0.975,-0.724,-1.199,-0.431
-0.826,-0.944,-0.570,-0.626,-1.000,-0.880,-1.354,-0.445
-0.567,-0.708,-0.362,-0.401,-0.967,-0.617,-1.101,-0.342
-0.658,-0.464,-0.284,-0.352,-0.852,-0.389,-0.943,-0.069
-0.352,-0.366,-0.073,-0.101,-0.626,-0.158,-0.826,-0.012
-0.262,-0.305,0.045,0.022,-0.597,-0.023,-0.638,0.050
-0.098,-0.154,0.116,0.061,-0.290,-0.001,-0.570,0.254
0.149,0.094,0.309,0.314,-0.132,0.096,-0.309,0.428
0.153,0.135,0.391,0.432,-0.056,0.122,-0.204,0.553
0.004,0.113,0.307,0.237,-0.077,0.251,-0.286,0.475
0.385,0.304,0.611,0.626,0.084,0.342,-0.201,0.673
0.414,0.173,0.496,0.407,0.020,0.306,-0.215,0.673
0.297,0.198,0.605,0.447,0.132,0.416,-0.101,0.673
0.090,0.018,0.195,0.199,-0.266,-0.017,-0.463,0.308
0.000,-0.111,0.174,0.086,-0.168,0.128,-0.522,0.295
-0.255,-0.313,-0.076,-0.209,-0.587,-0.200,-0.654,0.021
-0.441,-0.460,-0.206,-0.327,-0.548,-0.293,-0.725,-0.123
-0.438,-0.352,-0.246,-0.270,-0.734,-0.412,-0.738,-0.056
-0.348,-0.536,-0.198,-0.278,-0.601,-0.455,-0.721,-0.201
-0.189,-0.321,0.002,-0.030,-0.402,-0.293,-0.729,0.004
0.037,-0.170,0.223,0.196,-0.264,0.118,-0.344,0.246
0.473,0.458,0.758,0.659,0.216,0.590,0.022,0.725
0.606,0.542,0.876,0.870,0.423,0.770,0.334,0.891
0.214,0.274,0.400,0.373,-0.135,0.348,-0.248,0.480
0.153,0.145,0.293,0.295,-0.132,0.280,-0.300,0.436
0.039,0.025,0.256,0.233,-0.112,0.032,-0.329,0.293
0.093,-0.042,0.288,0.219,-0.188,0.128,-0.167,0.420
-0.076,-0.097,0.244,0.141,-0.334,-0.056,-0.377,0.224
0.006,0.066,0.245,0.290,-0.210,0.165,-0.463,0.314
0.269,0.377,0.607,0.437,0.091,0.392,-0.120,0.595
0.081,0.138,0.357,0.272,-0.137,0.138,-0.384,0.450
0.078,0.085,0.343,0.278,-0.162,0.137,-0.326,0.448
0.456,0.401,0.617,0.605,0.132,0.484,0.129,0.738
0.364,0.406,0.696,0.652,0.088,0.422,-0.008,0.745
0.258,0.176,0.544,0.442,0.032,0.255,-0.224,0.622
0.333,0.482,0.652,0.614,0.191,0.416,-0.099,0.624
0.820,0.717,1.056,0.996,0.621,0.830,0.345,1.161
0.536,0.603,0.939,0.830,0.321,0.652,0.197,0.968
0.567,0.544,0.725,0.736,0.210,0.580,0.118,0.786
0.449,0.261,0.564,0.681,0.195,0.610,-0.021,0.720
0.477,0.466,0.629,0.549,0.192,0.567,-0.023,0.660
0.524,0.433,0.747,0.726,0.082,0.487,0.126,0.715
0.940,0.955,1.243,1.133,0.676,0.915,0.577,1.218
0.625,0.527,0.891,0.807,0.371,0.694,0.309,0.895
0.789,0.672,1.044,0.957,0.552,0.817,0.416,0.976
0.703,0.562,0.901,0.907,0.530,0.814,0.496,0.939
0.687,0.756,0.993,0.916,0.435,0.846,0.409,1.111
0.445,0.353,0.562,0.543,0.180,0.449,0.107,0.699
0.476,0.346,0.571,0.540,0.021,0.377,0.124,0.736
0.235,0.224,0.477,0.420,0.056,0.229,-0.107,0.644
0.183,0.021,0.472,0.378,-0.157,0.126,-0.371,0.379
-0.264,-0.267,0.041,0.055,-0.470,-0.209,-0.602,0.057
-0.444,-0.428,-0.113,-0.231,-0.566,-0.335,-0.754,-0.028
-0.045,-0.127,0.123,0.141,-0.406,0.048,-0.438,0.282
-0.200,-0.161,0.039,-0.010,-0.472,-0.045,-0.465,0.130
-0.252,-0.109,0.040,-0.096,-0.541,-0.048,-0.503,0.018
-0.156,-0.093,0.169,0.108,-0.302,0.043,-0.389,0.205
-0.442,-0.421,-0.158,-0.257,-0.548,-0.320,-0.810,-0.156
-0.664,-0.634,-0.361,-0.378,-0.877,-0.479,-1.045,-0.404
-0.449,-0.484,-0.090,-0.208,-0.562,-0.217,-0.871,-0.050
-0.295,-0.471,-0.095,-0.088,-0.473,-0.180,-0.721,0.009
-0.602,-0.656,-0.376,-0.370,-0.818,-0.542,-1.050,-0.250
-0.451,-0.453,-0.200,-0.160,-0.809,-0.376,-0.794,-0.141
-0.469,-0.586,-0.198,-0.324,-0.672,-0.321,-0.756,-0.169
-0.353,-0.250,-0.005,-0.117,-0.454,-0.169,-0.547,0.101
-0.307,-0.357,-0.108,-0.129,-0.520,-0.220,-0.635,-0.089
0.140,-0.045,0.299,0.313,-0.196,0.078,-0.463,0.381
0.217,0.223,0.487,0.391,-0.004,0.330,-0.218,0.511
0.194,0.139,0.523,0.341,0.089,0.196,-0.185,0.442
0.075,-0.098,0.316,0.292,-0.164,0.155,-0.331,0.335
0.140,0.047,0.313,0.319,-0.026,0.295,-0.310,0.413
0.407,0.126,0.604,0.464,0.016,0.429,0.053,0.507
0.229,0.300,0.505,0.336,-0.033,0.384,-0.042,0.662
0.228,0.283,0.571,0.402,0.036,0.377,-0.106,0.615
0.572,0.638,0.824,0.705,0.334,0.507,0.075,0.872
0.153,0.127,0.409,0.372,-0.034,0.176,-0.187,0.360
-0.070,-0.246,0.240,0.194,-0.394,-0.001,-0.312,0.250
0.214,0.095,0.367,0.295,-0.218,0.142,-0.219,0.389
-0.156,-0.036,0.187,0.083,-0.322,0.036,-0.498,0.216
-0.301,-0.283,-0.060,0.043,-0.416,-0.134,-0.650,0.102
-0.431,-0.351,-0.204,-0.221,-0.514,-0.357,-0.742,-0.064
-0.400,-0.357,-0.042,-0.308,-0.512,-0.335,-0.891,-0.038
-0.332,-0.330,-0.139,-0.178,-0.620,-0.258,-0.843,-0.053
-0.130,-0.177,0.126,0.097,-0.436,-0.015,-0.624,0.094
-0.037,-0.173,0.148,0.109,-0.313,-0.097,-0.540,0.276
-0.080,-0.061,0.116,0.062,-0.383,-0.002,-0.488,0.194
-0.045,-0.112,0.138,0.086,-0.325,-0.078,-0.503,0.191
0.145,0.078,0.291,0.231,-0.092,0.120,-0.314,0.360
0.020,-0.057,0.334,0.172,-0.143,0.192,-0.380,0.343
0.008,0.020,0.209,0.152,-0.351,0.137,-0.399,0.238
0.100,0.114,0.331,0.172,-0.233,0.141,-0.282,0.289
-0.083,-0.198,0.082,0.136,-0.400,-0.111,-0.516,0.153
0.273,0.186,0.401,0.333,-0.199,0.173,-0.354,0.532
0.054,-0.039,0.458,0.344,-0.107,0.186,-0.297,0.484
-0.050,-0.020,0.319,0.238,-0.248,0.080,-0.291,0.420
-0.089,-0.024,0.217,0.212,-0.189,-0.037,-0.332,0.294
-0.082,-0.011,0.300,0.242,-0.320,-0.008,-0.402,0.178
-0.032,-0.129,0.245,0.247,-0.297,0.024,-0.440,0.170
-0.042,-0.004,0.198,0.231,-0.116,0.099,-0.307,0.296
0.024,0.023,0.299,0.330,-0.032,0.117,-0.268,0.435
0.423,0.334,0.642,0.726,0.410,0.484,-0.084,0.741
0.330,0.317,0.552,0.585,0.077,0.362,-0.086,0.575
0.044,0.011,0.352,0.298,-0.064,0.127,-0.395,0.304
0.256,0.178,0.486,0.418,0.063,0.226,-0.276,0.458
0.088,-0.074,0.318,0.219,-0.210,0.011,-0.497,0.237
0.205,0.162,0.372,0.386,-0.116,0.117,-0.277,0.474
0.169,0.084,0.266,0.353,-0.177,0.075,-0.392,0.356
-0.104,-0.268,0.017,0.044,-0.452,-0.037,-0.541,0.117
0.183,-0.023,0.217,0.166,-0.209,0.218,-0.296,0.358
0.305,0.377,0.486,0.493,0.065,0.486,-0.078,0.640
0.081,-0.002,0.414,0.164,-0.132,0.099,-0.306,0.432
0.095,0.108,0.360,0.386,-0.192,0.212,-0.330,0.428
0.117,0.137,0.324,0.311,-0.145,0.155,-0.188,0.468
0.153,0.053,0.231,0.222,-0.177,0.174,-0.238,0.411
0.223,0.176,0.442,0.472,-0.106,0.371,-0.163,0.469
0.173,0.156,0.351,0.355,-0.113,0.161,-0.420,0.450
0.340,0.404,0.495,0.522,0.089,0.377,-0.122,0.663
0.220,0.359,0.521,0.374,0.089,0.344,-0.071,0.449
0.292,0.358,0.622,0.497,0.144,0.379,-0.028,0.582
0.494,0.416,0.766,0.636,0.221,0.477,0.075,0.815
0.241,0.189,0.615,0.420,0.036,0.274,-0.055,0.600
0.232,0.320,0.646,0.471,0.061,0.430,-0.134,0.604
0.484,0.227,0.641,0.634,0.249,0.429,0.022,0.708
0.494,0.425,0.718,0.602,0.262,0.547,0.236,0.746
0.454,0.294,0.686,0.573,0.117,0.471,0.028,0.720
0.158,0.120,0.380,0.373,-0.131,0.145,-0.253,0.451
0.120,-0.002,0.365,0.285,-0.172,0.121,-0.366,0.408
0.404,0.323,0.637,0.513,0.282,0.472,0.023,0.729
0.131,0.071,0.440,0.390,-0.048,0.197,-0.207,0.407
0.198,0.233,0.385,0.307,-0.186,0.211,-0.194,0.488
0.011,0.026,0.221,0.279,-0.321,0.106,-0.242,0.328
-0.272,-0.294,0.041,-0.096,-0.467,-0.155,-0.663,0.072
-0.299,-0.219,0.134,0.008,-0.378,-0.102,-0.563,0.169
0.104,-0.026,0.335,0.292,-0.277,0.215,-0.293,0.402
-0.173,-0.243,-0.031,-0.054,-0.512,-0.048,-0.666,0.088
-0.068,-0.118,0.199,0.020,-0.180,-0.123,-0.507,0.213
-0.501,-0.619,-0.156,-0.268,-0.633,-0.474,-0.899,-0.147
-0.311,-0.315,-0.153,-0.213,-0.805,-0.382,-0.752,-0.044
-0.309,-0.342,-0.143,-0.100,-0.655,-0.283,-0.843,-0.023
-0.430,-0.461,-0.344,-0.320,-0.548,-0.375,-1.029,-0.159
-0.329,-0.541,-0.300,-0.356,-0.739,-0.386,-0.924,-0.192
-0.358,-0.285,-0.190,-0.198,-0.711,-0.380,-0.718,-0.092
-0.226,-0.331,-0.025,-0.015,-0.462,-0.215,-0.577,0.038
-0.285,-0.300,-0.079,-0.157,-0.520,-0.279,-0.639,-0.059
-0.149,-0.216,0.185,0.097,-0.429,-0.084,-0.557,0.067
-0.282,-0.274,0.002,0.023,-0.667,-0.175,-0.612,0.045
-0.338,-0.281,-0.080,-0.155,-0.502,-0.267,-0.742,-0.017
-0.389,-0.440,-0.137,-0.108,-0.612,-0.319,-0.707,-0.139
-0.639,-0.520,-0.372,-0.354,-0.779,-0.646,-0.955,-0.269
-0.485,-0.566,-0.241,-0.274,-0.673,-0.436,-0.804,-0.181
-0.633,-0.553,-0.241,-0.262,-0.763,-0.516,-0.968,-0.264
-0.094,-0.177,0.148,0.205,-0.399,-0.005,-0.471,0.174
-0.011,-0.016,0.110,0.096,-0.135,0.112,-0.476,0.256
0.139,-0.008,0.300,0.263,-0.123,0.142,-0.299,0.426
-0.196,-0.072,0.151,0.037,-0.358,-0.042,-0.510,0.113
-0.111,-0.210,0.099,0.083,-0.605,-0.137,-0.579,0.104
-0.102,-0.079,0.159,0.316,-0.303,-0.020,-0.435,0.304
-0.068,-0.171,0.001,0.019,-0.335,-0.147,-0.561,0.129
-0.241,-0.242,-0.059,-0.053,-0.326,-0.195,-0.669,0.106
-0.081,-0.118,0.173,0.198,-0.257,0.013,-0.525,0.252
-0.136,-0.058,0.143,0.138,-0.344,-0.086,-0.590,0.148
0.118,-0.013,0.337,0.240,-0.155,0.137,-0.403,0.300
-0.094,-0.042,0.251,0.054,-0.261,0.003,-0.493,0.173
0.285,0.310,0.478,0.406,0.125,0.274,-0.017,0.614
-0.006,-0.110,0.166,0.320,-0.240,0.053,-0.348,0.311
0.050,-0.002,0.205,0.269,-0.224,0.132,-0.249,0.377
0.122,0.110,0.393,0.289,-0.189,0.099,-0.344,0.429
-0.307,-0.336,-0.019,0.005,-0.427,-0.167,-0.621,0.035
-0.165,-0.334,-0.006,-0.092,-0.590,-0.168,-0.653,0.016
-0.331,-0.347,-0.048,-0.075,-0.699,-0.290,-0.728,-0.067
-0.182,-0.244,0.006,0.008,-0.503,-0.179,-0.533,0.073
-0.063,-0.124,0.182,0.122,-0.302,-0.116,-0.475,0.245
-0.187,-0.088,0.295,0.095,-0.242,0.015,-0.411,0.212
-0.506,-0.463,-0.134,-0.243,-0.599,-0.422,-0.866,-0.186
-0.503,-0.509,-0.363,-0.458,-0.762,-0.569,-1.007,-0.222
-0.686,-0.801,-0.612,-0.517,-0.985,-0.664,-1.064,-0.505
-0.592,-0.631,-0.316,-0.164,-0.736,-0.371,-0.931,-0.242
-0.237,-0.259,0.106,0.006,-0.386,-0.115,-0.568,0.079
-0.035,-0.134,0.250,0.133,-0.275,0.038,-0.510,0.392
0.055,0.071,0.241,0.362,-0.190,0.200,-0.318,0.386
0.400,0.465,0.613,0.640,0.135,0.500,-0.023,0.725
0.485,0.499,0.798,0.699,0.275,0.566,0.179,0.808
-0.072,-0.175,0.197,0.093,-0.223,-0.027,-0.408,0.209
-0.037,-0.115,0.154,0.088,-0.227,0.004,-0.516,0.259
-0.170,-0.177,0.127,-0.009,-0.444,-0.113,-0.607,0.122
-0.239,-0.292,-0.141,-0.161,-0.642,-0.151,-0.793,0.032
-0.274,-0.363,-0.161,-0.148,-0.528,-0.210,-0.775,-0.073
-0.511,-0.529,-0.337,-0.366,-0.769,-0.430,-0.894,-0.131
-0.528,-0.615,-0.363,-0.401,-0.803,-0.527,-0.873,-0.292
-0.527,-0.413,-0.238,-0.280,-0.669,-0.377,-0.798,-0.183
-0.158,-0.210,0.087,0.037,-0.433,-0.189,-0.610,0.075
-0.137,-0.124,0.025,0.078,-0.439,-0.097,-0.441,0.213
0.174,0.061,0.349,0.203,-0.079,0.213,-0.264,0.484
0.466,0.284,0.728,0.708,0.239,0.554,0.158,0.788
0.391,0.245,0.603,0.606,0.170,0.455,-0.075,0.650
0.014,-0.178,0.194,0.054,-0.342,0.048,-0.562,0.230
-0.453,-0.367,-0.019,-0.176,-0.557,-0.209,-0.734,-0.037
-0.551,-0.636,-0.195,-0.179,-0.784,-0.303,-0.720,-0.157
-0.477,-0.785,-0.286,-0.313,-0.919,-0.485,-0.989,-0.276
-0.589,-0.560,-0.290,-0.309,-0.895,-0.530,-0.953,-0.275
-0.213,-0.277,-0.043,-0.135,-0.577,-0.178,-0.751,0.072
0.009,0.120,0.299,0.169,-0.134,0.142,-0.313,0.257
0.661,0.702,0.931,0.932,0.344,0.769,0.216,0.954
0.693,0.572,1.040,0.973,0.492,0.799,0.388,1.032
0.624,0.625,0.887,0.803,0.305,0.721,0.269,0.875
0.204,0.097,0.359,0.309,-0.082,0.174,-0.260,0.410
0.153,0.225,0.458,0.326,-0.090,0.190,-0.229,0.438
0.128,-0.025,0.287,0.182,-0.090,0.060,-0.400,0.431
0.222,0.138,0.398,0.283,-0.001,0.273,-0.262,0.520
0.204,0.200,0.496,0.360,0.021,0.263,-0.162,0.595
0.396,0.427,0.622,0.544,0.169,0.548,0.024,0.730
0.287,0.207,0.527,0.568,0.067,0.487,-0.022,0.664
0.116,-0.097,0.329,0.314,-0.060,0.247,-0.283,0.331
0.076,-0.025,0.268,0.235,-0.215,0.072,-0.345,0.311
0.112,-0.101,0.324,0.301,-0.124,0.258,-0.366,0.294
-0.196,-0.166,0.004,-0.043,-0.381,-0.089,-0.632,0.084
-0.440,-0.497,-0.084,-0.303,-0.717,-0.230,-0.672,-0.068
-0.587,-0.576,-0.321,-0.327,-0.674,-0.451,-0.926,-0.240
-0.758,-0.651,-0.511,-0.441,-0.904,-0.532,-1.080,-0.338
-0.545,-0.420,-0.279,-0.309,-0.747,-0.335,-0.913,-0.195
0.032,-0.087,0.165,-0.009,-0.330,0.025,-0.420,0.319
-0.148,-0.086,0.201,0.031,-0.174,-0.062,-0.481,0.172
-0.231,-0.247,0.007,-0.002,-0.324,0.005,-0.498,0.085
-0.306,-0.324,-0.110,-0.035,-0.527,-0.215,-0.710,0.098
-0.204,-0.234,0.079,0.058,-0.370,-0.097,-0.734,0.153
0.168,-0.129,0.190,0.258,-0.246,0.140,-0.466,0.355
0.215,0.383,0.597,0.472,-0.043,0.463,-0.119,0.653
0.474,0.452,0.704,0.508,0.231,0.487,-0.067,0.795
0.069,0.018,0.401,0.279,-0.132,0.165,-0.242,0.448
0.269,0.215,0.506,0.376,0.088,0.372,-0.119,0.689
0.320,0.181,0.655,0.579,0.167,0.512,-0.040,0.703
0.256,0.120,0.502,0.375,0.091,0.386,-0.091,0.507
-0.044,0.035,0.137,0.053,-0.327,0.086,-0.497,0.269
-0.577,-0.640,-0.366,-0.413,-0.812,-0.475,-0.932,-0.324
-0.649,-0.843,-0.473,-0.561,-0.900,-0.722,-0.903,-0.426
-0.608,-0.736,-0.338,-0.472,-0.789,-0.681,-1.022,-0.311
-0.583,-0.535,-0.365,-0.412,-0.796,-0.593,-0.934,-0.282
-0.646,-0.752,-0.430,-0.480,-0.922,-0.615,-1.177,-0.478
-0.952,-0.893,-0.620,-0.771,-1.206,-0.800,-1.435,-0.703
-0.509,-0.579,-0.316,-0.448,-0.897,-0.453,-1.029,-0.348
-0.578,-0.597,-0.379,-0.309,-0.756,-0.472,-0.965,-0.207
-0.623,-0.698,-0.324,-0.336,-0.734,-0.556,-0.971,-0.395
-0.665,-0.757,-0.389,-0.466,-0.827,-0.635,-1.082,-0.423
-0.488,-0.615,-0.278,-0.368,-0.864,-0.448,-0.985,-0.213
-0.493,-0.683,-0.279,-0.288,-0.671,-0.260,-0.757,-0.220
-0.281,-0.352,-0.073,-0.099,-0.475,-0.148,-0.678,0.041
0.048,-0.121,0.288,0.392,-0.108,0.131,-0.311,0.427
-0.048,0.008,0.206,0.221,-0.157,0.174,-0.363,0.382
0.111,0.213,0.481,0.473,-0.088,0.338,-0.162,0.534
0.151,0.105,0.383,0.438,0.037,0.321,-0.215,0.562
0.103,0.006,0.273,0.181,-0.120,0.117,-0.199,0.443
0.055,-0.064,0.232,0.119,-0.225,0.022,-0.399,0.274
0.174,0.180,0.449,0.433,-0.039,0.303,-0.145,0.571
-0.017,-0.090,0.206,0.216,-0.120,0.028,-0.397,0.270
0.087,-0.027,0.159,0.193,-0.253,0.106,-0.332,0.306
-0.205,-0.321,-0.151,-0.071,-0.543,-0.221,-0.679,-0.057
-0.392,-0.414,-0.300,-0.242,-0.717,-0.408,-0.808,-0.252
-0.654,-0.569,-0.234,-0.310,-0.769,-0.495,-1.045,-0.291
-0.391,-0.416,-0.103,-0.226,-0.734,-0.328,-0.833,-0.170
-0.405,-0.366,-0.204,-0.164,-0.770,-0.252,-0.684,-0.134
-0.327,-0.337,-0.079,-0.164,-0.662,-0.261,-0.862,-0.065
-0.464,-0.476,-0.358,-0.228,-0.769,-0.386,-0.913,-0.220
-0.639,-0.703,-0.565,-0.488,-0.940,-0.540,-1.037,-0.379
-0.850,-0.797,-0.644,-0.581,-1.097,-0.797,-1.198,-0.603
-0.659,-0.655,-0.340,-0.366,-0.888,-0.538,-1.097,-0.454
-0.335,-0.409,-0.103,-0.240,-0.670,-0.380,-0.725,-0.087
-0.248,-0.369,-0.079,-0.083,-0.567,-0.165,-0.693,0.010
-0.512,-0.490,-0.252,-0.141,-0.598,-0.373,-0.962,-0.066
-0.288,-0.282,-0.135,-0.090,-0.634,-0.268,-0.597,0.044
-0.452,-0.323,-0.067,-0.163,-0.708,-0.271,-0.768,-0.001
-0.151,-0.197,0.014,0.058,-0.382,-0.092,-0.515,0.214
-0.052,-0.180,0.186,0.197,-0.334,0.025,-0.460,0.280
-0.042,-0.070,0.182,0.170,-0.170,0.015,-0.469,0.236
-0.040,-0.125,0.174,0.101,-0.216,-0.011,-0.260,0.294
-0.014,-0.134,0.188,0.095,-0.283,0.038,-0.451,0.179
-0.197,-0.239,0.092,-0.037,-0.380,-0.260,-0.649,0.090
-0.368,-0.409,-0.171,-0.230,-0.656,-0.197,-0.728,-0.043
-0.400,-0.564,-0.212,-0.275,-0.801,-0.356,-0.809,-0.142
-0.052,-0.135,0.209,0.066,-0.384,0.063,-0.432,0.228
-0.456,-0.528,-0.119,-0.207,-0.765,-0.297,-0.823,-0.148
-0.324,-0.461,-0.095,-0.178,-0.647,-0.298,-0.682,-0.045
-0.260,-0.332,0.065,0.090,-0.389,-0.158,-0.558,0.094
-0.301,-0.365,0.109,-0.004,-0.448,-0.220,-0.731,0.062
-0.166,-0.177,0.031,0.089,-0.325,0.013,-0.546,0.201
-0.360,-0.294,-0.151,-0.078,-0.534,-0.216,-0.683,-0.014
-0.286,-0.159,-0.103,-0.137,-0.566,-0.198,-0.606,0.006
-0.021,-0.130,0.217,0.069,-0.306,-0.063,-0.354,0.226
-0.276,-0.179,0.048,0.001,-0.363,-0.092,-0.647,0.135
-0.258,-0.446,-0.108,-0.075,-0.623,-0.208,-0.718,-0.021
-0.221,-0.433,-0.101,-0.259,-0.612,-0.224,-0.688,-0.021
-0.357,-0.524,-0.221,-0.218,-0.604,-0.440,-0.847,-0.163
-0.218,-0.285,-0.048,-0.114,-0.336,-0.346,-0.559,0.022
-0.229,-0.141,0.091,-0.008,-0.458,-0.067,-0.540,0.148
-0.133,-0.118,0.132,0.214,-0.439,-0.042,-0.441,0.061
0.089,0.025,0.319,0.343,-0.199,0.225,-0.275,0.402
-0.281,-0.433,-0.060,0.062,-0.661,-0.292,-0.773,0.039
-0.330,-0.484,-0.193,-0.207,-0.704,-0.444,-0.925,-0.070
0.001,-0.134,0.147,0.125,-0.307,-0.011,-0.489,0.305
-0.003,-0.201,0.195,0.125,-0.268,0.032,-0.441,0.329
-0.024,-0.047,0.127,0.154,-0.320,0.130,-0.592,0.285
-0.108,-0.235,0.058,0.054,-0.379,-0.052,-0.577,0.160
-0.214,-0.157,-0.056,-0.009,-0.384,-0.126,-0.733,0.069
-0.029,-0.160,0.068,0.078,-0.344,-0.028,-0.612,0.126
-0.263,-0.268,0.048,-0.006,-0.419,-0.057,-0.582,0.088
-0.225,-0.377,0.056,-0.023,-0.371,-0.079,-0.582,0.104
-0.182,-0.412,0.004,0.006,-0.588,-0.210,-0.763,-0.031
-0.076,-0.248,0.015,0.005,-0.339,-0.182,-0.710,0.109
-0.068,-0.228,0.080,0.064,-0.319,-0.030,-0.548,0.132
0.055,-0.072,0.247,0.258,-0.306,0.136,-0.460,0.319
0.026,-0.000,0.288,0.162,-0.275,0.125,-0.334,0.327
0.429,0.348,0.702,0.476,0.150,0.458,-0.001,0.618
0.048,-0.009,0.340,0.179,-0.246,0.021,-0.329,0.244
-0.018,-0.184,0.329,0.198,-0.231,0.212,-0.474,0.290
-0.008,0.118,0.476,0.245,-0.056,0.176,-0.309,0.387
-0.474,-0.397,-0.193,-0.209,-0.679,-0.321,-0.797,-0.050
-0.262,-0.208,-0.011,-0.032,-0.483,-0.141,-0.619,0.019
-0.026,-0.091,0.273,0.076,-0.257,0.141,-0.319,0.199
-0.280,-0.363,0.077,-0.078,-0.469,-0.219,-0.495,0.047
-0.175,-0.238,0.054,-0.088,-0.339,-0.115,-0.449,0.247
0.141,0.145,0.358,0.175,-0.064,0.151,-0.268,0.487
0.173,0.169,0.330,0.295,-0.132,0.189,-0.278,0.455
0.275,0.191,0.503,0.486,-0.067,0.436,-0.092,0.556
0.343,0.347,0.716,0.615,0.220,0.405,0.007,0.622
0.436,0.278,0.605,0.574,0.275,0.355,-0.060,0.687
0.354,0.297,0.539,0.547,0.037,0.330,0.039,0.651
0.378,0.301,0.547,0.481,0.051,0.333,-0.145,0.588
0.253,0.312,0.532,0.520,0.102,0.497,0.024,0.649
0.240,0.198,0.580,0.516,0.035,0.314,-0.012,0.568
0.520,0.376,0.798,0.628,0.070,0.510,0.128,0.795
-0.026,0.096,0.349,0.254,-0.196,0.142,-0.258,0.458
0.091,0.111,0.400,0.394,-0.053,0.349,-0.242,0.439
0.043,0.035,0.323,0.213,-0.164,0.135,-0.464,0.323
0.118,0.091,0.491,0.444,0.016,0.314,-0.309,0.469
0.081,0.032,0.403,0.214,-0.086,0.183,-0.246,0.410
0.100,0.076,0.407,0.319,-0.059,0.132,-0.337,0.434
-0.021,0.040,0.296,0.082,-0.112,0.040,-0.400,0.325
-0.230,-0.275,0.026,-0.089,-0.437,-0.027,-0.690,0.046
0.134,0.086,0.313,0.290,-0.142,0.233,-0.218,0.329
0.263,0.236,0.433,0.484,-0.145,0.352,-0.099,0.436
-0.104,-0.091,0.142,0.193,-0.300,-0.048,-0.476,0.050
-0.339,-0.306,-0.129,-0.193,-0.557,-0.288,-0.643,-0.036
-0.456,-0.407,-0.199,-0.352,-0.763,-0.462,-0.836,-0.165
-0.510,-0.640,-0.423,-0.427,-0.804,-0.535,-1.048,-0.290
-0.655,-0.790,-0.603,-0.553,-0.889,-0.666,-1.061,-0.498
-0.425,-0.285,-0.062,-0.118,-0.484,-0.287,-0.685,-0.147
-0.310,-0.515,-0.122,-0.081,-0.553,-0.390,-0.875,-0.151
-0.425,-0.478,-0.310,-0.186,-0.661,-0.385,-0.774,-0.087
-0.225,-0.234,-0.015,-0.022,-0.514,-0.204,-0.633,0.154
-0.127,-0.117,0.150,0.136,-0.352,0.131,-0.438,0.189
-0.359,-0.246,0.033,-0.011,-0.399,-0.196,-0.594,0.062
-0.371,-0.397,-0.121,-0.194,-0.565,-0.225,-0.721,-0.061
-0.167,-0.362,0.002,-0.108,-0.508,-0.078,-0.653,0.070
-0.422,-0.475,-0.243,-0.406,-0.712,-0.465,-1.003,-0.198
-0.481,-0.502,-0.108,-0.115,-0.540,-0.245,-0.819,-0.049
-0.062,-0.171,0.252,0.164,-0.312,-0.033,-0.430,0.264
-0.111,-0.007,0.240,0.061,-0.131,0.002,-0.354,0.312
-0.277,-0.288,-0.049,-0.017,-0.467,-0.263,-0.578,0.080
-0.352,-0.281,-0.126,-0.160,-0.619,-0.395,-0.753,-0.090
-0.455,-0.585,-0.209,-0.314,-0.720,-0.475,-0.823,-0.193
-0.303,-0.418,-0.132,-0.156,-0.571,-0.263,-0.792,-0.022
-0.315,-0.281,-0.072,-0.055,-0.427,-0.205,-0.639,0.079
-0.208,-0.199,0.023,-0.053,-0.296,-0.165,-0.626,0.111
-0.053,-0.193,0.133,-0.077,-0.439,-0.097,-0.574,0.176
-0.199,-0.126,0.089,-0.000,-0.371,-0.143,-0.446,0.181
-0.205,-0.238,0.076,-0.053,-0.404,-0.053,-0.533,0.223
-0.239,-0.432,0.015,-0.103,-0.508,-0.113,-0.591,0.067
-0.429,-0.398,0.021,-0.114,-0.490,-0.163,-0.579,0.019
-0.157,-0.251,0.136,0.111,-0.292,-0.094,-0.686,0.195
0.213,0.045,0.567,0.372,-0.238,0.318,-0.242,0.475
-0.139,-0.259,0.105,0.069,-0.403,-0.007,-0.605,0.243
-0.370,-0.433,-0.067,-0.152,-0.716,-0.377,-0.773,-0.023
-0.181,-0.362,-0.006,-0.061,-0.590,-0.097,-0.552,0.033
-0.142,0.020,0.240,0.172,-0.364,0.097,-0.445,0.316
-0.057,-0.118,0.177,0.157,-0.367,-0.042,-0.485,0.144
-0.158,-0.167,0.030,0.124,-0.399,-0.098,-0.514,0.034
-0.585,-0.540,-0.240,-0.424,-0.900,-0.549,-0.941,-0.239
-0.616,-0.615,-0.376,-0.476,-0.830,-0.495,-0.882,-0.206
-1.045,-1.064,-0.770,-0.857,-1.207,-0.978,-1.272,-0.778
-0.871,-0.874,-0.605,-0.656,-0.984,-0.700,-1.271,-0.496
-0.733,-0.717,-0.441,-0.474,-0.920,-0.636,-1.002,-0.499
-0.624,-0.684,-0.409,-0.419,-0.804,-0.587,-1.131,-0.354
-0.384,-0.445,-0.277,-0.286,-0.654,-0.444,-1.007,-0.199
-0.786,-0.954,-0.560,-0.631,-0.906,-0.747,-1.207,-0.536
-0.941,-0.971,-0.577,-0.733,-1.068,-0.903,-1.242,-0.614
-0.716,-0.774,-0.283,-0.468,-0.928,-0.715,-0.927,-0.283
-0.592,-0.590,-0.350,-0.304,-0.814,-0.575,-0.934,-0.321
-0.700,-0.715,-0.465,-0.543,-0.931,-0.698,-1.135,-0.410
-0.462,-0.403,-0.233,-0.414,-0.749,-0.495,-0.951,-0.093
-0.349,-0.610,-0.182,-0.222,-0.740,-0.372,-0.810,-0.136
-0.386,-0.522,-0.117,-0.228,-0.703,-0.433,-0.870,-0.102
-0.492,-0.502,-0.150,-0.260,-0.743,-0.481,-0.734,-0.095
-0.134,-0.288,0.035,-0.085,-0.516,-0.232,-0.617,0.101
-0.324,-0.420,-0.206,-0.145,-0.604,-0.308,-0.796,-0.070
-0.215,-0.259,-0.082,-0.097,-0.478,-0.161,-0.799,0.084
-0.186,-0.273,-0.064,-0.067,-0.628,-0.223,-0.586,-0.083
-0.056,0.006,0.139,0.074,-0.293,-0.062,-0.605,0.083
-0.033,-0.076,0.060,0.130,-0.277,0.014,-0.433,0.100
0.102,0.068,0.341,0.344,-0.186,0.104,-0.331,0.269
0.085,0.123,0.376,0.289,-0.212,0.277,-0.245,0.448
0.216,0.165,0.539,0.482,-0.061,0.235,-0.142,0.481
0.176,0.215,0.349,0.321,-0.072,0.262,-0.267,0.420
0.248,0.364,0.606,0.525,-0.043,0.257,-0.163,0.657
0.106,0.255,0.492,0.470,-0.012,0.235,-0.168,0.512
0.188,0.196,0.484,0.446,-0.063,0.329,-0.185,0.546
0.127,0.121,0.330,0.219,-0.303,0.008,-0.422,0.439
-0.107,-0.315,0.116,0.023,-0.508,-0.101,-0.655,0.118
-0.154,-0.223,0.084,0.096,-0.311,-0.086,-0.604,0.171
-0.113,-0.157,0.214,0.120,-0.271,0.077,-0.642,0.184
-0.179,-0.423,-0.009,-0.065,-0.423,-0.106,-0.587,0.077
-0.100,-0.266,0.027,-0.061,-0.440,-0.154,-0.690,0.069
-0.591,-0.633,-0.398,-0.465,-0.818,-0.646,-1.033,-0.379
-0.274,-0.348,-0.070,-0.095,-0.618,-0.329,-0.757,-0.034
-0.387,-0.271,-0.079,-0.023,-0.539,-0.327,-0.827,0.055
-0.421,-0.310,-0.194,-0.133,-0.520,-0.211,-0.632,0.057
-0.345,-0.425,-0.092,-0.127,-0.474,-0.262,-0.734,-0.012
-0.533,-0.801,-0.473,-0.448,-0.893,-0.598,-1.124,-0.346
-0.794,-0.807,-0.441,-0.494,-0.967,-0.685,-1.158,-0.372
-0.591,-0.687,-0.287,-0.404,-0.833,-0.629,-1.100,-0.289
-0.279,-0.303,0.097,-0.013,-0.522,-0.228,-0.734,0.056
-0.277,-0.153,0.028,0.001,-0.452,-0.147,-0.615,0.076
-0.016,-0.221,0.126,0.025,-0.364,-0.007,-0.443,0.223
-0.103,-0.180,0.115,0.088,-0.275,0.003,-0.519,0.210
-0.148,-0.264,0.066,0.081,-0.351,-0.084,-0.552,0.115
-0.076,-0.271,-0.004,0.066,-0.406,-0.065,-0.696,0.092
-0.242,-0.425,-0.005,-0.106,-0.415,-0.159,-0.682,0.049
-0.112,-0.272,0.023,-0.015,-0.439,-0.127,-0.657,0.085
-0.004,-0.088,0.244,0.110,-0.187,0.038,-0.456,0.300
-0.173,-0.253,-0.046,-0.114,-0.463,-0.184,-0.681,0.018
-0.519,-0.550,-0.230,-0.292,-0.583,-0.360,-0.861,-0.249
-0.232,-0.228,0.106,0.027,-0.450,-0.062,-0.665,0.059
-0.155,-0.132,0.143,0.122,-0.468,-0.027,-0.549,0.225
-0.221,-0.324,-0.108,-0.063,-0.528,-0.228,-0.754,-0.085
-0.386,-0.445,-0.201,-0.179,-0.576,-0.269,-0.913,-0.171
-0.247,-0.485,-0.191,-0.157,-0.564,-0.275,-0.779,-0.029
-0.181,-0.381,-0.057,-0.034,-0.523,-0.168,-0.706,0.076
-0.284,-0.411,-0.076,-0.067,-0.584,-0.298,-0.806,0.005
-0.112,-0.168,0.174,0.118,-0.326,-0.031,-0.478,0.178
-0.099,-0.050,0.128,0.118,-0.340,-0.018,-0.581,0.196
-0.173,-0.067,0.008,-0.104,-0.441,-0.071,-0.587,0.165
-0.163,-0.185,0.090,0.019,-0.421,-0.052,-0.490,0.152
0.184,0.199,0.409,0.385,-0.009,0.146,-0.243,0.509
0.147,0.126,0.321,0.291,-0.133,0.120,-0.318,0.539
0.109,-0.003,0.272,0.315,-0.131,0.040,-0.358,0.338
0.145,0.165,0.352,0.374,0.016,0.332,-0.271,0.500
0.111,-0.046,0.299,0.327,-0.164,0.141,-0.337,0.353
0.033,-0.010,0.285,0.151,-0.227,0.133,-0.220,0.322
0.120,0.070,0.274,0.294,-0.307,0.164,-0.291,0.402
-0.266,-0.375,-0.042,0.022,-0.459,-0.138,-0.598,-0.002
-0.142,-0.198,0.025,-0.021,-0.452,-0.145,-0.521,0.117
-0.336,-0.389,-0.034,-0.137,-0.443,-0.254,-0.680,-0.049
-0.205,-0.405,-0.085,-0.233,-0.571,-0.243,-0.665,0.028
-0.389,-0.343,-0.114,-0.220,-0.688,-0.346,-0.726,-0.039
-0.100,-0.261,0.018,-0.148,-0.441,-0.141,-0.642,0.113
0.044,0.007,0.246,0.222,-0.334,0.172,-0.311,0.323
0.170,0.253,0.627,0.534,0.163,0.455,-0.097,0.687
0.511,0.567,0.795,0.824,0.293,0.584,0.120,0.780
0.264,0.169,0.471,0.398,-0.016,0.197,-0.329,0.550
0.238,0.236,0.449,0.325,-0.033,0.249,-0.189,0.518
-0.009,0.016,0.086,0.150,-0.366,0.180,-0.385,0.250
0.274,0.244,0.487,0.500,0.072,0.270,-0.206,0.595
0.172,0.085,0.292,0.341,-0.169,0.211,-0.423,0.419
0.084,-0.122,0.296,0.197,-0.236,0.190,-0.443,0.262
0.039,-0.122,0.171,0.184,-0.314,-0.004,-0.481,0.147
0.134,0.050,0.363,0.283,-0.135,0.236,-0.250,0.492
0.035,-0.047,0.396,0.244,-0.289,0.157,-0.313,0.424
-0.045,0.099,0.408,0.224,-0.237,0.149,-0.278,0.426
0.086,-0.062,0.252,0.204,-0.486,0.055,-0.327,0.317
-0.079,-0.109,0.138,0.021,-0.416,-0.047,-0.447,0.096
0.095,0.033,0.370,0.346,-0.250,0.175,-0.314,0.426
0.108,-0.030,0.299,0.221,-0.139,0.080,-0.403,0.411
-0.058,-0.157,0.137,0.168,-0.318,-0.039,-0.603,0.144
-0.156,-0.189,0.091,0.072,-0.434,-0.107,-0.473,0.210
0.064,0.208,0.427,0.329,-0.130,0.173,-0.172,0.486
0.037,0.000,0.385,0.296,-0.119,0.258,-0.323,0.396
0.033,-0.051,0.348,0.252,-0.045,0.040,-0.298,0.400
-0.060,-0.044,0.215,0.124,-0.140,-0.050,-0.431,0.316
0.001,-0.215,0.126,0.074,-0.348,0.116,-0.557,0.301
0.011,0.082,0.246,0.183,-0.278,0.036,-0.476,0.370
-0.071,-0.151,0.206,0.130,-0.278,0.070,-0.619,0.197
0.136,0.014,0.267,0.297,-0.079,0.147,-0.553,0.320
-0.004,-0.035,0.126,0.140,-0.356,-0.027,-0.505,0.238
-0.271,-0.369,-0.147,-0.094,-0.544,-0.242,-0.646,0.017
-0.396,-0.453,-0.183,-0.171,-0.587,-0.283,-0.737,-0.108
-0.433,-0.507,-0.064,-0.241,-0.551,-0.375,-0.869,-0.001
-0.379,-0.520,-0.182,-0.280,-0.628,-0.241,-0.769,-0.067
-0.052,-0.070,0.176,0.071,-0.246,-0.009,-0.454,0.136
0.232,0.134,0.324,0.380,-0.055,0.208,-0.071,0.331
0.210,0.073,0.384,0.379,-0.057,0.296,-0.222,0.542
0.443,0.406,0.782,0.636,0.185,0.587,0.186,0.804
0.446,0.315,0.667,0.586,0.114,0.569,0.004,0.724
0.405,0.474,0.681,0.650,0.196,0.488,0.055,0.736
0.431,0.483,0.726,0.560,0.323,0.467,-0.028,0.689
0.379,0.243,0.575,0.504,0.221,0.342,-0.154,0.656
0.125,0.093,0.394,0.327,-0.055,0.316,-0.134,0.488
0.657,0.669,0.940,0.894,0.542,0.863,0.359,1.060
0.415,0.359,0.665,0.657,0.172,0.496,0.005,0.748
0.005,-0.174,0.287,0.162,-0.291,-0.075,-0.519,0.293
-0.197,-0.140,0.128,0.024,-0.372,-0.146,-0.705,0.191
-0.268,-0.336,-0.109,-0.060,-0.580,-0.221,-0.733,0.000
-0.414,-0.426,-0.224,-0.169,-0.513,-0.281,-0.837,-0.113
-0.174,-0.373,0.096,0.012,-0.451,-0.156,-0.815,0.082
-0.064,-0.249,0.171,0.101,-0.277,-0.072,-0.522,0.172
-0.318,-0.347,-0.024,-0.132,-0.563,-0.214,-0.688,0.030
-0.351,-0.296,-0.047,-0.160,-0.567,-0.291,-0.709,-0.069
-0.127,-0.062,0.233,0.148,-0.311,0.020,-0.411,0.244
-0.370,-0.309,-0.065,-0.138,-0.523,-0.424,-0.783,-0.025
-0.266,-0.315,-0.219,-0.215,-0.493,-0.345,-0.714,-0.042
-0.378,-0.382,-0.312,-0.274,-0.754,-0.419,-0.743,-0.152
-0.313,-0.544,-0.210,-0.287,-0.742,-0.451,-0.862,-0.231
-0.698,-0.563,-0.465,-0.436,-0.854,-0.580,-0.947,-0.286
-0.424,-0.435,-0.084,-0.296,-0.527,-0.216,-0.705,-0.090
-0.184,-0.240,0.176,0.077,-0.389,-0.001,-0.473,0.116
0.140,0.017,0.389,0.396,0.018,0.289,-0.259,0.373
0.035,0.055,0.347,0.167,-0.235,0.070,-0.339,0.381
0.273,0.180,0.559,0.504,0.051,0.367,-0.117,0.512
0.389,0.383,0.711,0.563,0.070,0.566,0.045,0.671
0.179,0.229,0.430,0.293,-0.033,0.263,-0.159,0.584
0.479,0.371,0.594,0.594,0.116,0.439,0.034,0.566
0.283,0.111,0.601,0.563,0.115,0.397,0.005,0.632
0.212,0.336,0.512,0.446,0.051,0.336,-0.205,0.638
0.163,0.075,0.413,0.311,-0.046,0.183,-0.368,0.445
0.023,-0.150,0.325,0.217,-0.267,0.114,-0.329,0.281
-0.027,-0.108,0.317,0.118,-0.248,0.141,-0.400,0.316
-0.054,0.002,0.166,0.186,-0.234,0.085,-0.379,0.228
0.115,0.231,0.337,0.366,-0.118,0.257,-0.218,0.410
0.087,0.157,0.377,0.359,-0.061,0.269,-0.311,0.441
0.019,-0.118,0.203,0.220,-0.192,0.167,-0.419,0.260
0.044,-0.026,0.292,0.276,-0.232,0.157,-0.362,0.333
0.038,-0.112,0.244,0.192,-0.092,0.105,-0.393,0.314
0.286,0.239,0.467,0.414,0.077,0.347,-0.200,0.573
0.155,0.195,0.448,0.368,0.048,0.296,-0.273,0.547
0.397,0.277,0.606,0.514,0.005,0.402,-0.014,0.618
0.450,0.481,0.748,0.759,0.279,0.643,0.140,0.869
0.496,0.511,0.664,0.703,0.112,0.642,0.177,0.810
0.278,0.208,0.463,0.442,0.018,0.395,-0.305,0.620
0.331,0.307,0.615,0.498,-0.088,0.410,-0.152,0.591
0.204,-0.003,0.306,0.209,-0.234,0.019,-0.323,0.352
0.078,-0.065,0.299,0.340,-0.289,0.215,-0.336,0.392
0.098,0.119,0.333,0.253,-0.076,0.185,-0.220,0.458
0.075,0.093,0.251,0.199,-0.248,0.120,-0.298,0.429
-0.014,-0.045,0.202,0.170,-0.110,0.241,-0.442,0.373
-0.453,-0.440,-0.185,-0.201,-0.757,-0.393,-0.762,0.017
-0.569,-0.643,-0.308,-0.381,-0.845,-0.514,-0.853,-0.219
0.024,-0.087,0.141,0.153,-0.262,-0.032,-0.521,0.205
-0.113,-0.217,0.044,-0.012,-0.376,-0.067,-0.469,0.139
0.018,-0.077,0.132,0.197,-0.189,0.143,-0.379,0.135
-0.124,-0.088,0.074,0.034,-0.460,-0.065,-0.684,0.114
-0.256,-0.294,-0.034,-0.046,-0.392,-0.174,-0.677,0.135
-0.297,-0.395,-0.093,-0.078,-0.494,-0.207,-0.696,0.035
-0.007,-0.104,0.282,0.215,-0.361,0.080,-0.338,0.399
-0.063,-0.132,0.160,0.072,-0.423,-0.082,-0.501,0.184
-0.142,-0.339,0.058,0.017,-0.403,-0.083,-0.561,0.214
-0.368,-0.429,-0.136,-0.101,-0.593,-0.309,-0.598,-0.065
-0.436,-0.432,-0.250,-0.215,-0.691,-0.446,-0.773,-0.190
-0.327,-0.363,-0.162,-0.154,-0.565,-0.162,-0.695,-0.013
-0.075,-0.235,0.123,0.122,-0.244,-0.018,-0.389,0.147
-0.006,-0.032,0.156,0.103,-0.283,0.128,-0.353,0.153
0.118,-0.041,0.281,0.099,-0.213,-0.002,-0.363,0.265
0.313,0.211,0.605,0.549,0.043,0.288,-0.078,0.657
0.073,0.031,0.405,0.271,-0.181,0.253,-0.336,0.340
0.149,0.009,0.455,0.316,-0.133,0.254,-0.165,0.406
0.469,0.319,0.678,0.566,0.064,0.507,0.096,0.667
0.694,0.667,0.981,1.019,0.566,0.852,0.229,0.971
0.675,0.606,0.948,0.970,0.434,0.704,0.154,0.983
0.495,0.484,0.818,0.811,0.371,0.609,0.188,0.856
0.672,0.489,0.864,0.725,0.366,0.603,0.248,0.920
0.603,0.490,0.812,0.750,0.356,0.631,0.296,0.890
0.305,0.158,0.529,0.345,-0.052,0.366,-0.097,0.563
0.414,0.306,0.556,0.471,0.058,0.426,-0.169,0.605
0.426,0.322,0.661,0.573,0.049,0.437,0.013,0.561
0.518,0.459,0.783,0.617,0.268,0.454,0.138,0.713
0.481,0.579,0.677,0.640,0.187,0.600,0.028,0.803
0.236,0.403,0.520,0.510,0.162,0.475,-0.136,0.733
-0.021,-0.154,0.106,0.113,-0.339,0.014,-0.519,0.199
0.019,-0.249,0.052,0.147,-0.385,-0.025,-0.566,0.108
-0.328,-0.319,-0.140,-0.147,-0.628,-0.303,-0.796,-0.072
-0.304,-0.164,0.035,0.000,-0.367,-0.045,-0.635,0.158
-0.506,-0.469,-0.128,-0.327,-0.583,-0.282,-0.832,-0.003
-0.257,-0.326,0.048,-0.142,-0.449,-0.221,-0.694,-0.104
0.083,-0.116,0.278,0.230,-0.310,-0.084,-0.478,0.238
0.049,-0.039,0.245,0.217,-0.186,0.094,-0.358,0.357
-0.133,-0.258,0.066,0.123,-0.320,-0.015,-0.398,0.092
0.152,-0.017,0.319,0.334,-0.220,0.110,-0.286,0.360
0.306,0.266,0.514,0.481,0.030,0.354,-0.134,0.623
0.470,0.443,0.726,0.598,0.295,0.539,0.062,0.861
0.175,0.217,0.487,0.428,0.023,0.380,0.091,0.552
0.301,0.346,0.611,0.626,0.201,0.436,0.017,0.681
0.598,0.502,0.769,0.779,0.425,0.643,0.218,0.962
0.397,0.257,0.592,0.569,0.090,0.486,0.074,0.738
0.434,0.384,0.587,0.680,0.010,0.449,-0.060,0.697
0.542,0.551,0.854,0.886,0.388,0.622,0.264,0.902
0.605,0.442,0.761,0.808,0.250,0.696,0.229,0.835
0.374,0.352,0.652,0.586,0.030,0.386,-0.038,0.618
0.014,-0.026,0.365,0.211,-0.220,0.064,-0.274,0.278
-0.077,-0.116,0.206,0.133,-0.306,-0.006,-0.412,0.282
-0.179,-0.340,0.071,-0.089,-0.587,-0.164,-0.641,0.045
-0.407,-0.405,-0.144,-0.134,-0.511,-0.348,-0.695,-0.123
-0.300,-0.218,-0.054,-0.086,-0.486,-0.246,-0.619,0.010
-0.133,-0.402,0.023,-0.004,-0.490,-0.208,-0.555,0.091
-0.189,-0.178,0.052,0.008,-0.381,-0.083,-0.612,0.152
-0.063,-0.105,0.164,0.162,-0.361,0.018,-0.382,0.173
0.048,0.016,0.286,0.189,-0.221,0.200,-0.346,0.332
-0.040,-0.033,0.366,0.259,-0.181,0.225,-0.258,0.368
0.114,0.091,0.303,0.190,-0.022,0.142,-0.247,0.432
0.037,-0.119,0.179,0.115,-0.223,0.112,-0.529,0.319
-0.175,-0.136,0.084,0.145,-0.394,-0.082,-0.439,0.155
-0.250,-0.159,-0.053,-0.010,-0.389,-0.205,-0.656,0.061
-0.270,-0.314,-0.117,-0.138,-0.677,-0.246,-0.724,-0.050
-0.377,-0.363,-0.008,-0.037,-0.408,-0.227,-0.692,-0.025
-0.301,-0.335,-0.172,-0.208,-0.532,-0.274,-0.720,-0.039
-0.541,-0.647,-0.411,-0.453,-0.683,-0.433,-0.876,-0.204
-0.637,-0.729,-0.396,-0.479,-0.823,-0.615,-1.119,-0.428
-0.655,-0.877,-0.445,-0.525,-0.937,-0.600,-0.978,-0.469
-0.546,-0.627,-0.239,-0.290,-0.837,-0.427,-0.986,-0.215
-0.485,-0.551,-0.210,-0.335,-0.740,-0.427,-0.951,-0.158
-0.642,-0.860,-0.490,-0.498,-0.921,-0.638,-1.151,-0.330
-0.695,-0.688,-0.310,-0.339,-0.827,-0.591,-1.106,-0.253
-0.688,-0.641,-0.528,-0.387,-0.950,-0.589,-0.914,-0.424
-0.621,-0.471,-0.357,-0.354,-0.711,-0.445,-0.927,-0.338
-0.580,-0.503,-0.237,-0.273,-0.813,-0.322,-0.862,-0.139
-0.398,-0.357,-0.226,-0.229,-0.704,-0.367,-0.808,-0.119
0.000,-0.060,0.229,0.157,-0.187,-0.027,-0.522,0.226
0.006,-0.137,0.234,0.072,-0.295,-0.040,-0.444,0.260
-0.020,-0.092,0.179,0.076,-0.355,-0.082,-0.481,0.182
-0.181,-0.206,0.030,0.006,-0.451,-0.124,-0.574,0.127
-0.019,-0.107,0.207,0.182,-0.290,-0.070,-0.438,0.184
0.005,-0.103,0.205,0.159,-0.322,-0.018,-0.564,0.240
0.190,0.160,0.409,0.302,-0.073,0.299,-0.286,0.323
0.116,0.139,0.353,0.245,-0.170,0.145,-0.411,0.311
0.138,0.112,0.440,0.450,-0.117,0.212,-0.343,0.448
0.204,0.096,0.434,0.334,-0.033,0.312,-0.274,0.583
0.090,0.006,0.269,0.287,-0.202,0.220,-0.284,0.419
0.012,0.100,0.168,0.123,-0.211,0.009,-0.425,0.297
-0.282,-0.261,-0.009,-0.063,-0.476,-0.196,-0.665,0.027
-0.152,-0.101,0.183,0.160,-0.295,0.018,-0.558,0.195
-0.285,-0.343,0.022,-0.031,-0.441,-0.147,-0.772,-0.048
-0.321,-0.274,-0.041,-0.126,-0.522,-0.211,-0.667,-0.010
-0.067,0.019,0.231,0.237,-0.296,0.036,-0.394,0.284
-0.076,-0.097,0.125,0.156,-0.286,0.048,-0.538,0.206
-0.104,0.072,0.100,0.074,-0.302,-0.027,-0.602,0.228
-0.170,-0.128,0.071,0.150,-0.306,-0.057,-0.653,0.245
-0.266,-0.383,0.042,-0.009,-0.528,-0.136,-0.650,0.124
-0.206,-0.195,0.126,0.044,-0.397,0.023,-0.524,0.273
-0.195,-0.341,-0.049,-0.036,-0.562,-0.131,-0.718,-0.014
-0.096,-0.146,0.125,-0.059,-0.457,-0.163,-0.621,0.112
-0.274,-0.411,-0.012,-0.256,-0.539,-0.266,-0.695,-0.071
-0.070,-0.225,0.098,0.074,-0.347,-0.036,-0.554,0.153
-0.306,-0.558,-0.179,-0.213,-0.561,-0.281,-0.633,-0.026
-0.425,-0.448,-0.073,-0.221,-0.674,-0.302,-0.996,-0.089
-0.358,-0.430,-0.074,-0.087,-0.529,-0.365,-0.795,-0.001
-0.336,-0.401,-0.197,-0.201,-0.645,-0.359,-0.731,0.011
-0.092,-0.103,0.110,0.126,-0.317,0.012,-0.503,0.199
-0.301,-0.406,-0.115,-0.118,-0.527,-0.236,-0.714,-0.103
-0.324,-0.325,-0.078,-0.095,-0.552,-0.283,-0.630,0.041
0.008,-0.008,0.219,0.145,-0.127,0.119,-0.312,0.296
0.321,0.174,0.516,0.569,0.058,0.394,-0.090,0.627
0.210,0.157,0.400,0.453,-0.100,0.323,-0.250,0.447
-0.020,-0.186,0.151,0.096,-0.301,0.055,-0.518,0.304
0.174,0.003,0.427,0.316,0.014,0.207,-0.373,0.450
-0.108,-0.071,0.211,0.330,-0.266,-0.017,-0.465,0.289
-0.254,-0.170,-0.043,0.033,-0.359,-0.095,-0.663,0.129
-0.185,-0.069,0.125,0.073,-0.317,-0.142,-0.573,0.184
-0.126,-0.162,0.155,0.116,-0.337,-0.077,-0.542,0.165
-0.202,-0.307,-0.067,-0.132,-0.605,-0.216,-0.665,-0.000
-0.654,-0.671,-0.425,-0.445,-0.978,-0.547,-1.095,-0.355
-0.199,-0.327,-0.118,-0.221,-0.642,-0.211,-0.824,-0.078
-0.004,-0.002,0.219,0.228,-0.364,0.057,-0.339,0.260
-0.318,-0.300,-0.038,-0.105,-0.684,-0.193,-0.558,0.033
-0.613,-0.554,-0.376,-0.290,-0.805,-0.583,-0.861,-0.188
-0.304,-0.185,-0.025,-0.065,-0.407,-0.277,-0.554,0.033
-0.554,-0.647,-0.389,-0.416,-0.808,-0.609,-0.949,-0.196
-0.638,-0.648,-0.439,-0.279,-0.793,-0.504,-1.005,-0.296
-0.119,-0.238,-0.024,-0.044,-0.464,-0.203,-0.545,0.143
0.076,-0.010,0.243,0.297,-0.241,0.097,-0.306,0.303
-0.057,0.056,0.224,0.136,-0.317,0.055,-0.472,0.255
-0.063,0.097,0.296,0.130,-0.145,0.119,-0.516,0.330
-0.169,-0.176,0.150,-0.090,-0.388,-0.039,-0.605,0.140
-0.008,-0.221,0.231,0.136,-0.216,0.069,-0.457,0.339
-0.041,-0.253,0.150,0.114,-0.214,-0.015,-0.416,0.161
-0.382,-0.307,-0.081,-0.003,-0.545,-0.293,-0.636,-0.032
-0.343,-0.389,-0.071,-0.070,-0.542,-0.305,-0.665,-0.036
-0.093,0.009,0.189,0.185,-0.122,0.071,-0.393,0.363
0.130,0.219,0.494,0.359,-0.093,0.272,-0.187,0.436
0.512,0.494,0.799,0.643,0.283,0.633,0.065,0.844
0.271,0.259,0.537,0.524,0.140,0.465,-0.110,0.730
0.452,0.384,0.678,0.801,0.209,0.509,-0.048,0.761
0.262,0.193,0.517,0.401,-0.121,0.265,-0.307,0.527
0.374,0.281,0.602,0.528,-0.052,0.356,-0.055,0.587
0.320,0.229,0.505,0.445,-0.057,0.230,-0.093,0.609
0.331,0.234,0.466,0.465,-0.066,0.333,-0.009,0.560
0.319,0.289,0.565,0.560,0.133,0.461,0.057,0.613
0.095,0.084,0.472,0.419,-0.076,0.313,-0.248,0.559
0.335,0.317,0.569,0.638,0.121,0.521,-0.155,0.784
0.051,-0.002,0.243,0.215,-0.254,0.220,-0.319,0.444
0.147,0.044,0.373,0.413,0.028,0.270,-0.140,0.509
-0.182,-0.192,0.045,0.061,-0.229,-0.097,-0.440,0.143
-0.158,-0.243,0.148,0.081,-0.461,-0.155,-0.533,0.126
-0.401,-0.402,-0.164,-0.058,-0.476,-0.247,-0.753,0.027
-0.286,-0.153,0.031,-0.025,-0.361,-0.111,-0.545,0.090
-0.119,-0.242,0.011,0.101,-0.321,-0.131,-0.514,0.110
-0.209,-0.322,-0.012,-0.088,-0.325,-0.105,-0.657,0.089
-0.044,-0.226,0.134,0.040,-0.287,-0.047,-0.588,0.218
-0.265,-0.408,-0.039,-0.129,-0.517,-0.207,-0.649,-0.076
-0.473,-0.532,-0.280,-0.393,-0.768,-0.396,-0.959,-0.196
-0.645,-0.556,-0.451,-0.409,-0.965,-0.614,-1.059,-0.274
-0.402,-0.484,-0.107,-0.190,-0.592,-0.311,-0.717,-0.057
-0.198,-0.151,0.043,-0.054,-0.367,-0.156,-0.513,0.124
-0.142,-0.192,0.076,0.114,-0.393,-0.029,-0.493,0.202
0.105,-0.158,0.199,0.315,-0.162,0.119,-0.384,0.223
-0.042,-0.090,0.109,0.234,-0.177,0.041,-0.535,0.276
-0.135,0.067,0.326,0.167,-0.285,0.052,-0.333,0.309
0.181,0.248,0.531,0.466,0.188,0.427,-0.194,0.559
-0.131,-0.013,0.176,0.150,-0.403,-0.176,-0.486,0.186
0.095,0.147,0.347,0.249,-0.161,0.043,-0.336,0.325
0.089,0.083,0.482,0.439,-0.066,0.152,-0.143,0.446
0.221,0.130,0.381,0.412,-0.085,0.280,-0.185,0.594
-0.080,-0.089,0.065,0.117,-0.418,-0.098,-0.514,0.278
-0.249,-0.187,0.032,-0.002,-0.341,-0.104,-0.577,0.152
-0.355,-0.379,-0.173,-0.170,-0.596,-0.291,-0.738,-0.058
-0.309,-0.342,-0.032,-0.061,-0.380,-0.230,-0.701,-0.005
-0.325,-0.436,-0.119,-0.042,-0.451,-0.280,-0.826,-0.053
-0.678,-0.760,-0.414,-0.475,-0.721,-0.637,-1.195,-0.389
-0.828,-0.822,-0.485,-0.592,-1.041,-0.718,-1.109,-0.442
-0.987,-1.221,-0.890,-0.857,-1.204,-0.881,-1.354,-0.793
-1.004,-0.945,-0.690,-0.741,-1.193,-0.822,-1.368,-0.692
-1.015,-1.032,-0.732,-0.632,-1.285,-0.876,-1.438,-0.697
-0.931,-0.815,-0.644,-0.746,-1.026,-0.809,-1.323,-0.546
-0.788,-0.863,-0.551,-0.609,-0.935,-0.666,-1.277,-0.536
-0.649,-0.537,-0.367,-0.550,-0.963,-0.675,-0.979,-0.396
-0.909,-1.052,-0.735,-0.798,-1.319,-1.081,-1.378,-0.712
-0.971,-0.987,-0.835,-0.857,-1.132,-0.972,-1.485,-0.752
-1.013,-1.017,-0.771,-0.811,-1.107,-0.908,-1.437,-0.660
-1.248,-1.287,-0.973,-1.009,-1.361,-1.183,-1.634,-0.926
-0.938,-0.957,-0.689,-0.717,-1.186,-0.975,-1.276,-0.645
-0.653,-0.636,-0.414,-0.405,-0.802,-0.493,-0.945,-0.250
-0.892,-0.802,-0.541,-0.571,-0.938,-0.731,-1.054,-0.618
-0.639,-0.648,-0.378,-0.447,-0.946,-0.627,-1.070,-0.359
-0.502,-0.591,-0.341,-0.473,-0.896,-0.470,-1.061,-0.293
-0.413,-0.569,-0.168,-0.266,-0.710,-0.346,-0.948,-0.104
-0.146,-0.226,-0.006,-0.053,-0.512,-0.182,-0.755,0.129
-0.174,-0.101,0.035,0.007,-0.416,-0.101,-0.545,0.023
-0.067,-0.037,0.261,0.221,-0.195,0.086,-0.441,0.361
0.063,0.235,0.482,0.375,-0.017,0.384,-0.116,0.531
0.248,0.379,0.654,0.492,0.104,0.434,-0.043,0.654
0.672,0.658,0.883,0.934,0.532,0.702,0.272,1.001
0.362,0.444,0.446,0.437,0.019,0.429,-0.102,0.554
0.216,0.266,0.449,0.351,-0.079,0.279,-0.189,0.569
0.109,0.028,0.341,0.210,-0.006,0.106,-0.390,0.377
0.146,0.089,0.344,0.285,-0.002,0.315,-0.076,0.411
0.058,0.128,0.345,0.298,-0.281,0.165,-0.244,0.387
0.111,0.093,0.191,0.244,-0.238,0.150,-0.443,0.312
0.170,0.090,0.366,0.307,-0.130,0.189,-0.385,0.340
0.093,0.136,0.264,0.260,-0.137,0.084,-0.317,0.397
0.118,-0.030,0.157,0.129,-0.200,0.053,-0.398,0.385
0.243,0.105,0.423,0.389,-0.137,0.345,-0.207,0.515
0.033,-0.090,0.233,0.231,-0.305,0.138,-0.327,0.391
0.413,0.283,0.518,0.555,0.114,0.375,-0.143,0.657
0.123,0.008,0.320,0.331,-0.122,0.181,-0.317,0.524
-0.156,-0.184,0.144,0.048,-0.484,-0.029,-0.532,0.256
0.024,-0.017,0.140,0.194,-0.303,0.076,-0.476,0.311
0.155,0.058,0.362,0.319,-0.030,0.172,-0.343,0.421
0.348,0.348,0.538,0.585,0.145,0.530,-0.007,0.727
0.172,0.001,0.401,0.295,-0.264,0.207,-0.258,0.395
0.195,0.079,0.501,0.318,-0.146,0.273,-0.342,0.411
0.387,0.298,0.614,0.485,0.202,0.349,-0.117,0.712
0.344,0.364,0.655,0.537,0.220,0.508,-0.064,0.598
-0.056,-0.251,0.052,0.095,-0.271,-0.044,-0.597,0.087
-0.086,-0.124,0.046,0.072,-0.419,-0.095,-0.577,0.213
-0.077,-0.152,0.154,0.223,-0.445,0.040,-0.388,0.239
0.154,0.045,0.346,0.261,-0.245,0.183,-0.393,0.443
0.277,0.157,0.469,0.461,-0.113,0.256,-0.157,0.464
-0.087,-0.226,0.071,-0.004,-0.323,-0.146,-0.486,0.103
-0.047,-0.057,0.169,0.066,-0.309,-0.004,-0.453,0.196
0.118,0.068,0.385,0.394,-0.087,0.156,-0.239,0.410
0.331,0.261,0.479,0.522,-0.082,0.369,-0.103,0.664
0.331,0.217,0.611,0.667,-0.005,0.347,-0.046,0.638
0.421,0.424,0.765,0.627,0.179,0.475,-0.067,0.680
0.755,0.684,0.916,0.915,0.502,0.684,0.252,1.038
0.636,0.618,0.839,0.848,0.346,0.679,0.125,0.938
0.321,0.275,0.548,0.454,0.172,0.406,-0.120,0.746
0.242,0.185,0.476,0.480,0.048,0.279,-0.150,0.606
-0.176,0.009,0.103,0.064,-0.264,-0.029,-0.449,0.270
0.066,0.055,0.329,0.232,-0.218,0.230,-0.290,0.346
-0.141,-0.092,0.186,0.229,-0.279,0.015,-0.581,0.248
-0.035,-0.091,0.309,0.126,-0.382,0.070,-0.423,0.300
-0.288,-0.352,0.039,-0.028,-0.400,-0.162,-0.756,0.043
-0.301,-0.348,-0.103,-0.119,-0.562,-0.215,-0.849,0.019
0.026,-0.195,0.095,0.144,-0.495,-0.040,-0.501,0.138
-0.094,-0.148,0.121,0.036,-0.501,0.005,-0.533,0.092
-0.256,-0.445,-0.103,-0.192,-0.555,-0.329,-0.748,-0.222
0.021,-0.035,0.320,0.184,-0.270,0.167,-0.360,0.177
0.020,0.012,0.247,0.200,-0.252,0.151,-0.454,0.259
0.073,-0.045,0.349,0.323,-0.009,0.212,-0.332,0.387
0.082,0.130,0.350,0.369,-0.015,0.097,-0.223,0.437
-0.165,-0.047,0.211,0.034,-0.277,-0.030,-0.589,0.165
-0.457,-0.318,-0.162,-0.213,-0.604,-0.339,-0.829,-0.069
-0.322,-0.261,-0.053,-0.054,-0.416,-0.253,-0.749,0.046
-0.326,-0.332,0.008,0.010,-0.481,-0.203,-0.701,0.078
-0.224,-0.184,0.098,-0.015,-0.413,-0.140,-0.682,0.181
-0.059,-0.174,0.131,0.004,-0.187,-0.000,-0.470,0.203
-0.092,-0.164,0.054,0.013,-0.431,-0.094,-0.541,0.156
-0.085,0.013,0.259,0.158,-0.349,0.026,-0.481,0.231
-0.246,-0.018,0.075,0.014,-0.408,-0.114,-0.529,0.149
-0.121,-0.133,0.125,0.077,-0.479,-0.195,-0.517,0.221
-0.227,-0.315,-0.003,-0.061,-0.443,-0.156,-0.622,0.076
-0.256,-0.467,-0.029,-0.122,-0.488,-0.246,-0.671,-0.123
0.015,-0.137,0.210,0.130,-0.162,0.053,-0.529,0.315
0.269,0.320,0.567,0.496,0.105,0.460,-0.140,0.594
0.384,0.389,0.630,0.678,0.123,0.494,0.037,0.807
0.342,0.246,0.706,0.593,0.212,0.412,-0.098,0.775
0.165,0.067,0.347,0.334,-0.197,0.252,-0.244,0.445
-0.092,-0.127,0.163,-0.009,-0.399,-0.065,-0.566,0.107
0.260,0.154,0.390,0.372,-0.037,0.345,-0.200,0.540
0.076,0.066,0.313,0.359,-0.037,0.178,-0.300,0.390
0.389,0.158,0.485,0.450,0.053,0.338,-0.276,0.565
0.096,0.041,0.390,0.202,-0.107,0.040,-0.233,0.254
-0.242,-0.412,-0.094,-0.164,-0.770,-0.319,-0.807,-0.130
-0.506,-0.534,-0.231,-0.342,-0.729,-0.466,-0.866,-0.188
-0.175,-0.272,0.124,-0.027,-0.443,-0.095,-0.508,0.120
-0.136,-0.336,0.158,0.074,-0.489,-0.171,-0.564,0.135
0.004,-0.108,0.212,0.078,-0.169,0.008,-0.453,0.292
-0.006,-0.105,0.228,0.186,-0.282,0.049,-0.521,0.320
-0.158,-0.160,0.152,-0.006,-0.359,-0.023,-0.598,0.204
-0.306,-0.288,0.026,-0.040,-0.542,-0.152,-0.651,0.056
-0.488,-0.411,-0.256,-0.319,-0.722,-0.435,-0.958,-0.144
-0.427,-0.552,-0.165,-0.257,-0.679,-0.361,-0.863,-0.104
-0.290,-0.348,-0.190,-0.234,-0.643,-0.345,-0.782,-0.052
-0.425,-0.578,-0.314,-0.218,-0.528,-0.432,-0.874,-0.224
-0.211,-0.449,-0.167,-0.159,-0.656,-0.222,-0.693,-0.041
-0.454,-0.492,-0.237,-0.220,-0.700,-0.340,-0.842,-0.163
-0.429,-0.486,-0.077,-0.263,-0.530,-0.272,-0.834,-0.113
-0.657,-0.612,-0.311,-0.403,-0.780,-0.567,-1.006,-0.316
-0.921,-0.805,-0.554,-0.562,-1.009,-0.610,-1.284,-0.518
-0.780,-0.816,-0.587,-0.741,-1.145,-0.859,-1.302,-0.488
-0.699,-0.610,-0.417,-0.549,-0.929,-0.722,-0.918,-0.311
-0.287,-0.258,-0.134,-0.122,-0.632,-0.235,-0.726,-0.176
-0.189,-0.243,0.044,0.055,-0.338,-0.124,-0.662,0.158
-0.304,-0.324,-0.097,-0.046,-0.466,-0.088,-0.566,-0.010
-0.179,-0.165,0.210,0.087,-0.347,0.027,-0.457,0.281
-0.352,-0.310,-0.071,-0.076,-0.517,-0.201,-0.802,-0.037
-0.282,-0.344,0.013,0.049,-0.556,-0.228,-0.710,0.012
-0.015,0.037,0.212,0.152,-0.167,0.011,-0.345,0.290
-0.034,-0.314,0.163,0.094,-0.329,0.058,-0.422,0.266
-0.166,-0.148,0.094,0.014,-0.250,-0.031,-0.478,0.211
-0.119,-0.391,0.141,-0.051,-0.318,-0.072,-0.666,0.079
-0.307,-0.459,-0.156,-0.171,-0.639,-0.317,-0.789,-0.118
-0.437,-0.539,-0.226,-0.227,-0.710,-0.435,-0.949,-0.171
-0.352,-0.439,-0.151,-0.218,-0.775,-0.309,-0.819,-0.095
-0.382,-0.292,-0.036,-0.213,-0.552,-0.162,-0.749,-0.052
-0.028,-0.002,0.305,0.293,-0.249,0.145,-0.324,0.322
-0.004,-0.082,0.281,0.286,-0.284,0.059,-0.250,0.274
-0.059,-0.131,0.161,0.044,-0.270,0.042,-0.438,0.263
-0.003,-0.029,0.331,0.253,-0.019,0.056,-0.327,0.302
-0.405,-0.500,-0.222,-0.226,-0.679,-0.377,-0.720,-0.190
-0.650,-0.785,-0.438,-0.572,-0.949,-0.657,-1.086,-0.378
-0.370,-0.599,-0.170,-0.452,-0.667,-0.472,-0.872,-0.112
-0.318,-0.321,-0.042,-0.050,-0.525,-0.246,-0.649,0.121
-0.345,-0.462,0.021,-0.096,-0.532,-0.247,-0.745,0.003
-0.083,-0.234,-0.001,0.018,-0.360,-0.075,-0.582,0.117
-0.164,-0.305,-0.001,-0.021,-0.481,-0.267,-0.650,0.088
-0.208,-0.194,0.115,0.028,-0.465,-0.125,-0.666,0.103
-0.124,-0.286,-0.027,-0.088,-0.510,-0.201,-0.588,0.140
-0.018,-0.054,0.207,0.191,-0.358,-0.043,-0.413,0.159
0.046,-0.093,0.243,0.154,-0.187,0.061,-0.231,0.323
0.238,0.153,0.328,0.353,-0.144,0.209,-0.280,0.448
0.150,0.126,0.336,0.258,-0.212,0.120,-0.352,0.394
0.106,0.061,0.420,0.408,-0.076,0.167,-0.068,0.457
0.229,0.129,0.516,0.390,-0.131,0.234,-0.071,0.623
0.495,0.453,0.690,0.625,0.110,0.528,0.100,0.756
0.559,0.315,0.681,0.585,0.084,0.420,0.116,0.569
0.125,0.253,0.610,0.418,0.085,0.324,-0.168,0.567
-0.034,0.005,0.234,0.164,-0.097,0.137,-0.345,0.295
0.223,0.183,0.395,0.371,-0.025,0.147,-0.236,0.548
0.340,0.309,0.646,0.585,0.210,0.421,-0.010,0.674
0.490,0.465,0.659,0.678,0.259,0.513,0.123,0.789
0.244,0.147,0.455,0.548,0.102,0.319,-0.106,0.616
0.174,0.079,0.485,0.371,-0.172,0.158,-0.222,0.414
0.372,0.423,0.712,0.613,0.095,0.490,-0.044,0.770
0.137,0.075,0.342,0.401,-0.001,0.184,-0.299,0.441
-0.070,-0.221,0.154,0.163,-0.451,0.055,-0.387,0.150
-0.106,-0.266,0.030,0.014,-0.445,-0.061,-0.550,0.018
-0.220,-0.143,0.075,0.029,-0.372,-0.039,-0.424,0.109
-0.075,-0.093,0.157,0.005,-0.266,-0.094,-0.468,0.088
-0.101,-0.203,0.085,-0.000,-0.393,-0.061,-0.525,0.066
-0.093,-0.175,0.036,0.001,-0.310,-0.030,-0.607,0.158
-0.038,-0.138,0.078,0.041,-0.412,-0.062,-0.647,0.225
-0.172,-0.154,0.088,-0.072,-0.422,-0.139,-0.522,0.054
-0.358,-0.214,-0.128,-0.122,-0.426,-0.269,-0.682,0.013
-0.122,-0.223,0.207,0.116,-0.224,-0.055,-0.526,0.350
-0.007,-0.003,0.385,0.270,-0.190,0.104,-0.397,0.269
0.422,0.342,0.583,0.500,-0.077,0.412,-0.039,0.751
0.046,0.057,0.174,0.189,-0.233,0.203,-0.405,0.293
0.150,0.065,0.373,0.328,-0.103,0.258,-0.305,0.506
0.061,-0.075,0.305,0.160,-0.208,0.087,-0.357,0.339
0.067,-0.009,0.296,0.339,-0.170,0.071,-0.330,0.375
-0.068,-0.011,0.227,0.173,-0.235,0.105,-0.277,0.215
-0.058,-0.141,0.135,0.091,-0.440,0.041,-0.354,0.228
0.180,0.239,0.477,0.420,0.006,0.351,-0.043,0.654
-0.123,-0.055,0.172,0.086,-0.417,-0.099,-0.439,0.178
-0.187,-0.007,0.091,0.005,-0.397,-0.027,-0.485,0.247
0.166,0.052,0.338,0.350,-0.124,0.225,-0.223,0.362
0.255,0.394,0.493,0.547,0.169,0.312,-0.225,0.569
0.171,0.215,0.446,0.327,0.009,0.320,-0.303,0.441
-0.198,-0.183,0.089,0.133,-0.370,-0.088,-0.649,0.269
0.188,0.109,0.295,0.333,-0.171,0.350,-0.353,0.440
0.248,0.162,0.393,0.419,-0.090,0.369,-0.261,0.454
0.054,0.006,0.342,0.225,-0.204,0.220,-0.447,0.408
0.158,0.194,0.350,0.395,0.033,0.335,-0.188,0.454
0.097,-0.077,0.181,0.190,-0.177,0.111,-0.337,0.246
0.162,0.218,0.361,0.331,-0.064,0.252,-0.322,0.462
0.317,0.114,0.473,0.348,0.066,0.246,-0.243,0.594
-0.046,-0.054,0.269,0.189,-0.257,0.112,-0.408,0.370
-0.279,-0.314,0.046,-0.119,-0.400,-0.172,-0.733,0.055
-0.524,-0.663,-0.293,-0.430,-0.709,-0.523,-0.958,-0.186
-0.431,-0.531,-0.215,-0.196,-0.638,-0.442,-0.807,-0.048
-0.553,-0.648,-0.222,-0.321,-0.736,-0.408,-0.939,-0.257
-0.210,-0.361,-0.004,-0.159,-0.553,-0.278,-0.734,0.003
-0.339,-0.445,-0.186,-0.222,-0.754,-0.465,-0.854,-0.192
-0.459,-0.499,-0.267,-0.283,-0.840,-0.467,-0.924,-0.260
-0.496,-0.543,-0.268,-0.366,-0.739,-0.423,-0.829,-0.202
-0.587,-0.700,-0.263,-0.337,-0.796,-0.542,-0.932,-0.298
-0.636,-0.499,-0.475,-0.458,-0.803,-0.429,-0.956,-0.299
-0.498,-0.437,-0.221,-0.305,-0.662,-0.437,-0.781,-0.151
-0.543,-0.549,-0.402,-0.375,-0.850,-0.488,-0.830,-0.175
-0.528,-0.555,-0.267,-0.341,-0.772,-0.448,-0.800,-0.187
-0.347,-0.442,-0.113,-0.082,-0.474,-0.273,-0.753,-0.073
-0.173,-0.339,-0.078,-0.090,-0.411,-0.135,-0.538,0.104
-0.385,-0.483,-0.297,-0.260,-0.802,-0.347,-0.834,-0.248
-0.268,-0.231,-0.022,-0.098,-0.596,-0.210,-0.599,0.033
-0.296,-0.215,0.067,0.161,-0.400,-0.119,-0.526,0.117
0.142,0.070,0.452,0.389,-0.044,0.357,-0.257,0.469
-0.101,0.009,0.219,0.182,-0.216,0.190,-0.466,0.222
-0.167,-0.269,0.025,-0.021,-0.451,-0.080,-0.557,0.085
-0.119,-0.265,0.184,0.104,-0.328,-0.073,-0.431,0.162
-0.333,-0.333,-0.125,-0.126,-0.491,-0.287,-0.781,-0.012
-0.298,-0.436,-0.082,-0.057,-0.556,-0.267,-0.712,0.035
-0.169,-0.298,0.031,-0.061,-0.568,-0.088,-0.650,0.043
-0.335,-0.471,0.012,-0.256,-0.528,-0.317,-0.789,-0.078
-0.343,-0.418,-0.030,-0.175,-0.599,-0.247,-0.726,-0.043
-0.296,-0.347,-0.012,-0.169,-0.466,-0.265,-0.728,0.005
-0.127,-0.149,0.066,0.008,-0.264,0.080,-0.566,0.215
-0.133,-0.035,0.012,-0.072,-0.368,-0.138,-0.502,0.186
-0.166,-0.036,0.163,0.141,-0.293,-0.047,-0.462,0.290
-0.389,-0.499,-0.098,-0.186,-0.525,-0.336,-0.866,-0.051
-0.139,-0.197,0.021,-0.090,-0.361,-0.106,-0.638,0.068
-0.153,-0.227,0.078,-0.008,-0.371,-0.126,-0.613,0.137
-0.063,-0.192,0.206,0.103,-0.255,0.085,-0.524,0.243
-0.192,-0.311,-0.016,-0.059,-0.506,-0.299,-0.717,0.074
-0.389,-0.519,-0.101,-0.261,-0.651,-0.387,-0.868,-0.051
-0.385,-0.384,-0.036,-0.234,-0.575,-0.194,-0.783,-0.064
-0.249,-0.240,0.043,0.035,-0.432,-0.124,-0.647,0.162
-0.035,-0.140,0.155,0.079,-0.328,0.028,-0.430,0.192
0.056,-0.086,0.298,0.202,-0.244,0.064,-0.466,0.256
0.136,-0.150,0.309,0.260,-0.274,0.118,-0.261,0.292
-0.132,-0.195,-0.018,-0.081,-0.612,-0.203,-0.745,-0.015
-0.255,-0.364,-0.018,-0.205,-0.437,-0.227,-0.776,-0.020
-0.251,-0.265,-0.045,-0.044,-0.630,-0.270,-0.716,0.053
-0.138,-0.327,0.013,0.086,-0.360,-0.102,-0.526,0.140
-0.058,-0.002,0.169,0.044,-0.355,-0.045,-0.510,0.207
0.018,-0.049,0.318,0.198,-0.178,0.097,-0.303,0.400
0.147,0.247,0.506,0.500,0.196,0.455,-0.095,0.612
0.191,0.072,0.492,0.275,-0.215,0.267,-0.190,0.442
0.136,0.106,0.278,0.208,-0.199,0.184,-0.304,0.369
-0.083,-0.091,0.134,0.058,-0.230,0.098,-0.401,0.319
-0.109,-0.078,0.117,0.133,-0.411,-0.021,-0.507,0.181
0.059,-0.127,0.243,0.209,-0.300,-0.010,-0.379,0.327
0.157,-0.038,0.334,0.174,-0.124,0.149,-0.331,0.321
0.164,0.198,0.339,0.307,-0.050,0.262,-0.278,0.488
0.135,0.090,0.512,0.295,0.111,0.295,-0.282,0.508
0.472,0.273,0.712,0.636,0.100,0.532,0.127,0.757
0.188,0.330,0.592,0.466,0.017,0.443,-0.120,0.645
0.936,0.877,1.151,1.062,0.777,0.892,0.448,1.155
0.561,0.637,0.816,0.773,0.267,0.656,0.135,0.954
0.647,0.653,0.984,0.918,0.455,0.791,0.341,1.005
0.840,0.696,1.116,1.061,0.610,0.822,0.417,1.133
0.620,0.677,0.907,0.918,0.540,0.751,0.253,0.997
0.835,0.733,0.967,0.974,0.615,0.788,0.247,1.082
0.707,0.722,0.993,0.869,0.410,0.766,0.187,0.946
0.381,0.238,0.451,0.367,0.065,0.377,-0.149,0.550
0.065,-0.078,0.311,0.291,-0.228,0.133,-0.362,0.345
0.083,-0.045,0.196,0.211,-0.292,0.072,-0.277,0.281
-0.067,-0.127,0.231,0.113,-0.147,-0.023,-0.520,0.228
0.219,0.136,0.272,0.380,0.039,0.277,-0.202,0.464
0.587,0.629,0.821,0.835,0.378,0.574,0.082,0.857
0.187,0.166,0.383,0.417,-0.138,0.151,-0.247,0.470
0.102,0.002,0.310,0.348,-0.187,0.170,-0.275,0.479
-0.233,-0.227,0.020,-0.108,-0.448,-0.150,-0.691,0.175
-0.298,-0.464,-0.276,-0.286,-0.602,-0.282,-0.802,-0.102
-0.500,-0.623,-0.237,-0.321,-0.692,-0.404,-0.877,-0.217
-0.451,-0.496,-0.295,-0.448,-0.802,-0.500,-0.964,-0.194
-0.343,-0.303,-0.068,-0.215,-0.632,-0.259,-0.802,-0.083
-0.249,-0.397,-0.129,-0.060,-0.515,-0.256,-0.745,-0.025
-0.178,-0.200,0.040,-0.065,-0.473,-0.174,-0.632,0.109
-0.091,-0.239,0.079,0.036,-0.458,-0.290,-0.582,0.011
-0.463,-0.482,-0.292,-0.297,-0.655,-0.513,-0.813,-0.181
-0.395,-0.430,-0.153,-0.204,-0.585,-0.294,-0.723,-0.019
-0.120,-0.303,0.118,0.040,-0.436,-0.066,-0.537,0.184
-0.302,-0.323,-0.050,-0.119,-0.537,-0.217,-0.622,0.091
0.008,-0.098,0.337,0.274,-0.229,0.192,-0.312,0.413
0.402,0.344,0.603,0.655,0.206,0.486,-0.058,0.626
0.057,0.110,0.377,0.229,-0.144,0.150,-0.291,0.408
-0.056,-0.207,0.178,0.179,-0.199,-0.014,-0.499,0.238
0.003,0.043,0.137,0.177,-0.317,-0.012,-0.435,0.198
0.151,0.326,0.417,0.509,0.004,0.311,-0.200,0.517
0.107,0.142,0.298,0.304,-0.220,0.174,-0.235,0.304
-0.041,0.038,0.171,0.103,-0.337,0.042,-0.380,0.326
-0.182,-0.251,-0.001,-0.066,-0.458,-0.123,-0.565,0.167
-0.114,-0.059,0.192,0.110,-0.271,-0.097,-0.506,0.325
-0.317,-0.242,0.070,0.041,-0.412,-0.217,-0.560,0.198
-0.371,-0.292,-0.075,-0.089,-0.491,-0.277,-0.805,-0.038
-0.351,-0.392,-0.139,-0.257,-0.555,-0.233,-0.839,-0.032
-0.166,-0.216,0.040,-0.026,-0.465,-0.026,-0.666,0.078
-0.092,-0.250,0.129,0.102,-0.414,-0.071,-0.467,0.186
-0.108,-0.219,0.148,0.126,-0.342,-0.083,-0.478,0.181
-0.356,-0.453,-0.178,-0.130,-0.666,-0.384,-0.804,-0.112
-0.552,-0.719,-0.417,-0.461,-0.838,-0.661,-1.072,-0.273
-0.766,-0.692,-0.377,-0.463,-0.851,-0.503,-0.908,-0.305
-0.855,-0.901,-0.589,-0.659,-1.241,-0.764,-1.243,-0.633
-0.636,-0.711,-0.405,-0.461,-0.943,-0.527,-1.104,-0.506
-0.380,-0.408,-0.141,-0.257,-0.675,-0.332,-0.697,-0.100
-0.284,-0.540,-0.061,-0.182,-0.634,-0.208,-0.789,-0.069
-0.130,-0.190,0.049,0.053,-0.492,-0.160,-0.540,0.124
-0.129,-0.347,-0.020,0.033,-0.350,-0.213,-0.551,0.097
0.139,-0.036,0.407,0.280,-0.156,0.083,-0.235,0.426
0.178,0.010,0.447,0.381,-0.037,0.165,-0.168,0.332
0.086,0.109,0.346,0.200,-0.119,0.252,-0.296,0.354
0.224,0.152,0.409,0.326,-0.056,0.383,-0.206,0.437
0.218,0.258,0.594,0.404,0.048,0.446,-0.027,0.597
0.237,0.154,0.414,0.311,0.111,0.344,-0.131,0.560
0.290,0.308,0.562,0.574,-0.030,0.323,-0.093,0.699
0.093,-0.105,0.257,0.260,-0.170,0.099,-0.376,0.338
0.041,-0.151,0.180,0.170,-0.385,0.020,-0.343,0.213
-0.205,-0.164,0.120,0.057,-0.361,0.039,-0.423,0.222
0.020,0.041,0.189,0.240,-0.181,0.025,-0.431,0.331
-0.089,-0.172,0.048,0.101,-0.310,-0.057,-0.542,0.143
-0.167,-0.274,0.164,0.062,-0.334,-0.015,-0.476,0.206
-0.032,0.018,0.270,0.258,-0.209,0.147,-0.402,0.308
-0.150,-0.190,-0.002,0.088,-0.459,-0.122,-0.461,0.110
0.113,0.084,0.343,0.291,-0.071,0.181,-0.371,0.301
-0.083,-0.109,0.178,0.203,-0.331,-0.095,-0.443,0.244
-0.016,-0.206,0.149,0.146,-0.340,0.026,-0.442,0.183
-0.267,-0.232,0.137,0.058,-0.413,-0.112,-0.619,0.062
-0.177,-0.139,0.098,0.103,-0.258,-0.066,-0.464,0.203
-0.090,-0.077,0.257,0.164,-0.249,0.101,-0.464,0.178
0.003,0.116,0.351,0.222,-0.023,0.117,-0.227,0.469
0.294,0.185,0.456,0.396,0.065,0.351,-0.322,0.451
0.363,0.281,0.509,0.445,0.149,0.351,-0.160,0.528
0.043,0.055,0.266,0.259,-0.035,0.253,-0.251,0.343
0.124,0.089,0.347,0.312,-0.097,0.176,-0.294,0.293
0.035,0.014,0.268,0.154,-0.241,0.157,-0.301,0.297
0.025,-0.056,0.217,0.144,-0.230,0.003,-0.369,0.302
-0.115,-0.056,0.207,0.110,-0.309,-0.098,-0.479,0.241
0.107,0.245,0.364,0.313,-0.151,0.147,-0.281,0.458
0.185,0.408,0.574,0.567,0.119,0.489,-0.033,0.587
0.506,0.484,0.782,0.694,0.256,0.586,0.092,0.905
0.308,0.204,0.551,0.478,-0.027,0.318,-0.185,0.559
0.057,0.043,0.358,0.263,-0.290,0.233,-0.309,0.395
0.090,0.103,0.328,0.295,-0.129,0.212,-0.224,0.443
-0.101,0.012,0.237,0.295,-0.266,0.144,-0.270,0.304
0.112,0.064,0.431,0.339,-0.115,0.199,-0.192,0.438
0.027,-0.041,0.217,0.299,-0.116,0.080,-0.268,0.382
0.152,0.172,0.258,0.242,-0.151,0.092,-0.255,0.458
0.126,0.044,0.309,0.283,-0.078,0.187,-0.329,0.470
0.225,0.172,0.345,0.259,-0.011,0.118,-0.222,0.547
0.269,0.354,0.550,0.431,0.089,0.373,-0.171,0.538
0.303,0.345,0.562,0.471,0.098,0.440,-0.095,0.625
0.104,0.128,0.414,0.401,-0.072,0.270,-0.304,0.505
0.258,0.215,0.595,0.476,-0.058,0.372,-0.088,0.599
0.866,0.740,0.973,1.068,0.634,0.830,0.474,1.144
0.871,0.863,1.163,1.132,0.711,0.984,0.520,1.204
0.894,0.984,1.170,1.133,0.752,0.969,0.639,1.317
0.895,0.796,1.148,1.159,0.602,1.063,0.630,1.170
0.799,0.719,1.066,0.911,0.534,0.768,0.304,1.023
0.643,0.605,0.866,0.714,0.346,0.646,0.224,0.899
0.117,0.142,0.396,0.223,-0.121,0.168,-0.410,0.396
0.108,0.012,0.338,0.243,-0.226,0.175,-0.446,0.340
-0.131,-0.119,0.153,0.097,-0.154,-0.156,-0.520,0.165
-0.145,-0.200,0.036,0.112,-0.349,-0.073,-0.544,0.327
-0.111,-0.150,0.047,0.079,-0.366,-0.080,-0.603,0.151
-0.475,-0.500,-0.187,-0.227,-0.602,-0.392,-0.794,-0.134
-0.657,-0.691,-0.421,-0.413,-0.899,-0.690,-1.077,-0.350
-0.513,-0.451,-0.200,-0.126,-0.656,-0.302,-0.807,-0.135
-0.413,-0.403,-0.223,-0.205,-0.638,-0.268,-0.753,-0.038
-0.323,-0.348,-0.164,-0.126,-0.545,-0.186,-0.616,-0.049
-0.236,-0.317,-0.125,-0.029,-0.710,-0.138,-0.690,-0.127
-0.872,-0.750,-0.539,-0.543,-0.951,-0.494,-1.070,-0.397
-0.937,-0.951,-0.736,-0.590,-1.098,-0.742,-1.212,-0.589
-0.779,-0.849,-0.556,-0.536,-1.065,-0.739,-1.097,-0.431
-0.748,-0.911,-0.669,-0.630,-1.217,-0.710,-1.114,-0.525
-0.922,-0.937,-0.800,-0.761,-1.134,-0.871,-1.431,-0.554
-0.890,-0.883,-0.730,-0.740,-1.117,-0.880,-1.364,-0.659
-0.758,-0.822,-0.458,-0.527,-0.889,-0.666,-1.015,-0.432
-0.874,-0.883,-0.655,-0.710,-1.176,-0.766,-1.269,-0.576
-0.859,-0.987,-0.631,-0.781,-1.246,-0.786,-1.405,-0.674
-0.993,-0.997,-0.713,-0.773,-1.216,-0.909,-1.524,-0.573
-0.857,-0.932,-0.687,-0.671,-1.090,-0.799,-1.392,-0.553
-0.604,-0.720,-0.464,-0.530,-0.841,-0.655,-1.060,-0.356
-0.385,-0.421,-0.104,-0.222,-0.559,-0.288,-0.857,-0.042
-0.289,-0.335,0.084,-0.172,-0.504,-0.206,-0.742,0.122
-0.173,-0.164,0.178,0.165,-0.366,-0.014,-0.407,0.249
0.059,-0.169,0.135,0.127,-0.330,-0.034,-0.407,0.186
-0.077,-0.118,0.103,0.185,-0.274,0.091,-0.444,0.260
-0.006,-0.032,0.204,0.217,-0.177,0.091,-0.409,0.292
-0.286,-0.168,0.082,-0.086,-0.551,-0.160,-0.638,0.061
-0.126,-0.170,0.160,0.111,-0.362,0.009,-0.553,0.281
-0.100,-0.149,0.166,0.040,-0.349,-0.009,-0.502,0.103
-0.314,-0.469,-0.112,-0.190,-0.430,-0.207,-0.689,-0.060
-0.405,-0.324,-0.039,-0.167,-0.592,-0.219,-0.755,-0.200
-0.275,-0.352,-0.106,-0.155,-0.487,-0.191,-0.562,0.069
-0.025,0.063,0.173,0.146,-0.259,0.101,-0.483,0.204
0.108,0.011,0.299,0.320,-0.184,0.129,-0.393,0.270
0.054,0.121,0.396,0.317,-0.153,0.191,-0.237,0.470
-0.073,0.014,0.130,0.140,-0.231,0.040,-0.401,0.339
0.009,-0.064,0.261,0.132,-0.292,0.030,-0.347,0.254
-0.013,-0.104,0.152,0.083,-0.250,-0.007,-0.432,0.195
-0.094,-0.163,0.132,0.195,-0.254,-0.012,-0.424,0.249
-0.016,0.060,0.114,0.066,-0.231,0.049,-0.382,0.262
0.116,0.078,0.369,0.363,-0.056,0.277,-0.291,0.406
0.029,-0.006,0.253,0.269,-0.292,0.145,-0.394,0.235
-0.303,-0.420,0.009,-0.068,-0.559,-0.187,-0.828,0.013
-0.745,-0.794,-0.423,-0.464,-0.924,-0.618,-0.990,-0.403
-0.674,-0.866,-0.408,-0.566,-1.011,-0.650,-1.070,-0.363
-0.794,-0.790,-0.465,-0.502,-0.904,-0.605,-1.128,-0.371
-0.842,-0.605,-0.472,-0.568,-1.045,-0.632,-1.248,-0.461
-0.653,-0.810,-0.524,-0.528,-0.991,-0.629,-1.163,-0.575
-0.602,-0.724,-0.397,-0.438,-0.876,-0.519,-0.948,-0.354
-0.484,-0.546,-0.218,-0.423,-0.655,-0.379,-1.021,-0.224
-0.559,-0.660,-0.248,-0.352,-0.741,-0.533,-0.924,-0.274
-0.229,-0.391,-0.102,-0.163,-0.567,-0.198,-0.691,-0.069
-0.397,-0.357,-0.104,-0.259,-0.580,-0.339,-0.817,-0.123
-0.289,-0.127,0.165,0.042,-0.315,-0.074,-0.598,0.178
-0.029,-0.121,0.123,0.118,-0.351,-0.056,-0.494,0.186
-0.313,-0.162,0.055,-0.059,-0.571,-0.119,-0.618,0.065
-0.301,-0.268,0.018,-0.040,-0.564,-0.210,-0.793,-0.032
0.154,0.152,0.412,0.380,-0.076,0.262,-0.359,0.445
0.026,-0.025,0.315,0.305,-0.295,0.163,-0.416,0.347
-0.085,0.047,0.256,0.148,-0.339,0.074,-0.443,0.303
-0.187,-0.319,-0.086,-0.160,-0.490,-0.208,-0.748,-0.002
-0.414,-0.429,-0.225,-0.257,-0.664,-0.302,-0.896,-0.177
-0.066,-0.196,0.137,0.051,-0.282,-0.122,-0.442,0.170
-0.103,0.012,0.253,0.114,-0.332,-0.000,-0.417,0.326
-0.013,-0.094,0.134,0.164,-0.330,0.095,-0.419,0.309
0.304,0.364,0.622,0.603,0.106,0.454,-0.046,0.734
0.659,0.411,0.822,0.796,0.296,0.555,0.046,0.819
0.936,0.878,1.175,1.103,0.663,1.024,0.540,1.177
1.088,1.014,1.316,1.277,0.755,1.104,0.689,1.291
0.992,0.893,1.109,1.078,0.633,0.923,0.455,1.194
0.980,0.988,1.210,1.108,0.744,1.002,0.543,1.297
1.035,0.994,1.233,1.184,0.781,1.073,0.547,1.309
0.327,0.351,0.548,0.565,0.163,0.447,-0.007,0.687
0.249,0.323,0.538,0.438,0.173,0.352,-0.187,0.653
0.171,0.232,0.471,0.363,-0.118,0.310,-0.339,0.564
0.386,0.533,0.600,0.510,0.233,0.382,-0.044,0.718
0.620,0.488,0.870,0.874,0.378,0.739,0.244,0.895
0.137,0.119,0.464,0.459,0.069,0.188,-0.132,0.422
0.116,0.006,0.342,0.310,-0.097,0.123,-0.317,0.348
-0.198,-0.198,0.111,0.041,-0.382,-0.019,-0.585,0.172
-0.305,-0.205,0.081,-0.028,-0.377,-0.056,-0.665,0.112
-0.518,-0.608,-0.374,-0.380,-0.769,-0.438,-0.990,-0.207
-0.670,-0.574,-0.281,-0.375,-0.767,-0.527,-1.011,-0.228
-0.826,-0.780,-0.552,-0.479,-1.005,-0.737,-1.091,-0.338
-0.525,-0.507,-0.212,-0.132,-0.558,-0.490,-0.899,-0.168
-0.359,-0.334,-0.091,-0.177,-0.693,-0.262,-0.727,-0.042
-0.357,-0.409,-0.237,-0.320,-0.676,-0.358,-0.674,-0.133
-0.293,-0.266,-0.029,-0.167,-0.544,-0.262,-0.787,-0.044
-0.297,-0.439,-0.210,-0.139,-0.635,-0.381,-0.715,-0.098
-0.495,-0.578,-0.268,-0.197,-0.636,-0.410,-0.917,-0.281
-0.126,-0.301,-0.107,-0.046,-0.399,-0.165,-0.528,0.104
-0.057,-0.244,-0.018,0.031,-0.463,-0.128,-0.528,0.170
0.005,-0.050,0.279,0.226,-0.288,0.011,-0.353,0.270
-0.048,-0.417,0.141,0.202,-0.519,-0.075,-0.605,0.134
-0.208,-0.153,-0.024,0.085,-0.518,-0.051,-0.664,0.203
-0.095,-0.009,0.091,0.135,-0.273,0.047,-0.483,0.264
-0.278,-0.229,-0.042,-0.123,-0.447,-0.087,-0.538,0.112
-0.194,-0.353,0.058,-0.015,-0.372,-0.055,-0.503,0.102
-0.297,-0.446,-0.070,-0.164,-0.576,-0.274,-0.661,-0.028
-0.437,-0.463,-0.183,-0.285,-0.800,-0.354,-0.795,-0.182
-0.412,-0.380,-0.216,-0.233,-0.668,-0.468,-0.777,-0.086
0.063,-0.072,0.259,0.161,-0.287,-0.029,-0.462,0.270
-0.108,-0.271,0.138,0.074,-0.433,-0.015,-0.580,0.147
-0.131,-0.108,0.054,0.023,-0.533,-0.105,-0.510,0.055
-0.209,-0.165,0.008,-0.019,-0.367,-0.217,-0.576,0.075
0.089,0.026,0.355,0.241,-0.064,0.212,-0.519,0.490
0.215,0.200,0.397,0.351,-0.140,0.306,-0.283,0.413
0.113,0.122,0.240,0.264,-0.200,0.237,-0.397,0.416
0.332,0.192,0.583,0.497,0.092,0.309,-0.099,0.513
0.119,-0.010,0.348,0.218,-0.271,0.097,-0.266,0.341
0.192,0.111,0.420,0.436,-0.152,0.238,-0.224,0.410
0.144,0.096,0.445,0.390,0.044,0.306,-0.161,0.467
0.187,0.048,0.315,0.215,-0.232,0.291,-0.228,0.473
-0.015,-0.100,0.223,0.175,-0.256,0.093,-0.407,0.227
0.027,0.057,0.354,0.149,-0.100,0.180,-0.272,0.351
-0.117,-0.070,0.179,0.126,-0.250,-0.031,-0.376,0.218
0.000,-0.127,0.120,0.215,-0.332,0.057,-0.442,0.244
0.424,0.412,0.626,0.638,0.254,0.515,-0.069,0.699
0.277,0.290,0.483,0.439,0.098,0.358,-0.136,0.641
0.032,-0.017,0.295,0.128,-0.284,0.113,-0.473,0.319
-0.051,-0.067,0.219,0.065,-0.390,0.030,-0.534,0.249
-0.087,-0.132,0.113,0.140,-0.282,-0.046,-0.416,0.178
0.040,-0.034,0.158,0.265,-0.278,-0.080,-0.432,0.246
-0.241,-0.252,0.143,0.005,-0.396,-0.132,-0.617,0.099
-0.300,-0.309,-0.009,-0.203,-0.698,-0.290,-0.603,0.067
-0.359,-0.445,-0.237,-0.248,-0.702,-0.441,-0.822,-0.105
-0.354,-0.430,-0.051,-0.175,-0.641,-0.387,-0.695,-0.031
-0.373,-0.377,-0.103,-0.158,-0.702,-0.334,-0.636,-0.138
-0.503,-0.517,-0.105,-0.279,-0.724,-0.286,-0.697,-0.169
-0.229,-0.292,-0.007,-0.052,-0.529,-0.183,-0.631,0.080
0.048,-0.019,0.164,0.238,-0.287,0.073,-0.383,0.243
-0.121,-0.185,0.081,0.115,-0.319,-0.088,-0.551,0.092
-0.148,-0.062,-0.038,-0.016,-0.402,-0.295,-0.650,0.094
-0.127,-0.180,-0.005,-0.020,-0.581,-0.157,-0.601,0.067
-0.503,-0.585,-0.398,-0.505,-0.826,-0.462,-1.041,-0.278
-0.590,-0.746,-0.361,-0.439,-0.846,-0.537,-0.962,-0.252
-0.534,-0.524,-0.386,-0.310,-0.900,-0.573,-0.900,-0.198
-0.651,-0.624,-0.353,-0.403,-0.703,-0.641,-1.002,-0.223
-0.322,-0.438,-0.051,-0.147,-0.446,-0.206,-0.704,-0.013
-0.126,-0.181,0.128,0.008,-0.406,-0.049,-0.545,0.189
-0.052,-0.237,0.151,0.090,-0.361,-0.004,-0.508,0.101
0.043,0.011,0.275,0.102,-0.175,0.071,-0.527,0.257
-0.033,-0.208,0.174,0.116,-0.522,0.035,-0.505,0.085
-0.198,-0.343,-0.041,0.022,-0.446,-0.202,-0.644,-0.037
-0.257,-0.288,-0.091,-0.098,-0.563,-0.313,-0.679,-0.017
-0.200,-0.150,0.120,0.022,-0.352,0.013,-0.578,0.169
-0.274,-0.339,0.007,-0.212,-0.593,-0.157,-0.551,0.026
-0.072,-0.333,0.136,0.168,-0.242,0.028,-0.445,0.200
-0.333,-0.408,-0.245,-0.271,-0.615,-0.310,-0.848,-0.140
-0.507,-0.442,-0.174,-0.402,-0.812,-0.348,-0.839,-0.175
-0.445,-0.404,-0.181,-0.270,-0.670,-0.361,-0.830,-0.184
0.036,-0.019,0.238,0.227,-0.226,0.136,-0.295,0.308
0.056,0.075,0.386,0.263,-0.082,0.202,-0.333,0.413
0.024,0.031,0.263,0.310,-0.215,0.157,-0.327,0.328
0.264,0.360,0.473,0.421,-0.014,0.361,-0.162,0.608
-0.023,0.095,0.323,0.217,-0.101,0.104,-0.344,0.312
0.207,0.294,0.458,0.503,-0.016,0.359,-0.183,0.572
0.007,0.024,0.257,0.227,-0.198,0.053,-0.474,0.358
0.126,-0.093,0.183,0.272,-0.318,0.033,-0.347,0.390
0.214,-0.105,0.392,0.428,-0.179,0.231,-0.216,0.475
0.043,0.094,0.292,0.231,-0.116,-0.011,-0.432,0.347
0.101,0.133,0.244,0.157,-0.248,0.040,-0.349,0.343
-0.346,-0.337,-0.043,-0.112,-0.595,-0.180,-0.673,-0.047
0.119,-0.057,0.317,0.298,-0.019,0.104,-0.291,0.369
0.162,0.040,0.422,0.367,-0.132,0.245,-0.258,0.428
-0.015,-0.049,0.285,0.171,-0.114,0.146,-0.439,0.410
0.191,0.035,0.376,0.275,-0.179,0.066,-0.280,0.458
0.122,0.089,0.362,0.353,-0.179,0.237,-0.407,0.292
0.044,-0.001,0.303,0.202,-0.224,0.092,-0.233,0.342
0.210,0.124,0.420,0.338,-0.149,0.192,-0.289,0.298
-0.048,-0.185,0.228,0.146,-0.385,-0.017,-0.411,0.114
-0.011,0.032,0.296,0.316,-0.180,0.235,-0.221,0.367
-0.336,-0.393,-0.198,-0.108,-0.627,-0.167,-0.760,-0.056
-0.385,-0.616,-0.340,-0.370,-0.744,-0.408,-0.968,-0.166
-0.612,-0.679,-0.462,-0.508,-1.077,-0.531,-1.071,-0.342
-0.556,-0.549,-0.313,-0.353,-0.726,-0.368,-0.910,-0.182
-0.510,-0.578,-0.248,-0.436,-0.742,-0.377,-0.940,-0.245
-0.325,-0.302,-0.077,-0.055,-0.512,-0.256,-0.734,-0.008
-0.466,-0.341,-0.170,-0.240,-0.592,-0.315,-0.800,-0.067
-0.403,-0.432,-0.238,-0.228,-0.798,-0.539,-0.856,-0.240
-0.257,-0.333,-0.057,-0.061,-0.450,-0.259,-0.635,-0.043
-0.333,-0.282,-0.048,-0.154,-0.458,-0.314,-0.753,-0.034
-0.246,-0.177,0.047,-0.005,-0.537,-0.223,-0.523,0.122
-0.204,-0.442,0.032,0.102,-0.438,-0.158,-0.507,0.134
-0.509,-0.554,-0.217,-0.147,-0.576,-0.316,-0.816,0.012
-0.186,-0.349,-0.071,0.077,-0.560,-0.224,-0.709,-0.048
-0.423,-0.480,-0.150,-0.222,-0.728,-0.312,-0.796,-0.186
-0.257,-0.483,-0.125,-0.003,-0.459,-0.375,-0.749,-0.012
-0.295,-0.328,-0.061,-0.123,-0.447,-0.344,-0.710,0.047
-0.240,-0.257,-0.086,-0.120,-0.438,-0.205,-0.581,0.136
-0.347,-0.470,-0.278,-0.244,-0.669,-0.373,-0.824,-0.151
-0.522,-0.369,-0.107,-0.118,-0.626,-0.217,-0.844,-0.068
-0.263,-0.234,-0.091,-0.154,-0.427,-0.334,-0.719,0.021
-0.398,-0.413,-0.170,-0.184,-0.550,-0.243,-0.727,-0.034
-0.094,-0.126,0.074,-0.004,-0.381,-0.049,-0.542,0.174
-0.071,-0.055,0.235,0.163,-0.306,0.124,-0.588,0.294
-0.077,-0.292,-0.023,0.051,-0.575,-0.106,-0.660,0.084
-0.208,-0.282,0.025,-0.031,-0.533,-0.092,-0.505,0.064
-0.189,-0.125,0.146,0.076,-0.280,0.011,-0.535,0.239
-0.076,-0.008,0.209,0.234,-0.238,0.113,-0.477,0.297
-0.003,-0.249,-0.020,0.098,-0.467,-0.137,-0.423,0.235
-0.183,-0.290,0.034,-0.021,-0.477,-0.254,-0.466,0.133
-0.008,-0.192,0.037,0.060,-0.396,-0.005,-0.385,0.155
-0.241,-0.306,-0.008,-0.091,-0.423,-0.197,-0.619,0.025
-0.283,-0.285,0.072,0.072,-0.493,-0.142,-0.714,0.059
-0.049,-0.034,0.296,0.025,-0.344,-0.031,-0.434,0.303
-0.058,-0.127,0.151,0.089,-0.379,-0.024,-0.566,0.337
-0.099,-0.166,0.096,0.101,-0.398,0.019,-0.496,0.171
0.143,-0.049,0.296,0.377,-0.052,0.195,-0.357,0.328
0.438,0.333,0.639,0.583,0.145,0.476,0.019,0.715
0.438,0.358,0.574,0.587,0.089,0.474,0.032,0.734
0.351,0.226,0.470,0.646,0.069,0.356,-0.117,0.665
0.431,0.329,0.663,0.495,0.220,0.453,0.031,0.748
0.028,0.033,0.268,0.171,-0.202,0.060,-0.393,0.339
-0.039,-0.260,0.231,0.193,-0.307,-0.033,-0.398,0.244
-0.081,-0.075,0.149,0.076,-0.387,0.060,-0.405,0.291
0.108,0.076,0.370,0.330,0.132,0.251,-0.140,0.465
0.124,0.124,0.205,0.226,-0.040,0.119,-0.398,0.442
-0.011,-0.069,0.221,0.109,-0.292,0.034,-0.464,0.312
-0.196,-0.226,0.099,0.104,-0.345,0.011,-0.542,0.177
0.038,-0.058,0.212,0.060,-0.384,0.055,-0.532,0.321
0.020,0.006,0.212,0.282,-0.220,0.060,-0.467,0.327
-0.037,-0.038,0.165,0.173,-0.364,0.058,-0.516,0.221
0.106,0.125,0.431,0.448,0.000,0.289,-0.297,0.470
0.352,0.368,0.582,0.546,0.206,0.477,-0.158,0.676
0.219,0.191,0.331,0.363,-0.026,0.320,-0.182,0.610
0.191,0.203,0.446,0.437,-0.087,0.298,-0.282,0.480
-0.048,-0.174,0.168,0.192,-0.394,-0.003,-0.531,0.285
-0.006,-0.039,0.260,0.272,-0.229,-0.015,-0.331,0.310
-0.063,-0.080,0.326,0.249,-0.280,0.005,-0.337,0.347
0.261,0.229,0.386,0.491,0.051,0.317,-0.181,0.663
0.480,0.395,0.678,0.602,0.165,0.445,-0.021,0.683
0.188,0.273,0.435,0.364,-0.005,0.239,-0.170,0.522
-0.019,0.052,0.230,0.121,-0.223,0.033,-0.509,0.322
0.168,0.161,0.376,0.283,-0.155,0.154,-0.354,0.479
0.006,-0.195,0.240,0.206,-0.204,0.062,-0.467,0.313
-0.012,-0.065,0.240,0.233,-0.224,0.027,-0.500,0.260
0.027,0.099,0.281,0.260,-0.126,0.290,-0.183,0.366
0.307,0.194,0.496,0.514,-0.080,0.302,-0.040,0.511
0.223,0.267,0.558,0.421,0.073,0.336,-0.255,0.580
0.314,0.277,0.573,0.544,0.052,0.302,-0.060,0.670
0.338,0.304,0.680,0.560,0.190,0.530,0.013,0.715
0.433,0.550,0.817,0.645,0.186,0.637,0.165,0.732
0.646,0.625,0.927,0.811,0.496,0.884,0.283,1.115
0.738,0.684,0.938,0.859,0.449,0.842,0.209,1.142
0.841,0.575,0.954,1.007,0.441,0.852,0.383,1.020
0.799,0.903,1.065,0.981,0.572,0.867,0.529,1.200
0.809,0.574,1.019,0.898,0.472,0.831,0.288,1.033
1.151,0.976,1.391,1.287,0.766,1.229,0.693,1.367
1.210,1.169,1.541,1.409,0.811,1.305,0.756,1.421
