1.181,1.284,1.181,1.181,1.181,1.284,1.181,1.181,1.181,1.284,1.181,1.181,1.181,1.181,1.181
1.204,1.312,1.151,1.242,1.230,1.262,1.109,1.168,1.193,1.319,1.210,1.205,1.196,1.160,1.201
1.205,1.303,1.132,1.244,1.224,1.253,1.091,1.177,1.203,1.368,1.240,1.255,1.218,1.168,1.172
1.218,1.318,1.109,1.285,1.247,1.250,1.069,1.173,1.217,1.390,1.242,1.279,1.232,1.176,1.198
1.223,1.311,1.096,1.283,1.248,1.242,1.057,1.170,1.226,1.405,1.253,1.284,1.243,1.161,1.218
1.248,1.318,1.093,1.273,1.244,1.225,1.037,1.163,1.238,1.404,1.248,1.276,1.268,1.161,1.185
1.257,1.317,1.089,1.267,1.256,1.219,1.010,1.172,1.243,1.435,1.261,1.314,1.288,1.147,1.175
1.273,1.312,1.071,1.264,1.269,1.198,0.985,1.149,1.264,1.459,1.261,1.336,1.307,1.118,1.181
1.284,1.321,1.054,1.291,1.276,1.181,0.959,1.139,1.282,1.490,1.281,1.351,1.335,1.101,1.155
1.296,1.320,1.028,1.307,1.279,1.160,0.940,1.120,1.299,1.503,1.284,1.355,1.351,1.073,1.115
1.311,1.321,1.016,1.311,1.267,1.144,0.928,1.114,1.324,1.558,1.299,1.410,1.384,1.053,1.107
1.321,1.333,1.016,1.324,1.289,1.136,0.901,1.112,1.350,1.587,1.314,1.420,1.398,1.050,1.087
1.334,1.343,1.000,1.351,1.301,1.128,0.887,1.102,1.358,1.612,1.344,1.424,1.405,1.037,1.068
1.348,1.351,0.989,1.369,1.312,1.103,0.862,1.076,1.391,1.638,1.350,1.429,1.427,1.022,1.046
1.355,1.348,0.974,1.376,1.290,1.083,0.847,1.073,1.398,1.652,1.342,1.455,1.440,1.008,1.029
1.364,1.356,0.974,1.385,1.291,1.067,0.825,1.069,1.411,1.670,1.365,1.449,1.456,0.989,1.027
1.379,1.368,0.959,1.415,1.292,1.056,0.801,1.077,1.422,1.704,1.371,1.490,1.454,0.973,1.024
1.376,1.353,0.944,1.409,1.307,1.065,0.793,1.094,1.407,1.709,1.379,1.506,1.485,0.969,1.034
1.383,1.352,0.938,1.409,1.296,1.045,0.778,1.084,1.405,1.730,1.408,1.512,1.512,0.955,1.037
1.392,1.355,0.931,1.418,1.297,1.026,0.760,1.068,1.444,1.768,1.401,1.545,1.544,0.935,1.033
1.408,1.355,0.912,1.431,1.313,1.023,0.745,1.070,1.455,1.783,1.384,1.578,1.585,0.930,1.017
1.435,1.372,0.910,1.443,1.310,1.004,0.733,1.049,1.475,1.783,1.376,1.568,1.585,0.920,0.990
1.444,1.373,0.901,1.448,1.303,0.984,0.709,1.048,1.474,1.793,1.359,1.605,1.625,0.909,0.984
1.457,1.366,0.892,1.436,1.321,0.979,0.696,1.042,1.470,1.797,1.363,1.612,1.638,0.899,0.997
1.480,1.370,0.881,1.439,1.315,0.968,0.687,1.038,1.482,1.811,1.392,1.591,1.671,0.883,0.985
1.493,1.366,0.875,1.428,1.333,0.949,0.657,1.028,1.501,1.824,1.421,1.559,1.685,0.865,1.004
1.487,1.366,0.874,1.434,1.338,0.945,0.652,1.024,1.494,1.839,1.403,1.612,1.734,0.856,1.013
1.489,1.362,0.867,1.436,1.342,0.942,0.646,1.025,1.491,1.859,1.416,1.636,1.739,0.848,1.039
1.515,1.370,0.852,1.455,1.344,0.923,0.628,1.010,1.496,1.871,1.424,1.643,1.773,0.835,1.012
1.518,1.373,0.841,1.477,1.364,0.909,0.603,1.005,1.490,1.892,1.438,1.670,1.790,0.811,1.009
1.542,1.381,0.841,1.471,1.368,0.882,0.574,0.991,1.496,1.887,1.414,1.684,1.803,0.816,0.982
1.578,1.391,0.825,1.487,1.374,0.870,0.563,0.978,1.499,1.913,1.441,1.694,1.817,0.807,0.991
1.575,1.394,0.816,1.511,1.394,0.853,0.541,0.965,1.502,1.932,1.442,1.724,1.844,0.789,0.995
1.601,1.405,0.807,1.527,1.384,0.841,0.527,0.970,1.507,1.935,1.427,1.740,1.862,0.784,0.999
1.613,1.407,0.794,1.546,1.375,0.827,0.505,0.985,1.538,1.985,1.439,1.779,1.852,0.782,1.011
1.616,1.396,0.782,1.541,1.373,0.806,0.487,0.971,1.544,2.028,1.467,1.816,1.872,0.780,0.993
1.617,1.392,0.784,1.529,1.382,0.797,0.480,0.958,1.573,2.028,1.431,1.827,1.892,0.767,1.002
1.639,1.386,0.768,1.526,1.379,0.772,0.461,0.937,1.573,2.048,1.420,1.877,1.879,0.751,1.000
1.644,1.383,0.762,1.527,1.405,0.765,0.448,0.931,1.588,2.078,1.403,1.938,1.894,0.739,0.987
1.643,1.379,0.755,1.534,1.410,0.753,0.435,0.925,1.595,2.069,1.382,1.942,1.888,0.744,0.978
1.653,1.374,0.744,1.535,1.408,0.740,0.425,0.916,1.617,2.085,1.384,1.942,1.884,0.742,0.985
1.657,1.373,0.736,1.546,1.430,0.731,0.409,0.914,1.610,2.080,1.370,1.962,1.908,0.726,0.980
1.672,1.374,0.725,1.558,1.445,0.732,0.405,0.915,1.606,2.080,1.367,1.970,1.917,0.709,0.953
1.685,1.351,0.703,1.541,1.446,0.721,0.393,0.916,1.602,2.082,1.372,1.972,1.940,0.708,0.954
1.692,1.328,0.683,1.526,1.445,0.711,0.381,0.917,1.605,2.100,1.382,1.989,1.959,0.708,0.967
1.716,1.332,0.676,1.530,1.452,0.707,0.376,0.915,1.595,2.087,1.375,1.987,1.992,0.700,0.978
1.744,1.328,0.659,1.532,1.432,0.699,0.372,0.915,1.593,2.069,1.358,1.980,1.997,0.700,0.964
1.745,1.312,0.653,1.511,1.429,0.684,0.365,0.896,1.619,2.083,1.348,1.986,2.020,0.702,0.981
1.764,1.295,0.629,1.511,1.440,0.673,0.353,0.894,1.620,2.103,1.356,2.013,2.029,0.702,0.988
1.764,1.292,0.623,1.518,1.439,0.659,0.345,0.875,1.640,2.134,1.344,2.067,2.041,0.700,0.981
1.765,1.293,0.612,1.546,1.444,0.652,0.337,0.875,1.662,2.146,1.351,2.051,2.077,0.679,0.998
1.767,1.295,0.611,1.553,1.453,0.643,0.327,0.872,1.668,2.134,1.352,2.020,2.082,0.676,0.996
1.788,1.285,0.590,1.566,1.466,0.642,0.322,0.874,1.681,2.172,1.364,2.057,2.100,0.667,1.004
1.796,1.283,0.585,1.568,1.433,0.635,0.321,0.875,1.701,2.204,1.368,2.087,2.113,0.662,0.995
1.794,1.287,0.588,1.568,1.449,0.630,0.314,0.872,1.712,2.223,1.367,2.111,2.124,0.655,0.966
1.791,1.288,0.586,1.581,1.435,0.621,0.310,0.867,1.719,2.214,1.352,2.109,2.162,0.646,0.989
1.790,1.281,0.581,1.578,1.445,0.614,0.303,0.861,1.728,2.217,1.348,2.111,2.157,0.638,0.996
1.800,1.302,0.590,1.598,1.443,0.603,0.294,0.855,1.731,2.262,1.384,2.136,2.190,0.626,1.010
1.808,1.297,0.577,1.612,1.438,0.599,0.291,0.855,1.777,2.286,1.359,2.163,2.174,0.608,1.000
1.827,1.304,0.573,1.624,1.440,0.596,0.287,0.860,1.763,2.279,1.347,2.186,2.190,0.611,0.961
1.834,1.308,0.571,1.633,1.436,0.581,0.277,0.850,1.762,2.286,1.335,2.221,2.205,0.600,0.979
1.857,1.308,0.567,1.624,1.424,0.563,0.263,0.846,1.770,2.301,1.368,2.186,2.205,0.592,0.978
1.856,1.316,0.565,1.651,1.421,0.548,0.254,0.831,1.776,2.293,1.348,2.196,2.210,0.589,0.987
1.857,1.313,0.566,1.640,1.418,0.532,0.248,0.806,1.784,2.320,1.341,2.249,2.210,0.590,0.987
1.865,1.323,0.568,1.653,1.401,0.527,0.247,0.801,1.795,2.349,1.352,2.272,2.211,0.578,0.984
1.858,1.326,0.564,1.678,1.393,0.518,0.241,0.800,1.828,2.354,1.332,2.275,2.203,0.594,0.973
1.863,1.327,0.568,1.662,1.377,0.509,0.236,0.794,1.825,2.352,1.345,2.254,2.232,0.591,0.986
1.866,1.327,0.563,1.677,1.377,0.502,0.230,0.798,1.823,2.331,1.316,2.264,2.233,0.592,0.977
1.876,1.343,0.561,1.715,1.372,0.492,0.223,0.789,1.819,2.322,1.279,2.318,2.228,0.596,0.964
1.870,1.353,0.569,1.720,1.371,0.486,0.217,0.796,1.814,2.330,1.285,2.329,2.239,0.592,0.980
1.872,1.344,0.565,1.707,1.397,0.484,0.212,0.792,1.829,2.355,1.290,2.351,2.299,0.575,0.979
1.872,1.351,0.570,1.712,1.385,0.480,0.211,0.788,1.833,2.379,1.309,2.361,2.326,0.572,0.966
1.879,1.357,0.566,1.732,1.371,0.472,0.210,0.771,1.848,2.408,1.312,2.393,2.343,0.561,0.962
1.874,1.352,0.560,1.745,1.380,0.468,0.210,0.757,1.842,2.412,1.321,2.390,2.338,0.563,0.974
1.906,1.358,0.556,1.740,1.377,0.455,0.202,0.746,1.844,2.395,1.304,2.386,2.361,0.564,0.963
1.912,1.364,0.552,1.763,1.373,0.446,0.195,0.745,1.846,2.411,1.306,2.411,2.396,0.559,0.938
1.930,1.363,0.549,1.753,1.371,0.441,0.192,0.741,1.852,2.405,1.280,2.440,2.380,0.555,0.959
1.939,1.372,0.550,1.765,1.369,0.438,0.188,0.746,1.853,2.398,1.257,2.469,2.387,0.553,0.944
1.943,1.369,0.550,1.753,1.366,0.433,0.187,0.732,1.866,2.411,1.257,2.479,2.381,0.541,0.922
1.954,1.391,0.558,1.777,1.363,0.422,0.186,0.704,1.882,2.403,1.234,2.488,2.384,0.542,0.904
1.958,1.385,0.553,1.772,1.369,0.417,0.185,0.686,1.878,2.415,1.230,2.525,2.391,0.538,0.897
1.968,1.379,0.551,1.753,1.378,0.413,0.185,0.671,1.905,2.464,1.241,2.568,2.411,0.534,0.902
1.972,1.379,0.550,1.755,1.391,0.414,0.183,0.673,1.901,2.484,1.238,2.622,2.429,0.535,0.901
1.992,1.381,0.543,1.763,1.379,0.410,0.182,0.668,1.863,2.484,1.283,2.581,2.440,0.527,0.894
2.010,1.399,0.547,1.780,1.380,0.403,0.176,0.672,1.856,2.484,1.252,2.656,2.422,0.525,0.890
2.042,1.413,0.554,1.764,1.372,0.401,0.173,0.676,1.872,2.506,1.266,2.649,2.424,0.515,0.882
2.040,1.415,0.553,1.776,1.374,0.396,0.169,0.674,1.882,2.528,1.275,2.664,2.409,0.512,0.866
2.060,1.405,0.545,1.759,1.388,0.394,0.167,0.672,1.871,2.562,1.304,2.691,2.399,0.511,0.870
2.049,1.412,0.547,1.779,1.385,0.393,0.165,0.675,1.877,2.565,1.300,2.696,2.402,0.508,0.866
2.051,1.407,0.535,1.802,1.370,0.392,0.163,0.690,1.866,2.569,1.283,2.756,2.415,0.500,0.841
2.057,1.416,0.539,1.809,1.370,0.395,0.166,0.687,1.859,2.601,1.312,2.774,2.427,0.496,0.841
2.046,1.413,0.539,1.810,1.365,0.391,0.166,0.676,1.865,2.610,1.320,2.767,2.450,0.492,0.827
2.039,1.411,0.539,1.812,1.361,0.378,0.160,0.657,1.873,2.629,1.330,2.775,2.491,0.491,0.812
2.047,1.404,0.528,1.823,1.344,0.376,0.159,0.662,1.842,2.622,1.319,2.829,2.495,0.486,0.798
2.052,1.405,0.529,1.819,1.339,0.364,0.151,0.655,1.869,2.619,1.280,2.866,2.509,0.488,0.797
2.065,1.412,0.527,1.831,1.355,0.356,0.144,0.650,1.878,2.632,1.278,2.885,2.545,0.485,0.795
2.079,1.412,0.518,1.849,1.347,0.352,0.143,0.643,1.847,2.678,1.294,3.001,2.557,0.487,0.794
2.084,1.418,0.517,1.866,1.356,0.348,0.142,0.630,1.848,2.700,1.303,3.027,2.571,0.497,0.804
2.081,1.414,0.516,1.862,1.376,0.348,0.140,0.631,1.854,2.697,1.298,3.021,2.547,0.490,0.788
2.105,1.410,0.516,1.832,1.380,0.346,0.140,0.617,1.851,2.701,1.288,3.059,2.544,0.491,0.766
2.104,1.402,0.511,1.826,1.378,0.346,0.139,0.625,1.845,2.709,1.277,3.116,2.532,0.489,0.777
2.108,1.407,0.510,1.843,1.371,0.347,0.139,0.630,1.828,2.718,1.274,3.171,2.545,0.490,0.773
2.105,1.408,0.504,1.868,1.370,0.345,0.137,0.632,1.849,2.717,1.257,3.176,2.549,0.476,0.778
2.105,1.413,0.508,1.868,1.374,0.341,0.137,0.617,1.853,2.749,1.259,3.238,2.554,0.477,0.778
2.113,1.420,0.507,1.881,1.373,0.343,0.138,0.621,1.864,2.759,1.263,3.232,2.549,0.477,0.770
2.118,1.437,0.511,1.909,1.364,0.341,0.138,0.616,1.861,2.784,1.273,3.272,2.553,0.470,0.734
2.118,1.423,0.504,1.895,1.343,0.332,0.137,0.599,1.872,2.760,1.252,3.253,2.553,0.473,0.733
2.123,1.413,0.500,1.880,1.329,0.326,0.134,0.596,1.882,2.749,1.229,3.268,2.540,0.466,0.730
2.118,1.404,0.495,1.881,1.347,0.327,0.135,0.588,1.892,2.769,1.217,3.331,2.554,0.466,0.724
2.115,1.407,0.497,1.883,1.339,0.326,0.134,0.593,1.919,2.759,1.202,3.301,2.553,0.467,0.696
2.116,1.401,0.496,1.871,1.344,0.327,0.134,0.592,1.910,2.753,1.205,3.291,2.541,0.470,0.669
2.153,1.424,0.497,1.897,1.344,0.325,0.133,0.592,1.934,2.759,1.198,3.285,2.546,0.466,0.671
2.164,1.429,0.493,1.913,1.356,0.325,0.133,0.587,1.923,2.750,1.173,3.352,2.540,0.461,0.675
2.169,1.426,0.491,1.910,1.355,0.326,0.131,0.600,1.916,2.763,1.185,3.361,2.580,0.467,0.647
2.165,1.418,0.485,1.914,1.341,0.324,0.131,0.598,1.925,2.748,1.165,3.367,2.609,0.470,0.646
2.143,1.407,0.487,1.898,1.370,0.324,0.131,0.585,1.902,2.773,1.182,3.421,2.587,0.473,0.649
2.158,1.406,0.486,1.883,1.368,0.321,0.129,0.585,1.907,2.796,1.182,3.468,2.595,0.471,0.641
2.143,1.383,0.473,1.887,1.353,0.324,0.131,0.589,1.913,2.777,1.177,3.425,2.613,0.456,0.650
2.150,1.375,0.468,1.876,1.352,0.319,0.128,0.587,1.904,2.765,1.188,3.377,2.605,0.457,0.639
2.152,1.380,0.472,1.875,1.359,0.312,0.125,0.571,1.907,2.783,1.199,3.389,2.610,0.452,0.629
2.173,1.367,0.464,1.855,1.348,0.309,0.123,0.576,1.910,2.803,1.211,3.399,2.604,0.461,0.632
2.172,1.363,0.462,1.852,1.334,0.303,0.118,0.583,1.900,2.834,1.225,3.452,2.592,0.455,0.643
2.168,1.360,0.457,1.868,1.332,0.300,0.117,0.577,1.910,2.863,1.221,3.513,2.601,0.457,0.646
2.178,1.364,0.456,1.875,1.330,0.301,0.117,0.580,1.915,2.875,1.224,3.525,2.610,0.454,0.629
2.167,1.369,0.462,1.870,1.322,0.300,0.118,0.579,1.923,2.898,1.226,3.563,2.625,0.440,0.613
2.184,1.376,0.466,1.861,1.322,0.295,0.116,0.568,1.906,2.882,1.216,3.585,2.627,0.437,0.598
2.183,1.390,0.471,1.879,1.310,0.289,0.115,0.557,1.913,2.861,1.192,3.587,2.638,0.436,0.587
2.179,1.380,0.457,1.912,1.303,0.287,0.114,0.558,1.921,2.854,1.174,3.613,2.625,0.436,0.591
2.197,1.383,0.458,1.904,1.306,0.287,0.114,0.556,1.928,2.874,1.194,3.590,2.650,0.440,0.577
2.204,1.382,0.457,1.895,1.308,0.287,0.112,0.560,1.932,2.867,1.188,3.580,2.632,0.443,0.569
2.226,1.407,0.465,1.912,1.307,0.286,0.113,0.557,1.923,2.848,1.186,3.554,2.676,0.455,0.566
2.224,1.414,0.471,1.908,1.298,0.285,0.111,0.562,1.913,2.843,1.181,3.575,2.671,0.465,0.554
2.242,1.418,0.466,1.925,1.289,0.284,0.109,0.574,1.937,2.850,1.185,3.538,2.676,0.457,0.547
2.240,1.421,0.464,1.941,1.272,0.274,0.104,0.566,1.943,2.891,1.194,3.602,2.697,0.450,0.552
2.239,1.426,0.458,1.981,1.260,0.273,0.103,0.575,1.944,2.878,1.187,3.589,2.702,0.445,0.565
2.248,1.419,0.454,1.971,1.268,0.274,0.104,0.567,1.949,2.905,1.176,3.682,2.730,0.429,0.574
2.250,1.423,0.455,1.977,1.256,0.268,0.099,0.577,1.929,2.921,1.180,3.748,2.729,0.434,0.580
2.262,1.425,0.456,1.968,1.269,0.270,0.097,0.590,1.920,2.909,1.184,3.725,2.748,0.435,0.565
2.273,1.430,0.460,1.953,1.269,0.266,0.094,0.591,1.936,2.959,1.204,3.758,2.751,0.429,0.559
2.291,1.425,0.451,1.966,1.268,0.265,0.094,0.586,1.927,2.954,1.211,3.740,2.780,0.437,0.538
2.289,1.422,0.448,1.971,1.280,0.266,0.093,0.595,1.912,2.936,1.182,3.812,2.782,0.435,0.524
2.287,1.429,0.452,1.973,1.276,0.264,0.091,0.601,1.897,2.967,1.199,3.870,2.768,0.435,0.518
2.306,1.442,0.451,1.998,1.282,0.263,0.091,0.594,1.916,3.013,1.215,3.901,2.755,0.433,0.513
2.315,1.440,0.450,1.990,1.276,0.261,0.090,0.591,1.916,3.013,1.202,3.941,2.775,0.437,0.500
2.326,1.445,0.449,1.999,1.287,0.263,0.090,0.596,1.896,3.026,1.222,3.951,2.773,0.428,0.503
2.345,1.428,0.441,1.971,1.302,0.265,0.091,0.595,1.896,3.026,1.219,3.961,2.774,0.433,0.498
2.366,1.430,0.441,1.963,1.290,0.262,0.090,0.590,1.896,3.003,1.204,3.951,2.794,0.430,0.496
2.388,1.453,0.452,1.958,1.295,0.256,0.088,0.579,1.888,3.021,1.225,3.947,2.820,0.420,0.505
2.396,1.462,0.448,1.991,1.294,0.254,0.087,0.572,1.899,2.997,1.205,3.927,2.823,0.424,0.505
2.412,1.470,0.449,1.996,1.293,0.252,0.086,0.573,1.916,2.990,1.179,3.957,2.846,0.426,0.497
2.420,1.479,0.452,2.002,1.303,0.256,0.087,0.574,1.916,3.020,1.197,3.977,2.830,0.431,0.509
2.438,1.486,0.450,2.014,1.292,0.250,0.085,0.573,1.924,3.001,1.178,3.973,2.816,0.425,0.544
2.452,1.484,0.448,2.005,1.301,0.247,0.083,0.567,1.939,3.006,1.149,4.054,2.790,0.424,0.532
2.449,1.474,0.443,2.006,1.283,0.244,0.081,0.571,1.924,3.002,1.156,4.050,2.789,0.422,0.544
2.439,1.466,0.438,2.010,1.287,0.247,0.083,0.573,1.927,2.997,1.138,4.096,2.793,0.423,0.562
2.436,1.466,0.442,1.994,1.266,0.245,0.083,0.572,1.915,3.013,1.152,4.116,2.800,0.418,0.568
2.439,1.459,0.438,1.994,1.271,0.245,0.081,0.579,1.928,3.018,1.143,4.132,2.803,0.417,0.564
2.439,1.450,0.434,1.986,1.249,0.245,0.082,0.586,1.924,3.011,1.130,4.171,2.799,0.409,0.552
2.449,1.447,0.434,1.970,1.232,0.243,0.080,0.596,1.931,3.002,1.125,4.146,2.782,0.404,0.551
2.473,1.432,0.425,1.949,1.232,0.244,0.081,0.597,1.925,3.005,1.117,4.200,2.808,0.405,0.544
2.476,1.438,0.425,1.964,1.242,0.245,0.081,0.595,1.914,2.990,1.106,4.222,2.800,0.401,0.534
2.474,1.448,0.429,1.974,1.235,0.244,0.080,0.599,1.921,2.997,1.104,4.235,2.807,0.402,0.538
2.478,1.435,0.426,1.949,1.233,0.245,0.082,0.598,1.919,2.959,1.083,4.214,2.804,0.398,0.546
2.489,1.438,0.426,1.953,1.212,0.237,0.079,0.591,1.913,2.967,1.090,4.222,2.815,0.391,0.555
2.489,1.440,0.434,1.921,1.214,0.239,0.079,0.591,1.930,2.976,1.085,4.231,2.833,0.386,0.529
2.497,1.436,0.430,1.922,1.225,0.242,0.081,0.589,1.953,2.971,1.071,4.218,2.831,0.378,0.536
2.488,1.440,0.431,1.934,1.217,0.242,0.082,0.586,1.967,2.956,1.033,4.299,2.849,0.381,0.529
2.501,1.453,0.432,1.955,1.237,0.246,0.084,0.586,1.980,2.961,1.022,4.329,2.842,0.380,0.535
2.504,1.457,0.430,1.975,1.256,0.249,0.086,0.574,1.987,2.949,1.023,4.278,2.845,0.386,0.537
2.490,1.456,0.433,1.966,1.264,0.247,0.086,0.559,2.001,2.928,0.998,4.292,2.860,0.382,0.576
2.490,1.454,0.430,1.977,1.259,0.244,0.086,0.551,2.011,2.923,0.986,4.307,2.880,0.370,0.575
2.482,1.453,0.431,1.976,1.281,0.244,0.082,0.566,2.017,2.909,0.983,4.268,2.879,0.374,0.576
2.492,1.450,0.424,1.990,1.283,0.239,0.081,0.550,2.023,2.938,0.990,4.311,2.883,0.372,0.577
2.493,1.442,0.417,1.999,1.280,0.239,0.081,0.553,2.033,2.932,0.979,4.318,2.865,0.368,0.570
2.476,1.448,0.427,1.982,1.274,0.237,0.080,0.548,2.024,2.933,0.981,4.332,2.855,0.369,0.576
2.470,1.459,0.439,1.966,1.270,0.237,0.080,0.553,2.031,2.948,0.966,4.429,2.856,0.373,0.595
2.452,1.453,0.444,1.939,1.246,0.231,0.080,0.536,2.038,2.961,0.966,4.450,2.836,0.376,0.586
2.448,1.461,0.443,1.969,1.214,0.229,0.081,0.536,2.053,2.958,0.953,4.472,2.827,0.375,0.585
2.455,1.465,0.445,1.963,1.198,0.230,0.081,0.544,2.061,2.969,0.939,4.556,2.847,0.368,0.582
2.456,1.459,0.443,1.956,1.167,0.225,0.082,0.524,2.047,2.987,0.953,4.574,2.861,0.365,0.585
2.461,1.472,0.451,1.950,1.169,0.224,0.081,0.534,2.072,2.969,0.937,4.540,2.852,0.366,0.599
2.455,1.478,0.449,1.979,1.162,0.220,0.079,0.529,2.081,2.950,0.932,4.486,2.837,0.371,0.608
2.451,1.477,0.447,1.992,1.141,0.217,0.078,0.530,2.077,2.951,0.933,4.495,2.852,0.364,0.626
2.448,1.489,0.449,2.016,1.142,0.220,0.079,0.538,2.074,2.950,0.934,4.493,2.832,0.370,0.636
2.437,1.491,0.451,2.022,1.166,0.218,0.077,0.530,2.078,2.937,0.913,4.546,2.826,0.370,0.629
2.440,1.481,0.445,2.017,1.152,0.217,0.077,0.531,2.085,2.930,0.904,4.556,2.821,0.377,0.630
2.440,1.479,0.444,2.017,1.158,0.215,0.077,0.521,2.062,2.941,0.916,4.581,2.826,0.372,0.629
2.444,1.468,0.437,2.019,1.166,0.215,0.076,0.523,2.068,2.951,0.931,4.524,2.839,0.374,0.627
2.423,1.462,0.435,2.026,1.158,0.214,0.076,0.521,2.049,2.938,0.940,4.479,2.840,0.375,0.637
2.428,1.467,0.437,2.029,1.158,0.212,0.075,0.515,2.049,2.950,0.939,4.521,2.858,0.363,0.650
2.438,1.458,0.435,2.007,1.156,0.211,0.074,0.518,2.056,2.944,0.926,4.553,2.854,0.364,0.648
2.430,1.455,0.430,2.026,1.157,0.211,0.073,0.529,2.073,2.962,0.933,4.535,2.859,0.364,0.639
2.424,1.464,0.429,2.060,1.160,0.208,0.071,0.523,2.078,2.960,0.924,4.564,2.862,0.373,0.633
2.444,1.464,0.429,2.046,1.183,0.208,0.070,0.518,2.059,2.936,0.919,4.554,2.877,0.359,0.596
2.451,1.450,0.422,2.032,1.174,0.206,0.070,0.514,2.089,2.952,0.910,4.585,2.876,0.351,0.596
2.450,1.438,0.419,2.014,1.165,0.207,0.071,0.519,2.110,2.945,0.896,4.588,2.879,0.353,0.583
2.462,1.440,0.416,2.023,1.189,0.207,0.070,0.515,2.099,2.964,0.895,4.673,2.880,0.359,0.584
2.451,1.433,0.414,2.024,1.199,0.206,0.069,0.511,2.092,2.943,0.874,4.734,2.898,0.365,0.587
2.461,1.432,0.407,2.048,1.173,0.202,0.069,0.508,2.116,2.937,0.871,4.681,2.885,0.368,0.574
2.450,1.435,0.406,2.068,1.169,0.200,0.067,0.509,2.093,2.951,0.889,4.679,2.877,0.370,0.574
2.455,1.432,0.404,2.067,1.176,0.201,0.066,0.520,2.097,2.942,0.876,4.712,2.874,0.364,0.567
2.456,1.428,0.403,2.059,1.162,0.201,0.066,0.524,2.084,2.948,0.877,4.755,2.863,0.361,0.562
2.464,1.429,0.402,2.064,1.167,0.200,0.066,0.515,2.093,2.967,0.890,4.725,2.864,0.359,0.557
2.461,1.419,0.400,2.045,1.171,0.201,0.068,0.505,2.108,2.986,0.895,4.725,2.855,0.358,0.554
2.463,1.419,0.402,2.033,1.174,0.198,0.068,0.495,2.129,2.982,0.891,4.685,2.879,0.354,0.558
2.450,1.411,0.398,2.039,1.182,0.202,0.069,0.502,2.128,2.991,0.886,4.744,2.883,0.352,0.568
2.448,1.404,0.393,2.048,1.185,0.204,0.070,0.503,2.132,2.985,0.878,4.761,2.917,0.351,0.574
2.453,1.402,0.391,2.047,1.188,0.205,0.070,0.505,2.115,2.974,0.880,4.753,2.913,0.349,0.566
2.442,1.409,0.395,2.057,1.189,0.204,0.069,0.511,2.101,3.006,0.911,4.722,2.922,0.356,0.559
2.454,1.403,0.390,2.057,1.170,0.203,0.070,0.498,2.098,3.015,0.924,4.693,2.917,0.354,0.564
2.471,1.413,0.390,2.074,1.174,0.201,0.069,0.499,2.120,3.040,0.920,4.737,2.890,0.350,0.558
2.480,1.424,0.390,2.096,1.165,0.199,0.068,0.500,2.109,3.001,0.895,4.770,2.891,0.343,0.558
2.480,1.422,0.389,2.098,1.172,0.200,0.068,0.506,2.108,3.008,0.896,4.788,2.891,0.340,0.536
2.495,1.428,0.388,2.104,1.168,0.199,0.067,0.507,2.131,3.008,0.887,4.787,2.881,0.343,0.547
2.477,1.397,0.382,2.065,1.182,0.199,0.067,0.500,2.119,3.020,0.894,4.812,2.886,0.341,0.547
2.484,1.389,0.379,2.048,1.177,0.198,0.067,0.499,2.117,3.041,0.894,4.885,2.891,0.342,0.555
2.489,1.403,0.389,2.034,1.184,0.195,0.066,0.489,2.111,3.050,0.899,4.904,2.894,0.343,0.555
2.503,1.422,0.395,2.045,1.187,0.195,0.066,0.488,2.093,3.026,0.895,4.891,2.924,0.339,0.553
2.499,1.439,0.403,2.055,1.189,0.195,0.065,0.488,2.096,3.031,0.890,4.926,2.946,0.338,0.555
2.515,1.449,0.402,2.076,1.191,0.195,0.065,0.490,2.104,2.999,0.874,4.890,2.941,0.339,0.542
2.521,1.440,0.400,2.058,1.183,0.192,0.065,0.479,2.098,3.008,0.878,4.910,2.945,0.337,0.537
2.527,1.445,0.399,2.070,1.193,0.191,0.065,0.474,2.088,3.006,0.885,4.894,2.963,0.331,0.516
2.527,1.456,0.404,2.079,1.182,0.188,0.063,0.473,2.080,3.030,0.904,4.883,3.017,0.330,0.525
2.521,1.462,0.406,2.086,1.177,0.189,0.064,0.476,2.095,3.018,0.890,4.885,3.035,0.335,0.521
2.532,1.480,0.408,2.117,1.180,0.189,0.065,0.471,2.097,3.001,0.872,4.926,3.036,0.325,0.521
2.523,1.469,0.401,2.132,1.189,0.191,0.065,0.471,2.083,3.016,0.884,4.937,3.046,0.335,0.516
2.510,1.473,0.408,2.120,1.185,0.191,0.066,0.469,2.087,3.015,0.880,4.948,3.036,0.334,0.513
2.484,1.456,0.403,2.118,1.193,0.192,0.067,0.463,2.088,3.018,0.861,5.067,3.008,0.336,0.480
2.500,1.456,0.400,2.118,1.184,0.189,0.068,0.446,2.085,3.013,0.863,5.042,3.010,0.335,0.477
2.478,1.439,0.395,2.116,1.174,0.186,0.067,0.441,2.095,3.028,0.874,5.010,2.988,0.329,0.475
2.481,1.433,0.388,2.136,1.165,0.188,0.068,0.444,2.091,3.057,0.883,5.060,2.967,0.339,0.476
2.466,1.419,0.381,2.143,1.141,0.184,0.068,0.440,2.069,3.033,0.881,5.042,2.956,0.341,0.470
2.471,1.419,0.381,2.137,1.138,0.182,0.068,0.429,2.080,3.013,0.870,5.018,2.983,0.342,0.477
2.486,1.420,0.382,2.124,1.132,0.182,0.067,0.435,2.079,2.996,0.872,4.949,2.975,0.335,0.480
2.462,1.425,0.385,2.142,1.127,0.181,0.067,0.435,2.079,3.008,0.871,4.994,2.966,0.341,0.476
2.463,1.415,0.383,2.124,1.123,0.177,0.064,0.434,2.082,3.016,0.871,5.015,2.965,0.342,0.477
2.457,1.426,0.390,2.124,1.120,0.177,0.063,0.443,2.050,3.007,0.876,5.037,2.953,0.339,0.474
2.466,1.432,0.393,2.116,1.116,0.171,0.061,0.430,2.055,3.017,0.883,5.019,2.940,0.329,0.489
2.471,1.438,0.401,2.088,1.111,0.172,0.062,0.430,2.041,3.047,0.893,5.091,2.943,0.319,0.479
2.463,1.444,0.402,2.107,1.107,0.169,0.061,0.424,2.032,3.067,0.905,5.113,2.956,0.319,0.478
2.460,1.434,0.403,2.072,1.100,0.166,0.060,0.422,2.028,3.071,0.908,5.123,2.936,0.318,0.490
2.485,1.429,0.398,2.067,1.103,0.165,0.058,0.425,2.031,3.074,0.903,5.156,2.936,0.319,0.475
2.495,1.431,0.401,2.047,1.101,0.166,0.059,0.427,2.044,3.089,0.903,5.167,2.932,0.321,0.483
2.499,1.443,0.402,2.073,1.099,0.162,0.056,0.426,2.034,3.103,0.916,5.167,2.940,0.325,0.488
2.498,1.469,0.413,2.094,1.104,0.163,0.057,0.421,2.051,3.140,0.914,5.259,2.945,0.328,0.497
2.490,1.463,0.410,2.097,1.111,0.162,0.057,0.413,2.057,3.168,0.932,5.232,2.940,0.326,0.497
2.490,1.483,0.415,2.130,1.088,0.161,0.058,0.409,2.045,3.203,0.957,5.239,2.912,0.334,0.505
2.487,1.489,0.413,2.160,1.079,0.158,0.056,0.417,2.041,3.203,0.952,5.282,2.927,0.330,0.496
2.490,1.476,0.406,2.152,1.081,0.159,0.055,0.421,2.045,3.223,0.962,5.282,2.903,0.325,0.504
2.493,1.475,0.405,2.153,1.067,0.161,0.056,0.432,2.068,3.243,0.963,5.283,2.925,0.341,0.491
2.497,1.497,0.408,2.198,1.054,0.163,0.058,0.438,2.056,3.227,0.968,5.232,2.911,0.344,0.487
2.501,1.496,0.405,2.208,1.057,0.163,0.058,0.434,2.042,3.211,0.954,5.292,2.899,0.337,0.468
2.488,1.491,0.406,2.204,1.057,0.162,0.056,0.439,2.027,3.224,0.958,5.351,2.876,0.349,0.482
2.508,1.486,0.401,2.194,1.045,0.161,0.056,0.441,2.016,3.236,0.952,5.458,2.865,0.349,0.470
2.518,1.477,0.395,2.196,1.041,0.158,0.055,0.434,2.024,3.232,0.932,5.536,2.881,0.337,0.475
2.510,1.467,0.395,2.174,1.034,0.158,0.057,0.426,2.041,3.233,0.926,5.535,2.867,0.336,0.463
2.539,1.477,0.398,2.162,1.054,0.159,0.057,0.419,2.040,3.215,0.919,5.517,2.846,0.328,0.450
2.562,1.484,0.398,2.161,1.046,0.157,0.056,0.419,2.035,3.192,0.902,5.551,2.831,0.325,0.432
2.558,1.488,0.398,2.173,1.053,0.155,0.054,0.420,2.030,3.175,0.890,5.580,2.847,0.330,0.437
2.550,1.482,0.394,2.185,1.069,0.157,0.054,0.430,2.023,3.152,0.897,5.471,2.871,0.327,0.440
2.553,1.472,0.390,2.176,1.062,0.159,0.055,0.432,2.050,3.138,0.875,5.488,2.872,0.320,0.445
2.557,1.479,0.395,2.166,1.058,0.159,0.056,0.427,2.049,3.163,0.882,5.534,2.882,0.311,0.431
2.559,1.479,0.395,2.162,1.065,0.156,0.055,0.418,2.060,3.157,0.888,5.447,2.851,0.305,0.426
2.565,1.478,0.394,2.160,1.070,0.157,0.056,0.414,2.053,3.168,0.892,5.476,2.880,0.302,0.449
2.552,1.475,0.392,2.173,1.070,0.156,0.056,0.410,2.051,3.156,0.886,5.483,2.881,0.298,0.436
2.535,1.468,0.392,2.168,1.057,0.153,0.054,0.410,2.049,3.177,0.895,5.504,2.884,0.297,0.420
2.546,1.473,0.388,2.199,1.069,0.150,0.051,0.410,2.053,3.165,0.879,5.551,2.884,0.298,0.415
2.549,1.478,0.388,2.207,1.075,0.151,0.052,0.404,2.064,3.178,0.874,5.601,2.904,0.302,0.415
2.555,1.481,0.387,2.216,1.095,0.152,0.051,0.409,2.061,3.170,0.869,5.611,2.905,0.308,0.418
2.569,1.486,0.384,2.238,1.072,0.156,0.053,0.424,2.054,3.176,0.874,5.616,2.900,0.312,0.412
2.550,1.480,0.382,2.249,1.076,0.152,0.052,0.411,2.074,3.179,0.865,5.631,2.892,0.306,0.415
2.542,1.470,0.374,2.272,1.066,0.149,0.051,0.406,2.085,3.192,0.873,5.595,2.875,0.301,0.404
2.544,1.474,0.376,2.275,1.066,0.148,0.050,0.410,2.102,3.183,0.857,5.625,2.888,0.302,0.416
2.554,1.489,0.375,2.313,1.066,0.150,0.053,0.400,2.110,3.156,0.842,5.608,2.857,0.306,0.409
2.553,1.490,0.370,2.353,1.072,0.150,0.052,0.403,2.111,3.164,0.842,5.628,2.830,0.308,0.409
2.539,1.497,0.372,2.370,1.072,0.151,0.052,0.407,2.113,3.163,0.847,5.591,2.849,0.311,0.406
2.519,1.495,0.371,2.389,1.094,0.154,0.053,0.406,2.104,3.162,0.853,5.576,2.861,0.315,0.403
2.524,1.506,0.373,2.409,1.097,0.155,0.055,0.400,2.101,3.127,0.833,5.590,2.851,0.313,0.390
2.539,1.514,0.374,2.412,1.101,0.154,0.055,0.392,2.098,3.157,0.847,5.612,2.865,0.316,0.391
2.548,1.514,0.376,2.390,1.105,0.154,0.056,0.382,2.100,3.206,0.868,5.642,2.869,0.316,0.381
2.560,1.514,0.375,2.387,1.115,0.153,0.055,0.380,2.100,3.210,0.869,5.647,2.890,0.304,0.378
2.557,1.513,0.378,2.368,1.126,0.156,0.056,0.387,2.130,3.221,0.861,5.656,2.905,0.298,0.383
2.557,1.510,0.376,2.369,1.128,0.155,0.054,0.391,2.141,3.218,0.861,5.616,2.912,0.309,0.391
2.552,1.517,0.374,2.412,1.130,0.154,0.055,0.387,2.178,3.213,0.832,5.702,2.932,0.314,0.395
2.540,1.514,0.376,2.398,1.134,0.154,0.054,0.389,2.174,3.195,0.814,5.771,2.927,0.312,0.389
2.536,1.512,0.377,2.391,1.147,0.154,0.053,0.387,2.163,3.167,0.800,5.791,2.906,0.313,0.379
2.539,1.500,0.377,2.352,1.135,0.157,0.055,0.398,2.185,3.174,0.801,5.758,2.922,0.317,0.358
2.552,1.498,0.373,2.359,1.127,0.158,0.055,0.403,2.187,3.200,0.807,5.805,2.938,0.316,0.364
2.569,1.502,0.370,2.375,1.133,0.158,0.053,0.414,2.170,3.203,0.816,5.795,2.946,0.312,0.350
2.561,1.494,0.372,2.342,1.133,0.159,0.054,0.413,2.176,3.230,0.832,5.765,2.942,0.306,0.368
2.572,1.499,0.375,2.328,1.136,0.160,0.054,0.416,2.167,3.216,0.820,5.816,2.958,0.307,0.371
2.566,1.508,0.377,2.351,1.126,0.158,0.053,0.417,2.185,3.264,0.833,5.855,2.941,0.300,0.391
2.565,1.502,0.374,2.351,1.121,0.159,0.054,0.419,2.184,3.255,0.832,5.829,2.939,0.291,0.408
2.566,1.500,0.373,2.348,1.119,0.158,0.054,0.416,2.154,3.252,0.826,5.941,2.939,0.292,0.410
2.560,1.500,0.376,2.334,1.096,0.155,0.053,0.417,2.146,3.273,0.833,5.995,2.942,0.294,0.415
2.559,1.490,0.372,2.336,1.110,0.158,0.054,0.415,2.131,3.305,0.848,6.044,2.934,0.294,0.410
2.561,1.498,0.373,2.346,1.114,0.158,0.054,0.416,2.150,3.276,0.830,6.010,2.921,0.288,0.417
2.587,1.508,0.373,2.356,1.112,0.157,0.054,0.412,2.137,3.272,0.829,6.040,2.924,0.283,0.409
2.592,1.502,0.368,2.363,1.107,0.157,0.054,0.415,2.132,3.287,0.839,6.037,2.938,0.288,0.411
2.590,1.504,0.368,2.372,1.089,0.154,0.053,0.416,2.126,3.313,0.845,6.109,2.924,0.288,0.382
2.600,1.514,0.365,2.414,1.083,0.153,0.052,0.416,2.143,3.310,0.845,6.052,2.929,0.285,0.371
2.597,1.509,0.365,2.400,1.094,0.152,0.051,0.412,2.148,3.297,0.847,5.978,2.909,0.289,0.374
2.606,1.508,0.362,2.413,1.104,0.152,0.050,0.419,2.161,3.290,0.845,5.925,2.909,0.287,0.363
2.603,1.518,0.362,2.445,1.095,0.150,0.049,0.416,2.169,3.304,0.849,5.927,2.861,0.292,0.359
2.586,1.514,0.362,2.448,1.092,0.153,0.051,0.420,2.185,3.287,0.829,5.965,2.841,0.287,0.359
2.575,1.495,0.358,2.422,1.103,0.154,0.052,0.418,2.184,3.280,0.820,6.008,2.861,0.287,0.367
2.581,1.508,0.361,2.438,1.095,0.155,0.053,0.413,2.199,3.310,0.829,6.009,2.878,0.289,0.377
2.584,1.493,0.358,2.412,1.085,0.152,0.051,0.419,2.202,3.317,0.824,6.067,2.846,0.285,0.379
2.578,1.490,0.360,2.391,1.085,0.151,0.051,0.419,2.209,3.341,0.837,6.039,2.855,0.287,0.383
2.567,1.493,0.358,2.424,1.081,0.155,0.052,0.426,2.213,3.326,0.829,6.030,2.850,0.283,0.387
2.559,1.489,0.359,2.416,1.093,0.156,0.052,0.428,2.201,3.340,0.846,5.988,2.846,0.284,0.394
2.558,1.503,0.364,2.425,1.109,0.158,0.053,0.429,2.209,3.338,0.846,5.965,2.857,0.284,0.394
2.555,1.493,0.360,2.426,1.097,0.158,0.054,0.425,2.188,3.351,0.865,5.932,2.862,0.288,0.388
2.556,1.503,0.362,2.439,1.105,0.159,0.055,0.416,2.190,3.366,0.869,5.955,2.869,0.288,0.396
2.542,1.497,0.364,2.418,1.125,0.158,0.052,0.423,2.173,3.331,0.855,5.973,2.864,0.287,0.394
2.533,1.490,0.360,2.436,1.122,0.158,0.053,0.421,2.175,3.335,0.855,5.979,2.872,0.288,0.405
2.538,1.491,0.359,2.437,1.116,0.156,0.052,0.420,2.187,3.358,0.858,6.007,2.876,0.280,0.409
2.554,1.483,0.350,2.456,1.115,0.157,0.052,0.424,2.209,3.367,0.849,6.045,2.872,0.284,0.404
2.564,1.481,0.350,2.440,1.128,0.156,0.052,0.412,2.212,3.377,0.854,6.040,2.880,0.287,0.404
2.557,1.473,0.346,2.455,1.131,0.158,0.054,0.413,2.222,3.392,0.859,6.026,2.885,0.286,0.408
2.555,1.477,0.349,2.449,1.138,0.160,0.054,0.415,2.234,3.392,0.850,6.057,2.861,0.283,0.408
2.542,1.472,0.348,2.449,1.146,0.159,0.054,0.412,2.230,3.401,0.859,6.040,2.851,0.275,0.403
2.536,1.465,0.345,2.452,1.158,0.157,0.053,0.403,2.243,3.378,0.848,6.000,2.831,0.285,0.410
2.545,1.464,0.344,2.449,1.162,0.157,0.052,0.408,2.236,3.388,0.848,6.051,2.839,0.286,0.396
2.573,1.472,0.344,2.450,1.164,0.159,0.052,0.419,2.252,3.445,0.869,6.062,2.847,0.290,0.397
2.581,1.480,0.344,2.469,1.157,0.158,0.052,0.419,2.275,3.446,0.868,6.010,2.852,0.289,0.386
2.576,1.483,0.345,2.476,1.142,0.155,0.051,0.413,2.286,3.446,0.863,6.017,2.839,0.291,0.390
2.588,1.474,0.345,2.437,1.149,0.157,0.051,0.419,2.288,3.430,0.867,5.929,2.828,0.288,0.390
2.588,1.477,0.345,2.442,1.158,0.157,0.050,0.425,2.278,3.428,0.861,5.995,2.835,0.300,0.376
2.570,1.475,0.345,2.456,1.169,0.155,0.049,0.421,2.277,3.433,0.865,5.984,2.849,0.298,0.372
2.544,1.469,0.348,2.438,1.160,0.156,0.049,0.428,2.304,3.454,0.864,5.992,2.835,0.298,0.378
2.536,1.475,0.349,2.458,1.154,0.156,0.049,0.427,2.319,3.466,0.871,5.947,2.818,0.288,0.369
2.523,1.476,0.346,2.493,1.153,0.159,0.052,0.423,2.309,3.448,0.870,5.914,2.835,0.288,0.384
2.520,1.476,0.346,2.500,1.150,0.155,0.051,0.415,2.308,3.425,0.848,5.993,2.831,0.281,0.377
2.526,1.485,0.347,2.518,1.151,0.156,0.052,0.407,2.325,3.412,0.837,5.978,2.821,0.283,0.384
2.521,1.490,0.349,2.524,1.152,0.157,0.051,0.416,2.323,3.420,0.836,6.023,2.848,0.283,0.379
2.528,1.475,0.345,2.494,1.151,0.153,0.049,0.416,2.321,3.411,0.838,5.980,2.881,0.287,0.394
2.542,1.473,0.341,2.505,1.161,0.161,0.052,0.430,2.318,3.400,0.843,5.915,2.904,0.284,0.374
2.537,1.481,0.344,2.517,1.163,0.161,0.052,0.424,2.334,3.406,0.840,5.919,2.892,0.279,0.378
2.538,1.501,0.349,2.544,1.152,0.161,0.053,0.424,2.338,3.416,0.846,5.904,2.877,0.281,0.386
2.546,1.513,0.353,2.545,1.161,0.160,0.053,0.417,2.345,3.430,0.846,5.930,2.886,0.285,0.387
2.543,1.510,0.352,2.545,1.150,0.159,0.053,0.416,2.370,3.449,0.847,5.922,2.876,0.276,0.378
2.553,1.496,0.349,2.511,1.139,0.159,0.054,0.415,2.360,3.428,0.841,5.921,2.920,0.271,0.396
2.565,1.494,0.343,2.536,1.147,0.157,0.053,0.409,2.364,3.402,0.832,5.883,2.919,0.274,0.388
2.553,1.484,0.342,2.522,1.119,0.156,0.052,0.413,2.363,3.407,0.844,5.823,2.935,0.275,0.384
2.562,1.473,0.335,2.529,1.136,0.153,0.050,0.415,2.364,3.409,0.843,5.832,2.935,0.282,0.380
2.570,1.481,0.334,2.553,1.122,0.152,0.050,0.417,2.364,3.436,0.857,5.829,2.937,0.278,0.395
2.566,1.465,0.329,2.546,1.120,0.152,0.049,0.421,2.367,3.440,0.853,5.862,2.912,0.283,0.401
2.578,1.462,0.328,2.527,1.160,0.151,0.045,0.430,2.367,3.437,0.854,5.845,2.926,0.292,0.401
2.571,1.451,0.326,2.515,1.151,0.150,0.045,0.435,2.372,3.461,0.861,5.867,2.941,0.292,0.398
2.562,1.449,0.326,2.518,1.131,0.145,0.043,0.432,2.365,3.435,0.856,5.825,2.957,0.300,0.407
2.575,1.450,0.325,2.510,1.136,0.145,0.044,0.427,2.388,3.470,0.844,5.975,2.954,0.301,0.406
2.586,1.445,0.322,2.508,1.134,0.146,0.044,0.426,2.381,3.497,0.856,6.002,2.936,0.302,0.405
2.576,1.443,0.322,2.514,1.134,0.145,0.044,0.426,2.370,3.501,0.868,5.962,2.952,0.307,0.405
2.557,1.433,0.318,2.530,1.121,0.141,0.041,0.428,2.373,3.514,0.868,5.998,2.979,0.315,0.377
2.561,1.428,0.316,2.521,1.124,0.142,0.043,0.418,2.379,3.500,0.860,5.988,2.949,0.312,0.389
2.565,1.425,0.311,2.544,1.124,0.140,0.042,0.415,2.379,3.501,0.862,5.978,2.939,0.322,0.390
2.564,1.423,0.310,2.547,1.126,0.136,0.040,0.411,2.403,3.488,0.851,5.949,2.936,0.328,0.383
2.564,1.425,0.307,2.581,1.126,0.134,0.039,0.411,2.396,3.453,0.847,5.879,2.943,0.325,0.380
2.560,1.438,0.312,2.585,1.110,0.131,0.038,0.408,2.388,3.449,0.850,5.860,2.960,0.341,0.380
2.561,1.445,0.318,2.566,1.086,0.130,0.038,0.415,2.400,3.436,0.840,5.860,2.982,0.337,0.376
2.568,1.449,0.316,2.584,1.081,0.131,0.037,0.427,2.403,3.451,0.850,5.831,3.017,0.346,0.355
2.584,1.458,0.316,2.604,1.106,0.129,0.035,0.425,2.397,3.454,0.855,5.823,3.045,0.347,0.351
2.587,1.463,0.317,2.611,1.088,0.129,0.037,0.417,2.374,3.456,0.860,5.845,3.061,0.350,0.355
2.596,1.465,0.315,2.626,1.093,0.128,0.036,0.421,2.376,3.405,0.829,5.891,3.058,0.346,0.341
2.607,1.483,0.321,2.632,1.075,0.129,0.037,0.421,2.362,3.405,0.828,5.929,3.064,0.347,0.342
2.590,1.474,0.319,2.632,1.071,0.131,0.037,0.429,2.371,3.390,0.811,5.976,3.045,0.346,0.338
2.579,1.466,0.316,2.638,1.069,0.130,0.038,0.422,2.401,3.362,0.798,5.902,3.087,0.344,0.338
2.580,1.475,0.319,2.641,1.059,0.133,0.038,0.434,2.403,3.358,0.796,5.895,3.064,0.344,0.321
2.597,1.487,0.321,2.652,1.054,0.134,0.039,0.434,2.414,3.352,0.787,5.913,3.049,0.345,0.315
2.606,1.503,0.325,2.666,1.062,0.131,0.039,0.421,2.414,3.342,0.772,5.991,3.074,0.343,0.310
2.628,1.509,0.325,2.666,1.047,0.130,0.038,0.419,2.431,3.343,0.770,5.971,3.071,0.341,0.309
2.629,1.509,0.326,2.659,1.057,0.128,0.037,0.419,2.417,3.341,0.770,5.998,3.069,0.341,0.312
2.627,1.523,0.326,2.704,1.055,0.127,0.037,0.413,2.453,3.358,0.774,5.941,3.100,0.343,0.297
2.627,1.529,0.326,2.730,1.045,0.127,0.038,0.406,2.457,3.349,0.771,5.923,3.101,0.338,0.307
2.617,1.539,0.330,2.742,1.062,0.130,0.039,0.410,2.428,3.326,0.767,5.936,3.085,0.338,0.323
2.616,1.547,0.334,2.743,1.062,0.131,0.039,0.412,2.411,3.328,0.779,5.898,3.132,0.339,0.322
2.613,1.543,0.333,2.736,1.068,0.132,0.039,0.413,2.415,3.373,0.797,5.911,3.127,0.336,0.330
2.614,1.544,0.335,2.726,1.078,0.133,0.039,0.417,2.410,3.380,0.808,5.864,3.120,0.335,0.339
2.608,1.538,0.336,2.696,1.086,0.136,0.041,0.414,2.412,3.377,0.812,5.824,3.115,0.338,0.347
2.579,1.530,0.337,2.691,1.079,0.140,0.044,0.407,2.416,3.378,0.809,5.839,3.120,0.336,0.342
2.569,1.531,0.339,2.691,1.077,0.138,0.043,0.409,2.407,3.363,0.797,5.899,3.104,0.339,0.350
2.568,1.527,0.342,2.657,1.054,0.137,0.043,0.417,2.402,3.381,0.805,5.915,3.128,0.340,0.350
2.570,1.528,0.342,2.653,1.064,0.140,0.044,0.417,2.409,3.388,0.797,5.977,3.115,0.337,0.349
2.569,1.528,0.340,2.676,1.069,0.135,0.041,0.412,2.414,3.373,0.802,5.880,3.114,0.329,0.370
2.561,1.532,0.339,2.705,1.066,0.136,0.043,0.410,2.449,3.384,0.796,5.872,3.128,0.332,0.380
2.548,1.514,0.334,2.692,1.063,0.137,0.043,0.412,2.444,3.367,0.791,5.865,3.118,0.329,0.372
2.550,1.518,0.332,2.716,1.055,0.140,0.045,0.414,2.443,3.368,0.790,5.876,3.107,0.326,0.358
2.544,1.510,0.328,2.734,1.067,0.142,0.046,0.413,2.442,3.351,0.783,5.875,3.113,0.329,0.345
2.540,1.524,0.332,2.757,1.084,0.142,0.046,0.411,2.430,3.286,0.759,5.852,3.122,0.328,0.346
2.550,1.524,0.332,2.747,1.066,0.140,0.045,0.406,2.423,3.256,0.752,5.819,3.148,0.331,0.347
2.563,1.522,0.329,2.748,1.060,0.140,0.045,0.408,2.428,3.280,0.753,5.884,3.155,0.335,0.341
2.579,1.519,0.326,2.748,1.060,0.136,0.043,0.403,2.445,3.294,0.751,5.911,3.184,0.335,0.340
2.591,1.516,0.322,2.755,1.065,0.136,0.044,0.392,2.424,3.294,0.760,5.888,3.186,0.333,0.336
2.594,1.525,0.327,2.746,1.057,0.135,0.044,0.396,2.433,3.333,0.769,5.939,3.185,0.338,0.330
2.597,1.529,0.326,2.757,1.073,0.135,0.043,0.393,2.383,3.343,0.776,6.044,3.184,0.337,0.318
2.609,1.534,0.327,2.761,1.072,0.134,0.043,0.394,2.393,3.344,0.773,6.043,3.189,0.344,0.311
2.606,1.540,0.324,2.807,1.065,0.134,0.043,0.395,2.411,3.358,0.772,6.060,3.181,0.349,0.310
2.614,1.538,0.328,2.761,1.045,0.135,0.044,0.398,2.404,3.330,0.768,6.006,3.168,0.342,0.309
2.624,1.530,0.323,2.761,1.031,0.135,0.043,0.405,2.387,3.334,0.762,6.109,3.145,0.343,0.328
2.607,1.520,0.319,2.777,1.014,0.135,0.044,0.411,2.373,3.355,0.775,6.124,3.104,0.350,0.328
2.624,1.519,0.320,2.749,1.030,0.135,0.044,0.405,2.390,3.368,0.776,6.117,3.163,0.351,0.331
2.632,1.511,0.317,2.738,1.034,0.133,0.044,0.391,2.393,3.352,0.775,6.053,3.148,0.351,0.339
2.638,1.499,0.313,2.721,1.043,0.129,0.041,0.385,2.391,3.359,0.777,6.078,3.165,0.350,0.336
2.635,1.497,0.312,2.722,1.039,0.130,0.042,0.386,2.407,3.392,0.780,6.126,3.167,0.353,0.327
2.647,1.498,0.313,2.705,1.032,0.130,0.042,0.384,2.381,3.395,0.787,6.151,3.160,0.357,0.314
2.632,1.483,0.309,2.704,1.018,0.127,0.042,0.377,2.402,3.411,0.783,6.187,3.177,0.361,0.323
2.626,1.497,0.312,2.740,1.015,0.126,0.041,0.380,2.409,3.434,0.792,6.181,3.156,0.350,0.312
2.626,1.510,0.312,2.781,0.999,0.125,0.041,0.384,2.411,3.448,0.791,6.232,3.173,0.342,0.304
2.632,1.516,0.313,2.789,0.997,0.128,0.042,0.389,2.437,3.450,0.782,6.242,3.154,0.339,0.303
2.616,1.530,0.319,2.803,0.997,0.127,0.042,0.387,2.433,3.481,0.802,6.209,3.154,0.337,0.296
2.614,1.527,0.320,2.788,0.988,0.126,0.041,0.386,2.438,3.481,0.805,6.178,3.156,0.341,0.284
2.594,1.519,0.319,2.792,1.005,0.128,0.041,0.395,2.422,3.499,0.811,6.229,3.154,0.343,0.287
2.612,1.536,0.322,2.799,0.990,0.124,0.040,0.390,2.470,3.502,0.803,6.187,3.158,0.345,0.283
2.601,1.525,0.318,2.814,0.973,0.120,0.039,0.380,2.496,3.498,0.802,6.114,3.169,0.354,0.279
2.580,1.532,0.323,2.813,0.978,0.118,0.038,0.379,2.490,3.509,0.819,6.043,3.170,0.354,0.284
2.581,1.527,0.324,2.785,0.974,0.116,0.037,0.375,2.486,3.523,0.824,6.060,3.176,0.347,0.298
2.570,1.528,0.326,2.782,0.993,0.118,0.037,0.376,2.484,3.483,0.802,6.093,3.184,0.343,0.306
2.571,1.524,0.326,2.773,0.970,0.115,0.036,0.378,2.498,3.473,0.797,6.054,3.231,0.343,0.292
2.568,1.528,0.329,2.763,0.957,0.116,0.038,0.377,2.499,3.525,0.827,6.013,3.276,0.347,0.287
2.574,1.523,0.327,2.754,0.953,0.117,0.038,0.377,2.520,3.536,0.826,6.008,3.290,0.349,0.294
2.573,1.517,0.326,2.745,0.944,0.117,0.038,0.384,2.534,3.540,0.829,5.967,3.282,0.350,0.296
2.580,1.520,0.327,2.734,0.945,0.119,0.039,0.384,2.533,3.516,0.814,5.993,3.307,0.349,0.305
2.598,1.532,0.329,2.749,0.948,0.117,0.037,0.385,2.541,3.502,0.806,5.989,3.298,0.348,0.306
2.593,1.529,0.326,2.765,0.958,0.120,0.040,0.380,2.533,3.505,0.806,6.018,3.292,0.346,0.295
2.594,1.542,0.332,2.757,0.952,0.118,0.039,0.374,2.519,3.530,0.812,6.090,3.287,0.343,0.312
2.591,1.548,0.333,2.775,0.929,0.114,0.037,0.375,2.509,3.541,0.824,6.063,3.283,0.350,0.314
2.584,1.556,0.336,2.790,0.915,0.116,0.039,0.381,2.497,3.513,0.818,6.044,3.298,0.356,0.321
2.578,1.540,0.330,2.788,0.917,0.113,0.037,0.376,2.510,3.511,0.819,5.996,3.303,0.361,0.323
2.599,1.564,0.334,2.815,0.933,0.115,0.036,0.386,2.537,3.542,0.820,6.031,3.284,0.352,0.322
2.617,1.561,0.332,2.809,0.936,0.115,0.037,0.385,2.549,3.534,0.812,6.036,3.304,0.349,0.314
2.616,1.561,0.334,2.789,0.943,0.115,0.036,0.391,2.563,3.557,0.819,6.027,3.315,0.349,0.311
2.620,1.567,0.337,2.780,0.932,0.112,0.035,0.386,2.557,3.538,0.808,6.058,3.300,0.351,0.313
2.616,1.572,0.339,2.784,0.936,0.114,0.036,0.389,2.586,3.557,0.815,6.003,3.306,0.362,0.301
2.616,1.576,0.337,2.818,0.939,0.113,0.035,0.393,2.587,3.578,0.826,5.990,3.290,0.371,0.294
2.612,1.574,0.337,2.820,0.928,0.113,0.035,0.393,2.572,3.574,0.827,6.007,3.300,0.364,0.295
2.599,1.579,0.336,2.852,0.955,0.117,0.037,0.389,2.577,3.574,0.829,5.980,3.310,0.358,0.287
2.600,1.573,0.334,2.848,0.943,0.116,0.037,0.388,2.588,3.608,0.843,5.967,3.336,0.360,0.293
2.604,1.579,0.336,2.848,0.946,0.113,0.035,0.391,2.596,3.603,0.840,5.952,3.340,0.353,0.284
2.599,1.583,0.336,2.868,0.946,0.115,0.035,0.396,2.616,3.599,0.839,5.900,3.356,0.361,0.289
2.605,1.575,0.331,2.873,0.946,0.115,0.036,0.393,2.617,3.578,0.840,5.823,3.375,0.358,0.289
2.611,1.575,0.330,2.880,0.950,0.117,0.037,0.392,2.611,3.567,0.837,5.825,3.365,0.355,0.282
2.605,1.577,0.332,2.876,0.969,0.117,0.036,0.388,2.604,3.563,0.836,5.835,3.343,0.356,0.283
2.602,1.570,0.328,2.883,0.969,0.117,0.037,0.384,2.601,3.584,0.853,5.791,3.325,0.351,0.284
2.622,1.570,0.324,2.901,0.977,0.113,0.035,0.369,2.582,3.587,0.856,5.823,3.309,0.344,0.282
2.626,1.573,0.326,2.889,0.974,0.112,0.035,0.369,2.571,3.618,0.873,5.833,3.320,0.345,0.298
2.618,1.563,0.326,2.865,0.971,0.113,0.035,0.379,2.564,3.609,0.862,5.893,3.314,0.346,0.310
2.628,1.560,0.320,2.892,0.970,0.111,0.033,0.382,2.546,3.577,0.858,5.857,3.282,0.336,0.310
2.641,1.564,0.320,2.897,0.964,0.110,0.033,0.382,2.540,3.559,0.856,5.828,3.311,0.341,0.310
2.649,1.561,0.316,2.910,0.963,0.113,0.034,0.384,2.547,3.546,0.842,5.866,3.289,0.336,0.301
2.678,1.564,0.312,2.930,0.957,0.113,0.035,0.379,2.545,3.529,0.842,5.810,3.284,0.340,0.307
2.674,1.553,0.311,2.899,0.951,0.111,0.034,0.378,2.528,3.539,0.854,5.803,3.284,0.345,0.307
2.691,1.556,0.308,2.920,0.931,0.109,0.035,0.366,2.518,3.536,0.848,5.855,3.292,0.348,0.313
2.678,1.539,0.303,2.921,0.953,0.109,0.033,0.377,2.517,3.562,0.856,5.887,3.304,0.349,0.302
2.653,1.524,0.304,2.879,0.954,0.109,0.033,0.376,2.523,3.559,0.859,5.844,3.305,0.356,0.306
2.660,1.526,0.307,2.848,0.963,0.110,0.034,0.374,2.504,3.561,0.860,5.890,3.277,0.358,0.309
2.649,1.511,0.302,2.853,0.972,0.109,0.034,0.360,2.515,3.519,0.830,5.935,3.281,0.366,0.312
2.668,1.514,0.304,2.827,0.973,0.107,0.034,0.354,2.525,3.544,0.833,5.973,3.300,0.361,0.320
2.656,1.511,0.303,2.832,0.974,0.107,0.034,0.350,2.510,3.502,0.823,5.940,3.344,0.356,0.317
2.652,1.519,0.309,2.814,0.971,0.107,0.034,0.350,2.503,3.449,0.800,5.936,3.324,0.355,0.316
2.643,1.510,0.306,2.821,0.949,0.101,0.032,0.343,2.484,3.447,0.798,5.993,3.314,0.356,0.321
2.635,1.488,0.299,2.810,0.961,0.102,0.031,0.342,2.518,3.460,0.793,5.997,3.302,0.361,0.315
2.627,1.498,0.305,2.805,0.942,0.102,0.032,0.348,2.526,3.474,0.798,5.985,3.290,0.359,0.304
2.629,1.507,0.309,2.794,0.938,0.103,0.033,0.345,2.520,3.477,0.794,6.040,3.279,0.356,0.307
2.649,1.533,0.315,2.820,0.936,0.101,0.032,0.338,2.512,3.495,0.807,6.028,3.293,0.344,0.298
2.660,1.545,0.318,2.823,0.946,0.102,0.033,0.337,2.523,3.512,0.815,6.000,3.301,0.340,0.302
2.657,1.543,0.318,2.817,0.954,0.105,0.034,0.339,2.544,3.572,0.833,6.024,3.297,0.345,0.307
2.658,1.548,0.321,2.808,0.959,0.105,0.033,0.347,2.538,3.558,0.840,5.941,3.318,0.349,0.295
2.643,1.537,0.321,2.785,0.951,0.102,0.032,0.342,2.554,3.546,0.833,5.908,3.314,0.358,0.296
2.647,1.555,0.324,2.820,0.934,0.103,0.034,0.334,2.568,3.535,0.827,5.886,3.269,0.352,0.290
2.652,1.549,0.320,2.822,0.956,0.106,0.034,0.344,2.558,3.533,0.827,5.901,3.267,0.336,0.311
2.642,1.546,0.320,2.830,0.957,0.108,0.035,0.344,2.538,3.553,0.841,5.918,3.248,0.335,0.299
2.615,1.527,0.314,2.838,0.971,0.107,0.035,0.339,2.551,3.538,0.834,5.885,3.242,0.334,0.287
2.614,1.521,0.313,2.828,0.971,0.106,0.034,0.344,2.527,3.556,0.839,5.964,3.242,0.334,0.286
2.611,1.520,0.314,2.818,0.974,0.105,0.034,0.333,2.527,3.579,0.849,5.967,3.248,0.338,0.293
2.620,1.515,0.311,2.816,0.974,0.105,0.034,0.337,2.546,3.594,0.851,5.964,3.278,0.332,0.298
2.609,1.526,0.316,2.823,0.982,0.106,0.034,0.340,2.535,3.603,0.857,5.972,3.277,0.328,0.292
2.633,1.534,0.314,2.851,0.986,0.105,0.033,0.335,2.537,3.582,0.849,5.957,3.285,0.322,0.280
2.637,1.544,0.315,2.874,0.984,0.100,0.031,0.329,2.536,3.581,0.837,6.041,3.287,0.324,0.277
2.646,1.556,0.312,2.936,0.998,0.099,0.030,0.334,2.537,3.602,0.841,6.077,3.296,0.321,0.272
2.653,1.563,0.313,2.939,1.000,0.097,0.029,0.332,2.530,3.610,0.846,6.091,3.283,0.326,0.266
2.655,1.555,0.311,2.924,1.004,0.098,0.029,0.327,2.521,3.581,0.840,6.057,3.301,0.326,0.271
2.645,1.565,0.315,2.935,0.997,0.096,0.028,0.327,2.525,3.547,0.829,6.012,3.317,0.324,0.272
2.661,1.570,0.313,2.960,0.993,0.096,0.028,0.328,2.494,3.560,0.842,6.035,3.327,0.324,0.275
2.669,1.590,0.321,2.952,0.985,0.099,0.030,0.328,2.506,3.569,0.840,6.056,3.289,0.325,0.267
2.704,1.599,0.320,2.957,0.990,0.098,0.030,0.321,2.490,3.557,0.831,6.115,3.297,0.324,0.265
2.701,1.597,0.316,2.989,0.980,0.099,0.031,0.324,2.506,3.562,0.831,6.093,3.291,0.319,0.268
2.707,1.574,0.306,2.991,0.975,0.100,0.031,0.335,2.487,3.563,0.839,6.083,3.281,0.322,0.271
2.702,1.572,0.304,3.013,0.971,0.099,0.031,0.333,2.481,3.553,0.830,6.132,3.279,0.325,0.276
2.683,1.574,0.300,3.074,0.984,0.100,0.031,0.328,2.464,3.528,0.825,6.123,3.282,0.321,0.276
2.674,1.576,0.305,3.048,0.974,0.100,0.031,0.330,2.472,3.532,0.819,6.159,3.292,0.319,0.267
2.678,1.574,0.302,3.063,0.989,0.101,0.031,0.336,2.485,3.540,0.822,6.135,3.323,0.316,0.267
2.674,1.566,0.303,3.029,0.991,0.099,0.030,0.332,2.465,3.550,0.830,6.159,3.314,0.314,0.262
2.673,1.567,0.305,3.006,0.990,0.098,0.029,0.333,2.463,3.527,0.832,6.070,3.315,0.318,0.254
2.682,1.579,0.306,3.036,0.979,0.099,0.029,0.347,2.471,3.511,0.817,6.102,3.315,0.313,0.268
2.672,1.557,0.303,2.995,0.986,0.099,0.029,0.344,2.443,3.469,0.800,6.156,3.324,0.299,0.269
2.676,1.567,0.305,3.008,1.000,0.099,0.029,0.342,2.422,3.471,0.801,6.210,3.344,0.297,0.260
2.664,1.562,0.306,2.999,1.010,0.101,0.029,0.347,2.446,3.458,0.790,6.188,3.377,0.300,0.256
2.663,1.567,0.306,3.015,1.009,0.101,0.029,0.347,2.447,3.446,0.790,6.142,3.361,0.300,0.259
2.675,1.574,0.306,3.023,1.016,0.101,0.029,0.349,2.450,3.440,0.786,6.145,3.341,0.304,0.269
2.674,1.592,0.310,3.055,1.024,0.101,0.028,0.354,2.455,3.447,0.788,6.140,3.311,0.308,0.262
2.695,1.590,0.309,3.033,1.036,0.101,0.028,0.351,2.462,3.452,0.783,6.179,3.329,0.306,0.262
2.697,1.598,0.308,3.068,1.040,0.101,0.027,0.356,2.452,3.444,0.775,6.239,3.299,0.307,0.250
2.689,1.620,0.316,3.084,1.029,0.101,0.027,0.360,2.458,3.470,0.790,6.200,3.278,0.310,0.248
2.689,1.624,0.318,3.088,1.031,0.100,0.027,0.359,2.478,3.441,0.782,6.113,3.309,0.309,0.240
2.674,1.614,0.316,3.081,1.040,0.100,0.026,0.363,2.476,3.463,0.791,6.122,3.318,0.309,0.242
2.681,1.620,0.317,3.086,1.025,0.099,0.026,0.363,2.482,3.455,0.776,6.199,3.319,0.310,0.238
2.690,1.593,0.305,3.096,1.022,0.100,0.026,0.370,2.492,3.475,0.784,6.184,3.314,0.309,0.230
2.669,1.581,0.303,3.094,1.017,0.100,0.027,0.368,2.477,3.484,0.792,6.184,3.315,0.305,0.223
2.667,1.582,0.304,3.092,1.006,0.102,0.028,0.365,2.500,3.472,0.786,6.135,3.328,0.310,0.221
2.676,1.583,0.301,3.109,1.021,0.101,0.028,0.359,2.496,3.508,0.803,6.142,3.297,0.314,0.223
2.682,1.587,0.300,3.131,1.018,0.102,0.028,0.366,2.504,3.488,0.793,6.124,3.289,0.313,0.213
2.704,1.588,0.301,3.095,1.026,0.100,0.027,0.362,2.499,3.521,0.809,6.133,3.261,0.313,0.206
2.727,1.588,0.296,3.126,1.040,0.097,0.024,0.374,2.492,3.480,0.792,6.133,3.251,0.309,0.197
2.726,1.590,0.297,3.127,1.087,0.097,0.023,0.376,2.501,3.484,0.801,6.063,3.263,0.314,0.196
2.729,1.563,0.291,3.075,1.111,0.099,0.023,0.379,2.522,3.491,0.791,6.104,3.236,0.309,0.198
2.724,1.556,0.292,3.042,1.109,0.100,0.024,0.382,2.521,3.488,0.787,6.130,3.258,0.303,0.192
2.715,1.549,0.292,3.027,1.118,0.099,0.023,0.379,2.523,3.491,0.785,6.156,3.263,0.305,0.200
2.719,1.543,0.291,3.006,1.131,0.098,0.022,0.386,2.550,3.481,0.779,6.100,3.254,0.308,0.203
2.705,1.548,0.295,3.002,1.146,0.099,0.023,0.376,2.544,3.491,0.786,6.092,3.270,0.311,0.191
2.684,1.553,0.302,2.977,1.147,0.100,0.023,0.378,2.530,3.470,0.785,6.063,3.274,0.322,0.201
2.688,1.552,0.301,2.974,1.156,0.100,0.023,0.374,2.520,3.467,0.790,6.037,3.286,0.319,0.199
2.667,1.541,0.303,2.936,1.153,0.102,0.024,0.371,2.536,3.464,0.771,6.137,3.307,0.323,0.191
2.666,1.541,0.304,2.935,1.145,0.102,0.024,0.379,2.537,3.480,0.777,6.140,3.302,0.324,0.197
2.658,1.532,0.304,2.908,1.146,0.102,0.024,0.376,2.519,3.507,0.790,6.178,3.292,0.321,0.191
2.653,1.524,0.301,2.904,1.124,0.100,0.024,0.375,2.514,3.499,0.790,6.167,3.311,0.333,0.190
2.637,1.509,0.300,2.885,1.119,0.100,0.024,0.378,2.518,3.504,0.793,6.148,3.302,0.324,0.190
2.630,1.509,0.299,2.895,1.124,0.100,0.024,0.379,2.527,3.479,0.778,6.157,3.322,0.323,0.195
2.629,1.509,0.300,2.887,1.112,0.100,0.023,0.385,2.515,3.485,0.785,6.149,3.311,0.320,0.195
2.635,1.516,0.300,2.910,1.126,0.100,0.023,0.386,2.529,3.511,0.777,6.277,3.331,0.320,0.188
2.633,1.513,0.301,2.884,1.125,0.102,0.023,0.398,2.532,3.495,0.775,6.229,3.330,0.313,0.184
2.651,1.517,0.302,2.872,1.129,0.102,0.024,0.392,2.547,3.492,0.762,6.284,3.343,0.311,0.190
2.659,1.512,0.301,2.856,1.137,0.105,0.025,0.392,2.543,3.476,0.755,6.295,3.363,0.308,0.199
2.673,1.507,0.297,2.858,1.137,0.105,0.025,0.391,2.525,3.449,0.741,6.359,3.366,0.314,0.194
2.671,1.505,0.294,2.890,1.123,0.106,0.025,0.397,2.494,3.426,0.732,6.434,3.378,0.317,0.184
2.685,1.507,0.293,2.890,1.119,0.109,0.026,0.401,2.507,3.401,0.723,6.385,3.369,0.313,0.192
2.675,1.509,0.293,2.902,1.113,0.108,0.026,0.399,2.513,3.451,0.745,6.358,3.356,0.315,0.188
2.683,1.516,0.293,2.924,1.113,0.109,0.027,0.397,2.527,3.467,0.744,6.390,3.355,0.316,0.180
2.684,1.528,0.296,2.938,1.082,0.109,0.028,0.390,2.538,3.495,0.747,6.445,3.357,0.316,0.186
2.700,1.527,0.293,2.945,1.097,0.108,0.028,0.383,2.532,3.526,0.751,6.534,3.367,0.318,0.180
2.730,1.541,0.295,2.947,1.102,0.109,0.028,0.378,2.522,3.546,0.760,6.557,3.334,0.316,0.180
2.742,1.543,0.293,2.964,1.104,0.110,0.029,0.372,2.521,3.515,0.744,6.586,3.328,0.309,0.180
2.736,1.539,0.292,2.971,1.096,0.107,0.028,0.366,2.524,3.553,0.755,6.627,3.320,0.322,0.187
2.736,1.547,0.295,2.963,1.067,0.104,0.029,0.354,2.532,3.561,0.757,6.614,3.315,0.328,0.186
2.732,1.550,0.297,2.960,1.051,0.102,0.028,0.351,2.522,3.561,0.766,6.562,3.293,0.333,0.190
2.742,1.559,0.298,2.977,1.037,0.101,0.028,0.351,2.516,3.562,0.773,6.525,3.238,0.326,0.207
2.739,1.559,0.298,2.977,1.024,0.105,0.030,0.359,2.502,3.574,0.778,6.559,3.218,0.315,0.199
2.708,1.531,0.289,3.000,1.027,0.109,0.032,0.366,2.517,3.616,0.786,6.607,3.183,0.313,0.204
2.732,1.531,0.285,3.012,1.014,0.111,0.033,0.370,2.509,3.592,0.783,6.566,3.167,0.318,0.199
2.721,1.520,0.282,3.013,1.031,0.106,0.030,0.364,2.517,3.612,0.781,6.636,3.159,0.325,0.195
2.715,1.519,0.282,3.009,1.027,0.103,0.028,0.365,2.501,3.617,0.790,6.625,3.133,0.327,0.200
2.729,1.523,0.281,3.023,1.030,0.105,0.030,0.363,2.494,3.636,0.805,6.580,3.122,0.325,0.203
2.717,1.521,0.281,3.033,1.044,0.104,0.029,0.360,2.498,3.671,0.818,6.590,3.128,0.324,0.201
2.729,1.531,0.282,3.040,1.062,0.102,0.027,0.356,2.502,3.649,0.812,6.556,3.146,0.307,0.198
2.724,1.516,0.278,3.028,1.061,0.100,0.027,0.354,2.515,3.628,0.800,6.543,3.157,0.302,0.193
2.727,1.510,0.280,2.988,1.087,0.100,0.026,0.349,2.515,3.634,0.801,6.557,3.179,0.297,0.193
2.721,1.516,0.282,3.000,1.102,0.102,0.026,0.354,2.508,3.613,0.796,6.535,3.165,0.302,0.192
2.741,1.533,0.285,3.008,1.108,0.102,0.026,0.353,2.516,3.619,0.797,6.534,3.163,0.299,0.199
2.755,1.529,0.282,3.009,1.107,0.098,0.025,0.341,2.538,3.626,0.788,6.574,3.155,0.295,0.204
2.755,1.534,0.284,3.010,1.114,0.097,0.025,0.340,2.567,3.668,0.799,6.563,3.157,0.297,0.214
2.760,1.550,0.286,3.043,1.091,0.095,0.025,0.330,2.525,3.657,0.810,6.543,3.173,0.290,0.218
2.756,1.551,0.285,3.060,1.089,0.093,0.024,0.335,2.533,3.684,0.813,6.589,3.167,0.290,0.215
2.763,1.566,0.289,3.070,1.088,0.092,0.023,0.338,2.509,3.668,0.812,6.600,3.160,0.289,0.215
2.763,1.570,0.291,3.070,1.088,0.092,0.023,0.336,2.514,3.650,0.791,6.698,3.167,0.287,0.223
2.769,1.555,0.286,3.056,1.072,0.093,0.023,0.346,2.519,3.657,0.796,6.674,3.153,0.287,0.226
2.758,1.545,0.284,3.053,1.088,0.093,0.023,0.349,2.522,3.619,0.779,6.663,3.151,0.286,0.228
2.751,1.546,0.286,3.035,1.083,0.093,0.023,0.344,2.527,3.648,0.795,6.621,3.173,0.283,0.240
2.742,1.547,0.289,3.018,1.085,0.093,0.023,0.339,2.525,3.653,0.794,6.657,3.199,0.277,0.234
2.747,1.559,0.290,3.056,1.083,0.089,0.022,0.334,2.533,3.663,0.802,6.610,3.231,0.270,0.246
2.724,1.573,0.295,3.077,1.067,0.090,0.023,0.336,2.543,3.660,0.795,6.629,3.246,0.269,0.243
2.716,1.564,0.294,3.058,1.097,0.090,0.021,0.344,2.533,3.630,0.788,6.601,3.243,0.264,0.242
2.729,1.557,0.290,3.063,1.103,0.092,0.022,0.347,2.533,3.626,0.786,6.601,3.224,0.274,0.246
2.724,1.558,0.289,3.078,1.126,0.098,0.024,0.355,2.522,3.632,0.791,6.615,3.205,0.277,0.249
2.695,1.564,0.293,3.096,1.137,0.098,0.024,0.354,2.519,3.645,0.794,6.647,3.209,0.270,0.260
2.680,1.568,0.294,3.117,1.144,0.098,0.024,0.352,2.528,3.678,0.802,6.670,3.185,0.260,0.266
2.690,1.577,0.294,3.140,1.142,0.098,0.023,0.358,2.519,3.666,0.798,6.691,3.184,0.255,0.256
2.699,1.572,0.293,3.125,1.131,0.097,0.023,0.358,2.502,3.638,0.797,6.639,3.176,0.261,0.252
2.729,1.573,0.291,3.114,1.119,0.093,0.022,0.355,2.512,3.650,0.796,6.662,3.193,0.267,0.243
2.714,1.591,0.298,3.131,1.119,0.094,0.022,0.354,2.489,3.642,0.807,6.604,3.201,0.268,0.242
2.690,1.575,0.297,3.105,1.111,0.096,0.024,0.347,2.481,3.680,0.824,6.619,3.178,0.273,0.239
2.715,1.579,0.295,3.109,1.106,0.097,0.023,0.361,2.476,3.695,0.829,6.649,3.178,0.272,0.251
2.697,1.570,0.294,3.111,1.105,0.100,0.025,0.358,2.489,3.717,0.834,6.650,3.176,0.275,0.245
2.672,1.578,0.303,3.078,1.104,0.103,0.027,0.359,2.492,3.740,0.844,6.649,3.199,0.279,0.240
2.683,1.598,0.307,3.101,1.098,0.104,0.027,0.362,2.493,3.719,0.838,6.617,3.184,0.275,0.241
2.676,1.592,0.307,3.089,1.094,0.103,0.027,0.360,2.503,3.722,0.838,6.606,3.184,0.282,0.234
2.659,1.584,0.306,3.082,1.089,0.104,0.028,0.353,2.500,3.697,0.828,6.600,3.171,0.284,0.231
2.655,1.590,0.308,3.091,1.089,0.105,0.029,0.350,2.495,3.701,0.822,6.678,3.161,0.274,0.240
2.651,1.592,0.311,3.077,1.095,0.103,0.028,0.339,2.505,3.716,0.828,6.661,3.155,0.283,0.238
2.671,1.584,0.306,3.073,1.094,0.103,0.029,0.339,2.491,3.701,0.827,6.650,3.170,0.294,0.207
2.688,1.561,0.295,3.068,1.101,0.105,0.029,0.340,2.497,3.758,0.841,6.730,3.179,0.291,0.203
2.688,1.561,0.295,3.077,1.094,0.104,0.029,0.337,2.499,3.744,0.830,6.760,3.163,0.290,0.201
2.686,1.557,0.292,3.095,1.082,0.104,0.030,0.339,2.500,3.766,0.841,6.747,3.177,0.290,0.200
2.679,1.552,0.289,3.110,1.057,0.103,0.029,0.343,2.517,3.792,0.847,6.750,3.195,0.291,0.187
2.705,1.552,0.286,3.115,1.051,0.104,0.030,0.345,2.527,3.814,0.860,6.692,3.194,0.290,0.187
2.705,1.553,0.290,3.073,1.050,0.102,0.028,0.347,2.526,3.804,0.858,6.676,3.180,0.295,0.181
2.691,1.545,0.290,3.058,1.053,0.102,0.028,0.351,2.536,3.828,0.858,6.736,3.190,0.295,0.179
2.704,1.542,0.287,3.066,1.053,0.105,0.029,0.361,2.526,3.837,0.863,6.750,3.184,0.299,0.177
2.692,1.523,0.285,3.025,1.039,0.101,0.028,0.348,2.523,3.853,0.881,6.683,3.195,0.301,0.178
2.680,1.514,0.279,3.065,1.034,0.098,0.028,0.337,2.521,3.837,0.866,6.745,3.199,0.302,0.170
2.660,1.520,0.283,3.071,1.003,0.099,0.030,0.328,2.503,3.813,0.868,6.690,3.173,0.300,0.169
2.647,1.520,0.280,3.119,1.021,0.101,0.030,0.329,2.493,3.797,0.851,6.792,3.167,0.297,0.169
2.655,1.522,0.280,3.113,1.019,0.099,0.029,0.330,2.494,3.796,0.865,6.679,3.195,0.297,0.169
2.664,1.525,0.280,3.114,1.005,0.102,0.031,0.335,2.493,3.798,0.871,6.645,3.210,0.295,0.171
2.641,1.520,0.283,3.097,0.996,0.100,0.030,0.332,2.493,3.800,0.871,6.649,3.228,0.292,0.175
2.632,1.505,0.279,3.081,1.000,0.100,0.030,0.329,2.524,3.818,0.872,6.619,3.221,0.288,0.176
2.637,1.505,0.281,3.055,1.007,0.102,0.031,0.331,2.526,3.816,0.878,6.570,3.207,0.287,0.173
2.628,1.499,0.281,3.047,1.030,0.105,0.033,0.329,2.523,3.822,0.895,6.473,3.218,0.293,0.178
2.644,1.510,0.284,3.036,1.013,0.105,0.032,0.339,2.519,3.819,0.892,6.491,3.215,0.289,0.171
2.636,1.509,0.284,3.043,1.022,0.109,0.033,0.347,2.510,3.794,0.883,6.490,3.232,0.282,0.177
2.643,1.508,0.285,3.020,1.042,0.108,0.033,0.343,2.527,3.781,0.869,6.508,3.232,0.282,0.172
2.650,1.517,0.286,3.041,1.038,0.105,0.032,0.335,2.510,3.813,0.892,6.491,3.236,0.273,0.173
2.672,1.519,0.286,3.024,1.045,0.106,0.032,0.339,2.499,3.805,0.895,6.477,3.235,0.269,0.185
2.651,1.523,0.289,3.028,1.057,0.107,0.032,0.333,2.497,3.788,0.893,6.434,3.245,0.267,0.188
2.671,1.512,0.286,2.987,1.045,0.109,0.033,0.346,2.488,3.780,0.899,6.386,3.263,0.267,0.190
2.667,1.509,0.285,2.998,1.031,0.105,0.030,0.354,2.481,3.754,0.888,6.394,3.247,0.262,0.197
2.663,1.499,0.282,2.986,1.038,0.107,0.031,0.354,2.494,3.747,0.884,6.367,3.237,0.264,0.195
2.663,1.488,0.278,2.990,1.035,0.108,0.031,0.357,2.484,3.738,0.873,6.440,3.245,0.262,0.196
2.655,1.479,0.278,2.962,1.026,0.107,0.031,0.362,2.485,3.737,0.874,6.428,3.243,0.264,0.189
2.660,1.479,0.276,2.979,1.025,0.108,0.032,0.360,2.475,3.720,0.883,6.331,3.224,0.268,0.182
2.662,1.484,0.278,2.979,1.018,0.109,0.034,0.344,2.482,3.757,0.898,6.335,3.214,0.268,0.173
2.670,1.499,0.282,2.988,1.034,0.110,0.034,0.343,2.463,3.771,0.908,6.359,3.264,0.274,0.170
2.679,1.503,0.281,2.997,1.043,0.110,0.035,0.334,2.454,3.776,0.910,6.387,3.268,0.267,0.158
2.677,1.515,0.287,2.991,1.031,0.110,0.035,0.332,2.459,3.751,0.892,6.411,3.269,0.274,0.156
2.677,1.515,0.285,3.005,1.037,0.113,0.037,0.331,2.456,3.744,0.889,6.419,3.266,0.276,0.154
2.673,1.523,0.289,3.003,1.023,0.111,0.037,0.329,2.425,3.751,0.912,6.362,3.253,0.276,0.149
2.675,1.531,0.290,3.024,1.021,0.113,0.038,0.333,2.431,3.750,0.911,6.353,3.288,0.274,0.150
2.662,1.506,0.286,2.983,1.004,0.113,0.038,0.338,2.406,3.749,0.930,6.277,3.282,0.272,0.151
2.674,1.502,0.285,2.960,0.988,0.112,0.038,0.337,2.408,3.742,0.938,6.199,3.298,0.276,0.158
2.680,1.504,0.287,2.938,0.995,0.113,0.038,0.337,2.400,3.749,0.947,6.186,3.294,0.275,0.154
2.696,1.507,0.285,2.950,1.012,0.112,0.037,0.335,2.410,3.771,0.956,6.171,3.288,0.278,0.145
2.684,1.509,0.286,2.970,1.003,0.111,0.037,0.332,2.417,3.761,0.947,6.182,3.278,0.277,0.148
2.683,1.503,0.277,3.036,1.008,0.111,0.037,0.336,2.422,3.746,0.949,6.105,3.265,0.278,0.152
2.682,1.486,0.275,2.994,0.993,0.110,0.036,0.334,2.411,3.721,0.940,6.106,3.253,0.284,0.149
2.667,1.491,0.278,3.002,1.010,0.112,0.038,0.329,2.406,3.707,0.935,6.107,3.270,0.275,0.149
2.661,1.489,0.281,2.962,0.982,0.111,0.038,0.325,2.401,3.702,0.934,6.111,3.249,0.278,0.144
2.655,1.495,0.283,2.978,0.982,0.111,0.039,0.323,2.412,3.723,0.945,6.084,3.257,0.284,0.141
2.663,1.490,0.279,2.987,0.987,0.112,0.040,0.314,2.405,3.737,0.955,6.081,3.264,0.289,0.148
2.680,1.493,0.279,2.978,0.986,0.110,0.040,0.306,2.394,3.757,0.972,6.062,3.267,0.287,0.149
2.680,1.493,0.278,2.996,0.969,0.110,0.040,0.310,2.393,3.764,0.978,6.058,3.260,0.285,0.153
2.684,1.502,0.280,3.007,0.992,0.111,0.040,0.310,2.403,3.779,0.975,6.099,3.255,0.290,0.149
2.675,1.503,0.282,2.998,0.987,0.111,0.040,0.310,2.419,3.768,0.959,6.121,3.270,0.298,0.143
2.663,1.494,0.282,2.970,0.990,0.115,0.044,0.306,2.399,3.776,0.969,6.134,3.268,0.295,0.142
2.671,1.494,0.282,2.958,0.979,0.114,0.042,0.315,2.385,3.806,0.985,6.166,3.267,0.301,0.148
2.659,1.482,0.275,3.006,0.985,0.115,0.042,0.322,2.387,3.815,0.991,6.148,3.268,0.300,0.148
2.671,1.490,0.276,3.010,0.997,0.114,0.042,0.315,2.369,3.772,0.971,6.184,3.260,0.305,0.144
2.672,1.481,0.273,3.007,0.979,0.117,0.044,0.322,2.347,3.805,0.999,6.175,3.251,0.308,0.142
2.663,1.477,0.271,3.022,0.998,0.118,0.043,0.320,2.336,3.818,1.007,6.195,3.239,0.307,0.144
2.641,1.483,0.274,3.037,1.004,0.120,0.044,0.327,2.354,3.839,1.025,6.107,3.233,0.307,0.156
2.662,1.494,0.272,3.086,1.015,0.121,0.045,0.322,2.357,3.837,1.016,6.146,3.238,0.308,0.172
2.667,1.520,0.278,3.117,1.006,0.118,0.043,0.321,2.345,3.849,1.029,6.138,3.250,0.309,0.174
2.660,1.522,0.279,3.127,1.023,0.119,0.042,0.331,2.351,3.861,1.037,6.116,3.256,0.309,0.170
2.653,1.531,0.283,3.119,1.021,0.119,0.042,0.332,2.326,3.839,1.043,6.076,3.254,0.299,0.161
2.671,1.541,0.284,3.124,1.016,0.118,0.042,0.326,2.323,3.831,1.042,6.066,3.274,0.299,0.159
2.647,1.535,0.284,3.136,1.037,0.122,0.044,0.330,2.329,3.845,1.035,6.133,3.295,0.297,0.159
2.662,1.529,0.283,3.100,1.038,0.118,0.041,0.328,2.341,3.826,1.034,6.050,3.296,0.296,0.161
2.661,1.543,0.291,3.077,1.048,0.120,0.042,0.327,2.345,3.821,1.041,5.983,3.308,0.293,0.166
2.662,1.559,0.296,3.090,1.021,0.116,0.040,0.326,2.360,3.844,1.049,5.969,3.337,0.293,0.158
2.656,1.556,0.295,3.085,1.034,0.114,0.039,0.326,2.360,3.865,1.054,6.006,3.339,0.292,0.154
2.659,1.546,0.294,3.055,1.036,0.116,0.040,0.329,2.361,3.886,1.053,6.078,3.356,0.297,0.159
2.654,1.550,0.294,3.081,1.048,0.116,0.040,0.323,2.360,3.921,1.088,5.987,3.367,0.295,0.155
