0.050,0.050,0.050,0.050,0.050,0.050,0.050,0.050,0.050,0.050,0.050,0.050,0.050,0.050,0.050,0.050,0.050,0.050,0.050,0.050
-0.065,-0.078,0.196,0.264,0.069,-0.223,-0.212,0.333,-0.108,-0.042,-0.291,0.123,-0.020,0.152,-0.302,-0.424,-0.828,-0.203,-0.272,0.149
0.037,0.048,0.405,0.505,0.053,0.116,-0.078,0.544,-0.024,0.093,-0.336,0.202,0.038,0.284,-0.403,-0.292,-0.811,0.226,-0.180,0.172
-0.054,0.138,0.285,0.613,0.165,0.023,-0.204,0.447,0.027,0.167,-0.226,0.167,-0.098,0.328,-0.471,-0.265,-0.405,0.114,-0.070,0.087
0.223,0.274,0.435,0.711,0.427,0.262,-0.171,0.591,0.193,0.207,-0.266,0.345,0.062,0.624,-0.256,-0.169,-0.250,0.309,-0.101,0.107
0.113,0.216,0.325,0.498,0.130,0.055,-0.233,0.390,-0.027,0.256,-0.319,0.273,-0.079,0.395,-0.361,-0.439,-0.567,0.119,-0.102,0.200
-0.156,-0.024,0.190,0.241,-0.193,0.049,-0.574,0.220,-0.064,-0.067,-0.432,0.015,-0.147,0.130,-0.645,-0.489,-0.740,-0.116,-0.511,0.072
0.069,-0.040,0.294,0.389,0.071,0.015,-0.269,0.457,-0.095,0.039,-0.530,0.131,-0.029,0.341,-0.501,-0.210,-0.516,-0.017,-0.305,0.108
-0.180,-0.038,0.275,0.443,-0.048,-0.074,-0.342,0.433,-0.081,0.112,-0.469,0.138,-0.137,0.343,-0.326,-0.331,-0.554,-0.215,-0.353,0.064
0.104,0.035,0.391,0.423,0.041,0.065,-0.485,0.305,-0.046,-0.030,-0.171,0.275,-0.084,0.446,-0.278,-0.276,-0.549,0.047,-0.184,0.115
-0.161,0.057,0.355,0.484,-0.040,0.016,-0.394,0.390,-0.080,-0.033,-0.208,0.149,-0.059,0.369,-0.530,-0.355,-0.524,-0.248,-0.401,0.256
-0.035,-0.048,0.315,0.459,-0.156,-0.029,-0.333,0.336,-0.021,-0.031,-0.089,0.104,-0.165,0.370,-0.448,-0.594,-0.721,-0.056,-0.266,0.174
-0.027,0.042,0.402,0.613,0.153,0.167,-0.200,0.398,-0.127,0.247,-0.096,0.350,0.146,0.542,-0.264,-0.294,-0.720,0.025,-0.350,0.154
0.193,0.003,0.362,0.546,0.216,0.203,-0.078,0.551,0.131,0.190,-0.304,0.542,0.067,0.697,-0.607,-0.259,-0.557,0.095,-0.082,0.330
0.031,0.033,0.331,0.451,0.264,0.036,-0.291,0.501,0.056,-0.048,-0.416,0.357,-0.332,0.441,-0.396,-0.251,-0.431,-0.027,-0.191,0.244
0.028,0.098,0.206,0.617,0.023,0.112,0.032,0.435,-0.102,0.102,-0.017,0.278,-0.239,0.487,-0.344,-0.399,-0.343,0.041,-0.103,0.342
-0.025,0.062,0.430,0.397,-0.083,0.191,-0.181,0.475,-0.149,0.167,-0.042,0.195,-0.128,0.401,-0.204,-0.425,-0.498,0.015,-0.348,0.232
0.065,0.319,0.441,0.654,0.220,0.167,-0.106,0.732,0.062,0.355,0.067,0.610,0.136,0.781,-0.342,-0.318,-0.482,0.283,0.086,0.339
0.336,0.448,0.556,0.633,0.133,0.173,-0.061,0.750,0.132,0.213,0.008,0.492,0.008,0.641,-0.271,-0.100,-0.254,0.301,0.057,0.301
0.192,0.461,0.627,0.829,0.286,0.248,0.126,0.769,0.253,0.358,-0.043,0.420,0.136,0.691,-0.035,-0.093,-0.051,0.278,0.018,0.529
0.184,0.357,0.547,0.624,0.249,0.336,0.087,0.697,0.195,0.338,0.021,0.470,0.159,0.703,-0.336,-0.164,-0.352,0.232,0.178,0.517
0.334,0.462,0.659,0.776,0.305,0.483,0.163,0.801,0.345,0.523,0.146,0.580,0.174,0.634,0.104,-0.061,-0.168,0.326,0.056,0.581
0.110,0.553,0.549,0.762,0.279,0.434,0.077,0.743,0.169,0.325,0.018,0.486,0.147,0.667,-0.039,-0.237,-0.115,0.329,-0.119,0.414
0.202,0.349,0.522,0.722,0.171,0.306,-0.223,0.703,0.326,0.298,-0.047,0.445,0.218,0.603,-0.014,-0.062,-0.096,0.092,-0.004,0.448
0.032,0.088,0.439,0.384,0.039,0.020,-0.353,0.531,0.113,-0.060,-0.113,0.216,0.019,0.342,-0.395,-0.522,-0.335,-0.251,-0.207,0.261
0.207,0.045,0.325,0.611,0.131,0.072,-0.247,0.479,0.061,0.160,-0.116,0.321,-0.089,0.627,-0.289,-0.476,-0.455,0.077,-0.011,0.397
0.406,0.287,0.685,0.740,0.264,0.364,-0.130,0.856,0.342,0.362,0.074,0.463,0.222,0.826,-0.179,-0.227,-0.170,0.265,0.017,0.397
0.331,0.409,0.773,0.957,0.452,0.443,-0.304,0.706,0.449,0.469,0.210,0.541,0.362,0.651,-0.203,-0.095,-0.326,0.287,0.222,0.529
0.311,0.438,0.563,0.772,0.189,0.468,-0.008,0.866,0.383,0.546,0.279,0.540,0.206,0.797,0.130,0.032,-0.197,0.387,0.119,0.479
0.110,0.398,0.581,0.555,0.173,0.272,-0.276,0.575,0.028,0.400,0.086,0.455,0.202,0.668,0.015,-0.115,-0.289,0.377,0.043,0.373
0.327,0.329,0.524,0.633,0.279,0.389,-0.192,0.793,0.324,0.313,-0.115,0.229,-0.019,0.588,-0.106,-0.326,-0.259,0.253,-0.137,0.416
0.583,0.512,0.628,0.909,0.310,0.394,0.004,0.934,0.344,0.642,0.112,0.626,0.294,0.819,0.239,-0.203,-0.054,0.432,0.020,0.620
0.535,0.409,0.733,0.790,0.427,0.489,0.045,0.877,0.384,0.445,0.175,0.648,0.226,0.850,-0.172,0.087,0.010,0.253,0.169,0.568
0.569,0.616,0.667,1.031,0.652,0.460,0.236,0.926,0.557,0.641,0.220,0.689,0.445,0.959,0.149,0.096,-0.039,0.428,0.392,0.672
0.440,0.294,0.720,0.829,0.339,0.336,-0.014,0.787,0.111,0.467,0.134,0.577,0.240,0.799,-0.119,-0.017,-0.021,0.326,0.099,0.511
0.385,0.401,0.663,0.757,0.598,0.464,0.347,0.877,0.497,0.479,0.298,0.446,0.348,0.708,-0.052,-0.043,-0.008,0.551,0.209,0.699
0.330,0.401,0.556,0.729,0.506,0.367,0.087,0.688,0.249,0.403,0.169,0.450,0.305,0.720,-0.073,-0.315,-0.265,0.267,0.092,0.650
0.256,0.328,0.655,0.779,0.289,0.385,-0.102,0.729,0.198,0.368,0.259,0.573,0.110,0.712,-0.267,-0.112,-0.061,0.372,0.108,0.612
0.163,0.128,0.444,0.707,0.204,0.439,-0.043,0.665,0.043,0.301,0.048,0.371,0.014,0.602,-0.133,-0.265,-0.196,0.277,0.037,0.411
0.219,0.245,0.541,0.932,0.157,0.266,-0.153,0.720,0.206,0.425,-0.020,0.536,0.028,0.553,-0.194,-0.204,-0.342,0.156,-0.051,0.339
0.151,0.189,0.349,0.757,0.218,0.198,-0.143,0.664,0.174,0.441,0.046,0.384,0.140,0.566,0.032,-0.098,-0.260,0.120,-0.103,0.460
0.244,0.582,0.638,0.922,0.396,0.375,0.004,0.776,0.207,0.333,0.043,0.503,0.270,0.709,-0.204,0.219,0.076,0.304,0.015,0.467
0.363,0.455,0.764,0.960,0.324,0.638,0.142,0.819,0.377,0.454,0.090,0.564,0.439,0.850,-0.039,0.130,0.044,0.355,0.178,0.754
0.290,0.352,0.638,0.815,0.201,0.387,0.077,0.671,0.113,0.496,-0.181,0.545,0.148,0.802,-0.068,-0.087,-0.380,0.265,0.017,0.515
0.341,0.453,0.736,0.915,0.246,0.437,0.029,0.786,0.355,0.468,0.160,0.482,0.171,0.762,-0.031,-0.194,-0.249,0.300,0.193,0.533
0.435,0.333,0.552,0.737,0.134,0.306,0.077,0.785,0.005,0.582,0.121,0.503,0.210,0.602,-0.167,-0.219,-0.260,0.267,-0.087,0.398
0.268,0.265,0.416,0.605,0.076,0.305,-0.146,0.538,0.008,0.214,-0.178,0.371,-0.198,0.464,-0.281,-0.311,-0.307,0.127,0.098,0.201
0.145,0.344,0.439,0.530,0.285,0.377,-0.142,0.601,0.053,0.234,-0.058,0.347,-0.008,0.595,0.006,-0.140,-0.300,0.092,-0.071,0.313
0.236,0.288,0.543,0.481,0.278,0.268,-0.079,0.752,0.330,0.230,-0.071,0.273,0.031,0.545,-0.370,-0.395,-0.188,0.264,-0.225,0.428
0.229,0.435,0.496,0.652,0.276,0.103,-0.049,0.680,0.165,0.193,-0.004,0.430,-0.014,0.654,-0.020,-0.415,-0.276,0.172,-0.117,0.514
0.426,0.470,0.697,0.757,0.280,0.532,-0.047,0.844,0.414,0.302,0.087,0.487,0.310,0.755,0.039,-0.135,-0.253,0.393,0.052,0.507
0.462,0.564,0.754,0.856,0.386,0.650,-0.026,0.937,0.393,0.618,0.325,0.549,0.344,0.824,0.111,-0.071,0.039,0.455,0.300,0.540
0.312,0.308,0.616,0.639,0.147,0.436,0.073,0.764,0.164,0.409,0.065,0.442,0.213,0.759,0.125,-0.308,0.008,0.253,-0.013,0.472
0.279,0.342,0.404,0.627,0.177,0.447,-0.053,0.675,0.488,0.352,0.009,0.564,0.262,0.772,-0.179,-0.371,-0.161,0.290,0.157,0.449
0.413,0.247,0.641,0.807,0.386,0.359,0.127,0.703,0.405,0.427,0.059,0.495,0.303,0.683,-0.021,-0.214,-0.236,0.322,0.134,0.445
0.310,0.329,0.687,0.707,0.099,0.324,-0.018,0.719,0.238,0.382,-0.007,0.366,0.295,0.652,-0.064,-0.184,-0.058,0.368,0.129,0.292
0.331,0.404,0.612,0.902,0.354,0.485,-0.058,0.841,0.206,0.347,0.112,0.591,0.158,0.677,0.030,-0.225,-0.159,0.196,0.142,0.569
0.087,0.398,0.530,0.662,0.260,0.433,-0.225,0.696,0.122,0.418,-0.032,0.512,0.215,0.634,-0.007,-0.325,-0.326,0.169,0.078,0.487
0.408,0.546,0.494,0.744,0.216,0.411,0.057,0.681,0.245,0.423,0.136,0.493,0.201,0.745,0.083,-0.415,-0.072,0.284,0.000,0.417
0.166,0.381,0.495,0.711,0.293,0.331,-0.001,0.601,0.208,0.363,0.064,0.543,0.097,0.703,0.022,-0.114,-0.312,0.377,0.068,0.405
0.117,0.462,0.459,0.580,0.204,0.167,0.015,0.601,0.111,0.421,0.098,0.424,-0.046,0.452,-0.209,-0.281,-0.279,0.169,-0.053,0.496
0.408,0.498,0.637,0.705,0.215,0.321,-0.007,0.790,0.252,0.545,0.009,0.472,0.192,0.804,-0.247,-0.168,-0.419,0.232,0.122,0.542
0.182,0.348,0.575,0.688,0.154,0.333,-0.208,0.634,0.174,0.296,-0.084,0.295,0.232,0.628,-0.394,-0.229,-0.221,0.258,0.099,0.427
0.285,0.417,0.516,0.668,0.173,0.386,-0.233,0.590,0.185,0.147,-0.046,0.243,0.120,0.604,-0.164,-0.170,-0.127,0.018,-0.011,0.544
0.317,0.349,0.560,0.832,0.192,0.363,-0.190,0.758,0.328,0.286,-0.062,0.361,0.193,0.657,-0.176,-0.166,-0.179,0.115,0.023,0.414
0.434,0.208,0.642,0.601,0.264,0.482,-0.066,0.755,0.209,0.298,0.139,0.438,0.282,0.673,-0.014,-0.102,-0.172,0.225,-0.063,0.652
0.101,0.284,0.409,0.661,0.209,0.244,-0.074,0.670,0.224,0.227,-0.177,0.396,0.080,0.602,-0.192,-0.306,-0.149,0.079,-0.011,0.372
0.319,0.493,0.529,0.839,0.421,0.279,0.029,0.784,0.237,0.319,0.255,0.451,0.193,0.743,-0.244,-0.234,-0.359,0.336,0.162,0.529
0.389,0.309,0.690,0.944,0.439,0.406,0.043,0.915,0.268,0.438,0.364,0.455,0.308,0.824,0.227,0.006,-0.100,0.655,0.296,0.687
0.087,0.125,0.437,0.534,0.232,0.171,-0.243,0.537,0.239,0.261,0.117,0.394,-0.119,0.631,-0.194,0.003,-0.392,0.003,-0.045,0.439
-0.003,0.084,0.269,0.595,0.098,0.104,-0.084,0.566,-0.207,0.163,-0.169,0.199,0.118,0.428,-0.394,-0.410,-0.414,0.064,-0.308,0.365
0.072,-0.031,0.466,0.634,0.198,0.288,0.029,0.709,0.299,0.269,-0.245,0.277,0.182,0.506,-0.249,-0.281,-0.515,0.234,0.002,0.344
0.194,0.169,0.381,0.577,0.223,0.227,-0.079,0.510,0.100,0.390,-0.087,0.314,0.082,0.506,-0.179,-0.185,-0.430,0.172,-0.039,0.410
0.043,0.034,0.536,0.538,0.231,0.209,0.015,0.601,0.142,0.309,-0.044,0.210,0.129,0.585,-0.021,-0.211,-0.290,0.210,-0.102,0.504
-0.097,0.194,0.255,0.500,0.026,0.216,-0.349,0.441,0.092,0.224,-0.293,0.178,0.002,0.419,-0.295,-0.493,-0.523,0.043,-0.345,0.298
-0.020,-0.097,0.164,0.276,0.057,-0.055,-0.359,0.313,-0.165,0.019,-0.299,0.038,-0.332,0.316,-0.297,-0.465,-0.767,-0.087,-0.288,0.094
0.030,0.158,0.422,0.504,0.183,0.002,-0.356,0.571,0.219,0.321,-0.296,0.220,0.049,0.534,-0.223,-0.472,-0.610,-0.089,-0.175,0.233
-0.251,0.100,0.295,0.406,0.118,-0.082,-0.316,0.391,-0.081,0.032,-0.435,0.165,-0.074,0.345,-0.419,-0.567,-0.641,-0.130,-0.263,0.248
-0.098,0.197,0.566,0.580,0.024,0.186,-0.161,0.605,0.094,0.257,-0.300,0.485,0.074,0.358,-0.269,-0.319,-0.375,0.146,-0.049,0.349
-0.034,0.170,0.425,0.632,0.079,0.195,-0.258,0.790,0.099,0.218,-0.213,0.480,0.062,0.468,-0.400,-0.197,-0.354,0.232,-0.132,0.155
-0.283,-0.010,0.217,0.379,0.018,-0.201,-0.456,0.404,-0.162,-0.011,-0.445,0.171,-0.119,0.266,-0.405,-0.662,-0.730,-0.107,-0.400,0.065
0.018,0.215,0.481,0.528,0.108,0.160,-0.233,0.480,0.137,0.156,-0.196,0.200,-0.077,0.416,-0.195,-0.360,-0.277,0.194,-0.110,0.357
-0.033,0.083,0.263,0.426,-0.005,0.201,-0.415,0.274,0.022,0.043,-0.437,0.116,0.109,0.369,-0.594,-0.557,-0.373,0.047,-0.100,0.190
0.125,0.003,0.200,0.409,0.043,0.092,-0.292,0.536,-0.153,0.034,-0.117,0.171,-0.029,0.463,-0.236,-0.534,-0.448,-0.073,-0.188,0.239
-0.103,0.153,0.276,0.572,-0.015,0.015,-0.360,0.508,-0.176,0.114,0.110,0.285,-0.023,0.478,-0.412,-0.373,-0.605,-0.076,-0.093,0.239
0.091,0.330,0.357,0.621,-0.058,-0.028,-0.314,0.450,-0.419,0.164,-0.241,0.224,-0.067,0.423,-0.242,-0.495,-0.472,0.057,-0.157,0.287
-0.144,0.032,0.256,0.401,-0.046,-0.029,-0.523,0.397,-0.245,0.039,-0.350,0.123,-0.129,0.326,-0.575,-0.482,-0.671,-0.183,-0.403,0.121
0.100,0.225,0.183,0.463,0.078,-0.084,-0.493,0.558,-0.133,0.036,-0.395,0.121,-0.266,0.361,-0.358,-0.320,-0.457,-0.105,-0.311,0.082
0.205,0.157,0.269,0.571,0.141,0.101,-0.509,0.494,-0.095,0.084,-0.119,0.168,-0.352,0.428,-0.415,-0.557,-0.491,-0.113,-0.232,0.125
0.299,0.189,0.555,0.659,0.229,0.183,-0.148,0.575,0.070,0.318,0.048,0.277,0.032,0.597,-0.413,-0.424,-0.355,0.162,-0.208,0.353
-0.130,0.041,0.325,0.382,-0.117,-0.197,-0.473,0.435,-0.097,-0.012,-0.339,0.122,-0.226,0.313,-0.506,-0.590,-0.620,-0.058,-0.223,-0.118
-0.091,-0.017,0.247,0.460,0.075,0.154,-0.409,0.449,-0.108,0.140,-0.296,0.155,-0.167,0.486,-0.255,-0.211,-0.487,-0.021,-0.255,0.065
0.098,0.295,0.362,0.563,0.072,0.146,-0.156,0.408,-0.007,0.163,-0.223,0.145,-0.221,0.506,-0.296,-0.357,-0.291,0.054,-0.338,0.357
0.179,0.075,0.328,0.509,0.064,0.034,-0.198,0.555,0.057,0.234,0.021,0.260,-0.077,0.506,-0.400,-0.321,-0.553,0.092,-0.359,0.316
0.127,0.256,0.468,0.642,0.350,0.294,-0.188,0.735,0.141,0.271,0.049,0.383,0.126,0.608,-0.335,-0.416,-0.342,0.350,-0.141,0.332
0.192,0.200,0.514,0.726,0.301,0.245,0.050,0.615,0.104,0.233,0.006,0.531,0.050,0.653,-0.410,-0.009,-0.181,0.115,-0.077,0.497
0.190,0.291,0.525,0.473,0.152,0.209,-0.281,0.467,-0.009,0.381,-0.030,0.298,0.014,0.672,-0.139,-0.460,-0.343,0.237,-0.191,0.284
0.108,0.195,0.505,0.503,0.158,0.018,-0.084,0.557,-0.011,0.301,-0.181,0.288,-0.027,0.570,-0.430,-0.333,-0.425,0.072,-0.057,0.441
-0.136,0.022,0.202,0.303,-0.242,-0.147,-0.625,0.499,-0.447,-0.008,-0.312,0.145,-0.280,0.324,-0.320,-0.507,-0.383,-0.124,-0.434,0.050
-0.504,-0.156,0.050,0.086,-0.233,-0.175,-0.557,0.345,-0.186,-0.283,-0.371,-0.082,-0.383,0.064,-0.634,-0.820,-0.680,-0.233,-0.700,-0.031
-0.209,-0.139,0.083,0.203,-0.195,-0.144,-0.711,0.121,-0.318,-0.158,-0.354,-0.166,-0.264,0.253,-0.580,-0.594,-0.830,-0.244,-0.426,-0.114
-0.208,-0.039,0.185,0.294,-0.075,-0.138,-0.510,0.107,-0.100,-0.104,-0.354,0.067,-0.123,0.241,-0.591,-0.490,-0.654,-0.397,-0.474,0.020
-0.312,-0.143,0.018,0.170,-0.082,-0.196,-0.545,0.163,-0.296,-0.331,-0.335,0.061,-0.367,0.218,-0.732,-0.714,-0.664,-0.384,-0.547,0.002
-0.112,-0.261,0.179,0.325,-0.089,-0.087,-0.605,0.200,-0.181,-0.053,-0.412,0.032,-0.182,0.286,-0.487,-0.396,-0.634,-0.184,-0.284,-0.022
-0.163,0.151,0.186,0.453,-0.028,0.004,-0.294,0.406,0.232,-0.058,-0.170,0.318,-0.126,0.358,-0.226,-0.469,-0.636,-0.052,-0.256,0.271
-0.071,0.178,0.397,0.485,0.015,0.138,-0.489,0.645,0.151,0.163,-0.090,0.184,-0.011,0.399,-0.495,-0.312,-0.394,-0.034,-0.294,0.254
0.256,0.314,0.559,0.597,0.239,0.407,0.028,0.577,0.224,0.466,0.084,0.347,0.212,0.604,-0.145,-0.190,-0.028,0.275,-0.061,0.478
0.329,0.392,0.622,0.894,0.236,0.340,0.001,0.741,0.417,0.363,0.266,0.660,0.350,0.808,0.038,-0.076,0.025,0.262,0.144,0.615
0.270,0.445,0.584,0.655,0.147,0.156,-0.175,0.676,0.217,0.430,0.038,0.618,0.234,0.607,-0.075,-0.356,-0.382,0.044,-0.058,0.339
0.274,0.319,0.587,0.750,0.087,0.133,-0.226,0.569,0.223,0.434,0.039,0.389,0.115,0.556,-0.087,-0.077,-0.337,0.444,0.054,0.413
0.350,0.340,0.508,0.700,0.217,0.268,-0.066,0.728,0.300,0.447,0.009,0.403,0.077,0.591,0.020,-0.266,-0.423,0.373,-0.044,0.492
0.364,0.412,0.541,0.722,0.268,0.376,-0.077,0.726,0.188,0.463,0.133,0.509,0.133,0.803,0.006,-0.132,-0.095,0.420,-0.036,0.381
0.286,0.357,0.572,0.660,0.176,0.271,-0.239,0.600,0.031,0.446,-0.001,0.439,0.153,0.658,-0.096,-0.335,-0.310,0.337,-0.191,0.402
0.108,0.187,0.284,0.442,-0.055,0.096,-0.312,0.346,-0.047,-0.017,-0.208,0.111,-0.103,0.434,-0.150,-0.481,-0.477,0.071,-0.268,0.169
0.167,0.284,0.383,0.685,-0.004,0.160,-0.201,0.591,0.152,0.099,-0.110,0.415,-0.004,0.495,-0.294,-0.289,-0.339,0.127,-0.161,0.352
-0.055,0.127,0.358,0.366,-0.103,0.066,-0.449,0.437,-0.077,-0.102,-0.377,0.174,-0.270,0.419,-0.368,-0.249,-0.469,-0.144,-0.289,0.083
-0.112,0.031,0.259,0.306,-0.040,-0.029,-0.415,0.275,-0.194,-0.033,-0.368,-0.048,-0.108,0.363,-0.716,-0.591,-0.748,-0.084,-0.487,0.092
-0.156,-0.113,0.079,0.290,-0.126,-0.095,-0.524,0.382,-0.120,-0.026,-0.494,0.170,-0.245,0.232,-0.426,-0.832,-0.945,-0.260,-0.365,-0.042
-0.138,-0.220,-0.031,0.269,-0.161,-0.147,-0.529,0.223,-0.352,0.006,-0.487,0.139,-0.372,0.174,-0.548,-0.771,-0.860,-0.341,-0.445,-0.059
-0.312,-0.327,0.003,0.165,-0.226,-0.195,-0.715,0.036,-0.411,-0.257,-0.681,0.020,-0.426,0.083,-0.776,-0.862,-0.712,-0.536,-0.428,-0.122
-0.191,-0.122,0.111,0.098,-0.350,-0.024,-0.795,0.330,-0.127,-0.162,-0.416,-0.031,-0.480,0.071,-0.748,-0.893,-0.727,-0.329,-0.371,-0.061
-0.333,-0.327,0.051,0.316,-0.198,-0.298,-0.671,0.193,-0.153,-0.017,-0.267,0.019,-0.231,0.136,-0.555,-0.463,-0.950,-0.355,-0.470,0.039
-0.180,-0.350,0.003,0.257,-0.230,-0.212,-0.566,0.149,-0.460,-0.239,-0.545,-0.088,-0.183,0.186,-0.527,-0.578,-0.776,-0.261,-0.507,0.087
-0.357,-0.594,-0.166,-0.038,-0.435,-0.466,-0.917,-0.084,-0.401,-0.343,-0.659,-0.177,-0.524,-0.173,-0.854,-0.839,-0.895,-0.516,-0.745,-0.252
-0.502,-0.536,-0.152,-0.072,-0.492,-0.397,-0.951,-0.144,-0.553,-0.430,-0.742,-0.268,-0.581,-0.271,-1.043,-0.742,-0.999,-0.667,-0.744,-0.385
-0.429,-0.241,0.009,0.090,-0.292,-0.158,-0.762,0.106,-0.310,-0.369,-0.526,-0.112,-0.584,0.080,-0.828,-0.770,-0.916,-0.380,-0.616,-0.108
-0.221,-0.290,0.109,0.133,-0.087,-0.120,-0.724,0.159,-0.456,-0.267,-0.576,-0.063,-0.509,0.238,-0.578,-0.667,-0.802,-0.197,-0.495,0.014
-0.272,-0.256,0.030,0.162,-0.313,-0.238,-0.540,0.375,-0.145,-0.013,-0.420,-0.062,-0.298,0.022,-0.324,-0.621,-0.525,-0.162,-0.408,-0.011
0.067,-0.000,0.240,0.427,-0.138,0.002,-0.380,0.597,-0.101,-0.093,-0.292,0.252,-0.242,0.181,-0.344,-0.614,-0.411,-0.034,-0.378,0.224
-0.106,-0.163,-0.009,0.295,-0.325,-0.010,-0.310,0.379,-0.106,0.010,-0.366,-0.018,-0.177,0.307,-0.528,-0.695,-0.387,-0.111,-0.279,0.101
-0.214,-0.209,0.010,0.099,-0.250,-0.032,-0.422,0.187,-0.351,-0.175,-0.391,-0.056,-0.421,0.144,-0.621,-0.862,-0.864,-0.263,-0.657,-0.090
-0.184,0.084,0.122,0.289,-0.249,-0.258,-0.625,0.302,-0.120,-0.131,-0.385,0.003,-0.309,0.092,-0.618,-0.797,-0.534,-0.247,-0.451,0.040
-0.125,0.141,0.243,0.328,-0.147,0.052,-0.321,0.401,-0.116,0.104,-0.407,0.081,0.001,0.191,-0.185,-0.608,-0.423,0.009,-0.119,0.169
-0.252,-0.289,0.012,0.268,-0.238,-0.196,-0.460,0.272,0.001,0.016,-0.395,-0.125,-0.422,-0.004,-0.495,-0.527,-0.561,-0.275,-0.268,0.039
-0.296,-0.446,0.025,0.083,-0.321,-0.189,-0.576,0.094,-0.315,0.045,-0.739,-0.191,-0.270,0.222,-0.448,-0.793,-0.680,-0.437,-0.409,-0.112
-0.194,-0.031,0.170,0.360,-0.185,-0.020,-0.569,0.366,-0.038,-0.054,-0.385,-0.074,-0.263,0.093,-0.234,-0.538,-0.643,-0.098,-0.173,0.201
0.001,0.104,0.312,0.447,-0.142,-0.048,-0.356,0.225,-0.108,0.086,-0.087,0.095,-0.193,0.372,-0.272,-0.611,-0.447,0.017,-0.042,0.209
0.029,0.042,0.315,0.446,-0.001,0.172,-0.322,0.402,0.012,0.245,-0.149,0.102,-0.131,0.378,-0.344,-0.276,-0.372,-0.048,-0.336,0.295
0.121,0.165,0.204,0.510,0.023,0.198,-0.461,0.536,0.015,0.305,-0.224,0.324,-0.115,0.458,-0.246,-0.302,-0.216,0.101,-0.169,0.361
0.174,0.080,0.403,0.633,0.123,0.221,-0.109,0.437,-0.088,0.145,-0.164,0.365,0.047,0.613,-0.122,-0.221,-0.400,0.066,-0.235,0.394
-0.035,0.008,0.274,0.499,-0.080,0.053,-0.223,0.451,-0.107,0.085,-0.319,0.224,-0.163,0.371,-0.452,-0.645,-0.318,-0.094,-0.363,0.198
0.011,0.085,0.365,0.516,-0.075,0.055,-0.222,0.375,-0.086,0.057,-0.377,0.118,-0.058,0.456,-0.465,-0.553,-0.368,-0.109,-0.319,0.128
-0.260,-0.193,0.156,0.290,-0.141,-0.219,-0.425,0.223,-0.146,-0.161,-0.316,-0.028,-0.212,0.235,-0.613,-0.772,-0.704,-0.258,-0.550,-0.029
-0.027,-0.154,0.282,0.223,-0.152,-0.162,-0.315,0.339,-0.164,-0.019,-0.380,0.065,-0.238,0.253,-0.367,-0.639,-0.667,-0.055,-0.410,-0.035
0.006,0.068,0.542,0.556,0.095,0.307,-0.218,0.523,0.017,0.056,-0.066,0.207,0.111,0.372,-0.286,-0.352,-0.444,-0.025,-0.088,0.400
0.001,0.225,0.439,0.524,-0.036,0.076,-0.146,0.680,0.020,0.075,-0.144,0.428,-0.124,0.567,-0.075,-0.184,-0.351,0.035,-0.003,0.310
0.050,0.012,0.419,0.403,-0.012,0.135,-0.544,0.586,0.066,0.185,-0.122,0.360,-0.167,0.438,-0.190,-0.586,-0.400,-0.039,-0.398,0.165
0.022,-0.105,0.122,0.221,-0.300,-0.091,-0.640,0.158,-0.174,-0.170,-0.477,0.010,-0.302,0.222,-0.569,-0.468,-0.702,-0.226,-0.414,-0.041
-0.366,-0.071,-0.017,0.138,-0.311,-0.218,-0.597,0.224,-0.279,-0.171,-0.677,-0.048,-0.392,0.215,-0.743,-0.499,-0.651,-0.440,-0.437,0.115
-0.497,-0.166,0.037,0.300,-0.286,-0.176,-0.635,0.242,-0.126,-0.143,-0.501,-0.146,-0.296,0.091,-0.641,-0.691,-0.767,-0.215,-0.634,0.029
-0.134,-0.227,0.057,0.330,-0.122,-0.076,-0.427,0.180,-0.215,-0.115,-0.098,-0.095,-0.286,0.319,-0.703,-0.472,-0.716,-0.189,-0.327,-0.009
-0.260,-0.020,0.134,0.358,-0.250,-0.236,-0.523,0.363,-0.059,-0.195,-0.131,-0.051,-0.413,0.241,-0.604,-0.433,-0.803,-0.170,-0.267,0.070
0.008,0.102,0.332,0.582,0.009,-0.056,-0.290,0.501,0.034,0.262,-0.117,0.273,0.038,0.354,-0.590,-0.188,-0.522,0.002,-0.256,0.317
0.225,0.284,0.402,0.546,0.073,0.279,-0.143,0.625,0.236,0.341,-0.096,0.320,-0.066,0.489,-0.276,-0.482,-0.354,0.091,0.059,0.274
-0.109,0.225,0.349,0.538,0.034,0.185,-0.289,0.532,0.052,0.204,-0.106,0.295,-0.004,0.433,-0.438,-0.332,-0.288,-0.092,-0.123,0.174
0.245,0.137,0.317,0.534,-0.039,0.266,-0.176,0.548,-0.088,0.104,-0.186,0.266,0.128,0.556,-0.391,-0.595,-0.533,0.056,-0.303,0.187
0.241,0.285,0.321,0.530,-0.002,0.338,-0.319,0.636,0.102,0.204,-0.053,0.382,-0.039,0.457,-0.249,-0.212,-0.308,0.068,-0.008,0.244
0.119,0.210,0.372,0.548,0.290,0.088,-0.133,0.536,0.108,0.184,-0.213,0.350,0.081,0.443,-0.244,-0.312,-0.360,-0.243,-0.072,0.280
0.025,0.117,0.177,0.403,-0.120,0.081,-0.340,0.430,0.027,0.092,-0.277,0.270,-0.104,0.377,-0.171,-0.559,-0.523,-0.175,-0.349,0.132
0.048,0.099,0.299,0.501,0.055,0.336,-0.323,0.539,0.159,0.150,0.011,0.364,0.012,0.602,-0.313,-0.583,-0.324,0.126,-0.200,0.219
0.178,0.083,0.369,0.431,-0.050,0.141,-0.417,0.434,0.035,-0.013,-0.223,0.140,-0.132,0.579,-0.387,-0.478,-0.520,0.009,-0.296,0.212
0.269,0.451,0.589,0.717,0.182,0.356,-0.370,0.729,0.364,0.290,-0.043,0.521,0.244,0.798,0.050,-0.253,-0.194,0.315,0.147,0.413
0.144,0.099,0.476,0.477,-0.017,0.200,-0.443,0.556,0.178,0.204,-0.134,0.299,0.157,0.469,-0.297,-0.147,-0.373,0.095,-0.295,0.314
0.041,0.037,0.361,0.406,-0.067,0.052,-0.435,0.543,0.213,-0.032,-0.250,0.297,-0.064,0.328,-0.392,-0.333,-0.528,-0.058,-0.320,0.120
0.075,0.099,0.311,0.412,0.051,0.012,-0.322,0.426,0.201,0.201,-0.178,0.230,-0.084,0.397,-0.370,-0.417,-0.397,-0.114,-0.151,0.105
0.058,0.010,0.498,0.542,0.195,0.212,-0.192,0.534,0.096,0.262,-0.105,0.164,-0.014,0.494,-0.194,-0.499,-0.294,0.103,-0.038,0.120
-0.120,-0.294,0.110,0.205,-0.261,-0.017,-0.672,0.245,-0.300,-0.210,-0.364,0.092,-0.281,0.170,-0.509,-0.564,-0.647,-0.109,-0.379,-0.171
-0.257,-0.302,-0.038,0.051,-0.198,-0.161,-0.682,0.058,-0.285,-0.235,-0.614,-0.019,-0.536,0.010,-0.444,-0.546,-0.854,-0.302,-0.642,-0.234
-0.424,-0.195,0.006,0.169,-0.336,-0.166,-0.569,0.078,-0.374,-0.207,-0.621,-0.116,-0.432,0.166,-0.818,-0.756,-0.781,-0.357,-0.424,-0.304
-0.400,-0.210,-0.040,0.112,-0.357,-0.187,-0.504,0.186,-0.492,-0.293,-0.398,-0.148,-0.483,0.130,-0.958,-0.648,-0.735,-0.290,-0.456,-0.313
-0.287,-0.144,0.096,0.248,-0.255,-0.134,-0.357,0.220,-0.298,-0.208,-0.277,0.048,-0.264,0.223,-0.596,-0.569,-0.649,-0.143,-0.376,-0.000
-0.401,-0.282,-0.137,0.024,-0.201,-0.317,-0.809,0.036,-0.523,-0.260,-0.531,-0.242,-0.383,-0.025,-0.692,-1.008,-1.126,-0.366,-0.433,-0.243
-0.265,-0.294,-0.051,0.211,-0.213,-0.153,-0.667,0.201,-0.270,-0.215,-0.599,-0.033,-0.279,0.136,-0.780,-0.781,-1.024,-0.283,-0.280,-0.183
-0.424,-0.376,-0.197,-0.015,-0.407,-0.468,-1.105,-0.069,-0.536,-0.587,-0.843,-0.462,-0.855,-0.189,-0.848,-0.839,-1.063,-0.628,-0.535,-0.357
-0.328,-0.244,-0.127,0.110,-0.448,-0.246,-0.868,0.143,-0.509,-0.473,-0.717,-0.276,-0.532,-0.065,-0.856,-1.015,-0.879,-0.451,-0.498,-0.328
-0.280,-0.371,-0.211,0.085,-0.290,-0.406,-0.636,0.052,-0.329,-0.122,-0.633,-0.288,-0.425,0.067,-0.877,-0.960,-1.159,-0.326,-0.553,-0.154
-0.420,-0.351,-0.111,0.099,-0.292,-0.399,-0.554,0.079,-0.399,-0.313,-0.557,-0.167,-0.347,0.112,-0.833,-0.996,-1.010,-0.303,-0.525,-0.263
-0.294,-0.197,0.156,0.179,-0.054,-0.169,-0.371,0.248,-0.326,-0.234,-0.408,0.022,-0.402,0.165,-0.835,-0.491,-0.668,-0.303,-0.553,-0.075
0.064,-0.099,0.181,0.286,-0.069,0.040,-0.467,0.263,-0.154,0.014,-0.275,0.082,-0.201,0.178,-0.554,-0.413,-0.647,-0.191,-0.362,-0.045
-0.058,0.064,0.290,0.564,-0.033,0.113,-0.294,0.453,0.027,-0.041,-0.236,0.292,-0.175,0.277,-0.512,-0.442,-0.655,-0.106,-0.284,0.009
-0.034,0.109,0.331,0.478,-0.002,0.117,-0.445,0.506,0.112,0.068,-0.194,0.312,-0.076,0.434,-0.341,-0.454,-0.499,-0.024,-0.160,0.155
-0.065,0.017,0.189,0.359,-0.154,-0.032,-0.581,0.036,-0.034,0.004,-0.512,0.125,-0.198,0.173,-0.367,-0.766,-0.507,-0.217,-0.418,0.083
-0.445,-0.255,0.274,0.208,-0.250,0.032,-0.596,0.124,-0.308,-0.180,-0.521,-0.094,-0.329,0.131,-0.434,-0.751,-0.555,-0.184,-0.529,-0.097
-0.213,-0.111,0.222,0.415,-0.166,-0.028,-0.615,0.395,-0.184,-0.090,-0.579,0.074,-0.310,0.207,-0.627,-0.461,-0.576,-0.273,-0.402,-0.078
-0.381,-0.153,0.043,0.238,-0.291,-0.185,-0.699,0.155,-0.314,-0.216,-0.438,-0.031,-0.490,0.127,-0.808,-0.605,-0.745,-0.449,-0.563,-0.127
-0.220,-0.201,-0.030,0.084,-0.363,-0.378,-0.731,0.156,-0.489,-0.164,-0.547,-0.287,-0.420,0.032,-0.850,-0.803,-0.870,-0.374,-0.491,-0.254
-0.241,-0.284,0.078,0.009,-0.349,-0.326,-0.747,0.139,-0.438,-0.173,-0.734,-0.245,-0.432,0.155,-0.754,-0.874,-0.741,-0.229,-0.654,-0.199
-0.338,-0.244,-0.144,0.078,-0.341,-0.312,-0.708,-0.054,-0.375,-0.325,-0.566,-0.215,-0.420,0.025,-0.972,-0.794,-0.827,-0.272,-0.598,-0.277
-0.343,-0.168,0.003,0.148,-0.404,-0.240,-0.750,0.060,-0.356,-0.293,-0.430,-0.127,-0.530,0.022,-0.587,-0.733,-1.020,-0.314,-0.471,-0.153
-0.339,-0.253,-0.114,0.161,-0.462,-0.298,-0.798,0.142,-0.358,-0.251,-0.649,-0.031,-0.510,0.112,-0.700,-0.891,-1.088,-0.409,-0.646,-0.261
-0.252,-0.193,0.011,0.063,-0.434,-0.257,-0.658,0.021,-0.336,-0.214,-0.559,-0.112,-0.415,0.197,-0.354,-0.860,-0.727,-0.494,-0.558,-0.056
-0.141,-0.029,0.223,0.220,-0.289,-0.234,-0.401,0.212,-0.086,-0.083,-0.514,-0.005,-0.099,0.209,-0.413,-0.599,-0.379,-0.397,-0.551,-0.055
-0.340,-0.358,-0.141,0.207,-0.381,-0.339,-0.608,0.073,-0.219,-0.335,-0.526,-0.214,-0.603,-0.085,-0.700,-0.873,-0.830,-0.575,-0.582,-0.099
-0.287,-0.263,-0.031,0.094,-0.196,-0.302,-0.563,0.078,-0.517,-0.210,-0.514,-0.156,-0.485,-0.024,-0.619,-0.870,-0.946,-0.334,-0.528,-0.088
-0.412,-0.161,-0.063,0.091,-0.261,-0.338,-0.861,0.114,-0.614,-0.179,-0.483,-0.071,-0.591,0.074,-0.696,-1.040,-0.867,-0.155,-0.576,-0.070
-0.443,-0.499,-0.187,0.045,-0.469,-0.507,-0.841,0.022,-0.784,-0.371,-0.962,-0.334,-0.682,-0.026,-0.919,-1.002,-1.098,-0.497,-0.672,-0.337
-0.501,-0.465,-0.041,-0.055,-0.602,-0.441,-0.794,-0.021,-0.590,-0.480,-0.775,-0.400,-0.722,-0.167,-1.104,-1.082,-1.120,-0.565,-0.755,-0.394
-0.629,-0.341,-0.163,-0.039,-0.456,-0.377,-0.685,-0.021,-0.381,-0.338,-0.823,-0.178,-0.626,-0.059,-0.694,-0.826,-1.025,-0.471,-0.645,-0.175
-0.461,-0.175,-0.036,0.047,-0.246,-0.289,-0.714,-0.046,-0.383,-0.228,-0.570,-0.180,-0.557,0.043,-0.783,-0.600,-1.007,-0.440,-0.517,-0.153
-0.566,-0.390,-0.073,-0.073,-0.343,-0.326,-0.883,-0.058,-0.467,-0.405,-0.661,-0.434,-0.675,-0.110,-0.901,-1.084,-1.247,-0.505,-0.674,-0.270
-0.623,-0.295,-0.252,-0.260,-0.683,-0.567,-1.197,-0.161,-0.624,-0.660,-0.914,-0.638,-0.858,-0.233,-1.169,-1.168,-1.299,-0.597,-0.897,-0.592
-0.637,-0.346,-0.292,-0.043,-0.604,-0.566,-0.784,-0.192,-0.677,-0.502,-0.887,-0.499,-0.751,-0.184,-0.832,-0.932,-1.103,-0.642,-0.920,-0.382
-0.717,-0.666,-0.477,-0.159,-0.693,-0.591,-1.048,-0.175,-0.566,-0.454,-0.905,-0.615,-0.784,-0.399,-1.137,-1.073,-1.266,-0.562,-0.959,-0.413
-0.619,-0.584,-0.381,-0.132,-0.596,-0.582,-0.810,-0.184,-0.737,-0.509,-0.724,-0.421,-0.729,-0.271,-1.120,-1.096,-1.377,-0.606,-1.005,-0.460
-0.541,-0.362,-0.278,-0.039,-0.584,-0.241,-0.832,-0.049,-0.524,-0.319,-0.595,-0.176,-0.512,-0.157,-1.096,-0.976,-0.920,-0.533,-0.803,-0.187
-0.398,-0.208,-0.093,-0.016,-0.587,-0.295,-0.675,0.072,-0.329,-0.154,-0.746,-0.157,-0.381,0.059,-0.856,-0.965,-0.819,-0.340,-0.595,-0.242
-0.290,-0.252,-0.048,0.171,-0.450,-0.315,-0.621,0.033,-0.353,-0.125,-0.562,-0.125,-0.292,0.035,-0.688,-0.588,-0.862,-0.442,-0.558,-0.342
-0.232,-0.445,0.009,0.028,-0.450,-0.292,-0.647,-0.094,-0.466,-0.378,-0.630,-0.254,-0.413,0.040,-0.650,-0.797,-0.994,-0.636,-0.762,-0.313
-0.648,-0.549,-0.198,-0.120,-0.600,-0.628,-1.060,-0.150,-0.754,-0.457,-0.571,-0.409,-0.522,-0.204,-0.935,-0.836,-0.976,-0.744,-0.891,-0.559
-0.457,-0.532,-0.138,-0.164,-0.523,-0.411,-0.712,-0.070,-0.492,-0.284,-0.739,-0.339,-0.577,-0.133,-0.817,-1.011,-0.979,-0.479,-0.616,-0.352
-0.567,-0.548,-0.252,-0.092,-0.789,-0.470,-1.019,-0.258,-0.511,-0.492,-0.792,-0.389,-0.746,0.003,-1.042,-1.295,-0.988,-0.651,-0.809,-0.420
-0.334,-0.624,-0.164,-0.044,-0.517,-0.437,-0.912,-0.073,-0.586,-0.560,-0.779,-0.399,-0.716,-0.097,-0.884,-1.228,-0.724,-0.421,-1.028,-0.362
-0.474,-0.460,-0.349,-0.164,-0.658,-0.473,-0.905,-0.151,-0.515,-0.510,-0.752,-0.363,-0.660,-0.220,-0.884,-1.230,-1.057,-0.524,-0.873,-0.330
-0.266,-0.340,-0.248,-0.110,-0.378,-0.296,-0.676,-0.023,-0.310,-0.295,-0.583,-0.046,-0.633,-0.130,-0.814,-0.949,-1.065,-0.489,-0.648,-0.222
-0.394,-0.282,0.067,0.063,-0.412,-0.453,-0.717,0.178,-0.314,-0.265,-0.453,-0.172,-0.621,0.007,-0.761,-0.823,-0.793,-0.470,-0.489,-0.069
-0.151,-0.171,0.045,0.201,-0.314,-0.164,-0.669,0.362,-0.290,-0.004,-0.426,0.096,-0.336,0.167,-0.746,-0.685,-0.840,-0.106,-0.313,-0.137
-0.035,-0.045,0.182,0.166,-0.159,-0.026,-0.496,0.289,-0.205,-0.163,-0.426,0.128,-0.188,0.247,-0.355,-0.580,-0.587,-0.137,-0.375,-0.136
0.257,0.174,0.266,0.543,0.086,0.202,-0.194,0.532,0.088,0.127,-0.140,0.304,0.149,0.457,-0.346,-0.312,-0.475,-0.039,-0.056,0.173
-0.164,-0.236,0.171,0.263,-0.121,0.056,-0.549,0.276,-0.120,-0.180,-0.324,0.067,-0.240,0.204,-0.543,-0.541,-0.621,-0.277,-0.294,0.130
-0.040,-0.149,0.136,0.402,-0.073,-0.142,-0.286,0.307,-0.331,0.052,-0.224,-0.015,-0.279,0.316,-0.497,-0.344,-0.599,-0.067,-0.076,0.033
0.103,-0.082,0.293,0.474,0.131,-0.063,-0.183,0.421,-0.186,0.016,-0.081,0.102,-0.119,0.529,-0.533,-0.293,-0.216,0.011,-0.201,0.166
-0.159,0.057,0.239,0.401,-0.131,0.057,-0.292,0.352,-0.055,0.042,-0.321,0.015,-0.055,0.250,-0.451,-0.515,-0.633,-0.035,-0.085,0.074
-0.264,-0.002,-0.007,0.253,-0.414,-0.123,-0.663,0.280,-0.134,-0.167,-0.651,-0.071,-0.175,0.186,-0.527,-0.629,-0.850,-0.377,-0.454,-0.079
-0.268,-0.159,0.180,0.294,-0.141,-0.314,-0.618,0.102,-0.316,-0.225,-0.550,-0.220,-0.318,0.130,-0.651,-0.609,-0.683,-0.153,-0.318,-0.036
-0.078,-0.125,0.220,0.443,-0.021,-0.019,-0.378,0.335,-0.073,0.092,-0.290,0.021,-0.342,0.328,-0.444,-0.551,-0.468,-0.229,-0.281,0.238
0.262,0.124,0.394,0.461,0.151,0.135,-0.398,0.633,0.083,0.261,-0.225,0.328,-0.120,0.519,-0.196,-0.495,-0.107,0.139,-0.127,0.334
0.165,0.335,0.539,0.420,0.066,0.116,-0.261,0.518,0.168,0.277,-0.142,0.310,-0.001,0.452,-0.147,-0.308,-0.217,0.118,-0.188,0.354
0.178,0.206,0.557,0.517,0.249,0.271,-0.046,0.640,0.222,0.407,-0.196,0.208,0.148,0.488,-0.310,-0.070,-0.291,0.061,-0.099,0.384
0.358,0.275,0.550,0.673,0.250,0.371,-0.018,0.744,0.152,0.270,0.066,0.462,0.032,0.698,-0.162,-0.116,-0.136,0.151,-0.153,0.527
0.270,0.145,0.644,0.798,0.259,0.436,-0.000,0.698,0.152,0.288,-0.141,0.380,0.088,0.700,-0.270,-0.161,-0.274,0.363,0.137,0.490
0.282,0.232,0.291,0.429,0.205,0.345,-0.117,0.596,0.205,0.210,-0.069,0.244,0.002,0.568,-0.304,-0.418,-0.233,0.304,0.140,0.495
-0.008,0.207,0.316,0.496,0.038,0.004,-0.216,0.485,-0.018,0.113,-0.205,0.169,-0.253,0.516,-0.643,-0.351,-0.356,-0.030,-0.020,0.259
0.131,0.111,0.403,0.460,-0.160,-0.142,-0.465,0.485,0.097,-0.053,-0.358,0.123,-0.144,0.396,-0.268,-0.656,-0.389,-0.014,-0.317,0.080
0.048,0.019,0.346,0.383,-0.123,0.041,-0.272,0.479,-0.052,0.065,-0.207,0.119,-0.022,0.445,-0.377,-0.467,-0.523,0.054,-0.221,0.076
-0.017,-0.167,0.154,0.419,-0.179,-0.227,-0.511,0.315,-0.071,0.029,-0.326,0.293,-0.218,0.227,-0.275,-0.415,-0.352,-0.125,-0.272,0.012
0.164,0.102,0.353,0.469,0.025,-0.016,-0.395,0.406,0.147,0.165,-0.146,0.226,-0.049,0.452,-0.250,-0.320,-0.518,-0.069,-0.142,0.131
0.160,0.252,0.376,0.578,0.126,0.259,-0.190,0.615,0.134,0.156,-0.028,0.300,0.149,0.621,-0.207,-0.281,-0.351,0.233,0.089,0.369
0.100,0.154,0.362,0.556,-0.059,0.094,-0.340,0.548,0.203,0.032,-0.201,0.253,-0.069,0.526,-0.338,-0.396,-0.576,0.125,-0.073,0.327
0.085,0.153,0.269,0.428,-0.191,-0.014,-0.336,0.468,0.035,0.058,-0.243,0.332,-0.198,0.402,-0.329,-0.397,-0.545,-0.111,-0.407,0.210
0.081,0.084,0.325,0.590,-0.072,-0.041,-0.384,0.348,-0.084,0.044,-0.286,0.340,-0.239,0.404,-0.349,-0.511,-0.428,-0.215,-0.149,0.093
-0.028,-0.043,0.079,0.285,-0.111,-0.100,-0.472,0.358,-0.168,-0.185,-0.448,-0.036,-0.326,0.133,-0.219,-0.647,-0.580,-0.179,-0.395,0.114
-0.112,0.028,0.294,0.535,-0.008,-0.026,-0.435,0.468,0.016,0.022,-0.256,0.108,-0.181,0.384,-0.387,-0.587,-0.265,-0.082,-0.213,0.139
-0.105,0.046,0.028,0.418,-0.135,-0.028,-0.528,0.330,-0.105,0.006,-0.353,-0.141,-0.174,0.191,-0.720,-0.580,-0.507,-0.116,-0.262,0.108
-0.000,0.059,0.287,0.534,0.018,-0.014,-0.269,0.379,-0.123,0.101,-0.202,0.123,-0.082,0.510,-0.501,-0.323,-0.593,0.067,-0.173,0.179
-0.050,0.105,0.275,0.294,-0.114,-0.057,-0.411,0.592,0.016,0.056,-0.361,-0.007,-0.188,0.460,-0.412,-0.530,-0.699,-0.011,-0.173,0.270
-0.136,0.036,0.228,0.417,-0.237,0.076,-0.297,0.501,0.061,0.116,-0.129,0.176,-0.021,0.446,-0.430,-0.338,-0.493,0.080,-0.388,0.204
0.043,0.235,0.423,0.521,0.068,0.140,-0.328,0.640,0.049,0.008,-0.264,0.277,-0.156,0.509,-0.438,-0.285,-0.342,0.028,-0.108,0.337
0.004,0.106,0.161,0.458,0.020,-0.162,-0.398,0.358,-0.245,0.139,-0.208,0.201,0.052,0.500,-0.665,-0.394,-0.514,-0.131,-0.244,0.166
-0.066,0.170,0.204,0.270,0.063,-0.116,-0.639,0.360,0.032,-0.005,-0.318,0.033,-0.329,0.371,-0.442,-0.533,-0.651,0.025,-0.419,0.059
-0.145,-0.079,0.113,0.241,-0.166,-0.102,-0.397,0.330,-0.249,-0.040,-0.505,0.003,-0.304,0.153,-0.671,-0.509,-0.738,-0.180,-0.543,-0.009
-0.137,0.061,0.364,0.426,0.127,0.010,-0.443,0.459,-0.126,0.001,-0.236,0.291,-0.310,0.325,-0.403,-0.674,-0.625,-0.128,-0.150,0.133
-0.287,-0.153,0.042,0.051,-0.209,-0.279,-0.457,0.156,-0.389,-0.203,-0.457,-0.173,-0.413,0.195,-0.724,-0.993,-0.750,-0.346,-0.292,-0.112
-0.141,-0.017,0.244,0.351,-0.207,-0.043,-0.363,0.406,-0.124,-0.048,-0.349,0.113,-0.201,0.355,-0.666,-0.563,-0.442,-0.080,-0.307,0.112
0.029,-0.043,-0.054,0.162,-0.096,-0.150,-0.328,0.341,-0.050,-0.044,-0.361,-0.058,-0.284,0.188,-0.604,-0.547,-0.779,-0.217,-0.360,0.065
-0.060,0.035,0.011,0.362,-0.210,-0.189,-0.158,0.356,-0.180,0.003,-0.497,0.083,-0.213,0.346,-0.572,-0.577,-0.616,-0.255,-0.284,0.120
0.126,0.071,0.292,0.391,0.150,-0.087,-0.282,0.472,-0.026,0.082,-0.338,0.334,-0.101,0.457,-0.499,-0.487,-0.534,-0.016,-0.314,0.192
0.215,0.166,0.512,0.617,0.276,0.129,-0.089,0.686,0.052,0.178,-0.111,0.346,-0.032,0.674,-0.304,-0.443,-0.627,0.116,-0.067,0.335
0.030,0.178,0.340,0.478,-0.073,-0.059,-0.283,0.465,-0.069,0.108,-0.224,0.145,-0.193,0.394,-0.396,-0.626,-0.512,0.160,-0.020,0.185
-0.355,-0.203,0.077,0.303,-0.294,-0.336,-0.457,0.393,-0.278,-0.104,-0.479,-0.094,-0.375,0.133,-0.771,-0.820,-0.853,-0.136,-0.387,-0.072
-0.368,-0.305,-0.079,0.067,-0.347,-0.484,-0.628,0.010,-0.572,-0.415,-0.588,-0.222,-0.543,-0.042,-0.689,-0.685,-0.996,-0.612,-0.761,-0.175
-0.152,-0.174,0.154,0.175,-0.235,-0.209,-0.634,0.228,-0.259,-0.316,-0.588,-0.273,-0.330,0.128,-0.529,-0.762,-0.738,-0.187,-0.454,-0.212
-0.424,-0.424,-0.192,0.050,-0.453,-0.362,-0.862,0.023,-0.565,-0.408,-0.578,-0.297,-0.539,0.023,-0.754,-1.003,-0.905,-0.479,-0.664,-0.203
-0.327,-0.340,-0.024,0.141,-0.424,-0.214,-0.726,0.179,-0.527,-0.253,-0.501,-0.223,-0.535,0.144,-0.775,-0.695,-0.758,-0.434,-0.582,-0.016
-0.272,-0.106,0.094,0.195,-0.231,-0.204,-0.542,0.148,-0.132,-0.054,-0.405,-0.128,-0.629,0.309,-0.773,-0.748,-0.672,-0.066,-0.387,0.054
-0.476,-0.201,0.053,0.113,-0.345,-0.317,-0.740,0.224,-0.288,-0.385,-0.461,-0.131,-0.379,0.072,-0.820,-0.765,-0.614,-0.206,-0.514,-0.182
-0.505,-0.445,-0.254,-0.161,-0.606,-0.506,-0.829,-0.112,-0.669,-0.329,-0.608,-0.273,-0.681,-0.089,-0.632,-0.894,-0.925,-0.481,-0.592,-0.338
-0.449,-0.313,0.066,-0.016,-0.385,-0.326,-0.769,0.166,-0.353,-0.249,-0.766,-0.100,-0.599,0.064,-0.630,-0.809,-0.835,-0.465,-0.231,-0.043
-0.161,-0.141,0.095,0.033,-0.144,-0.197,-0.677,0.142,-0.304,-0.281,-0.625,-0.172,-0.338,-0.026,-0.697,-0.836,-0.594,-0.313,-0.570,-0.065
-0.386,-0.261,-0.117,-0.027,-0.622,-0.348,-0.624,0.013,-0.415,-0.520,-0.636,-0.215,-0.528,0.044,-0.743,-0.970,-1.057,-0.466,-0.685,-0.101
-0.243,-0.282,0.039,0.134,-0.091,-0.200,-0.633,0.339,-0.106,-0.202,-0.417,-0.095,-0.378,0.088,-0.749,-0.695,-0.801,-0.288,-0.611,-0.131
-0.323,-0.492,0.013,-0.029,-0.435,-0.290,-0.846,-0.005,-0.413,-0.419,-0.749,-0.436,-0.552,-0.148,-0.865,-0.861,-0.980,-0.432,-0.721,-0.166
-0.520,-0.457,-0.150,-0.044,-0.572,-0.478,-0.998,-0.034,-0.532,-0.516,-0.874,-0.501,-0.569,-0.191,-1.102,-0.900,-0.947,-0.369,-0.775,-0.306
-0.626,-0.489,-0.174,-0.163,-0.643,-0.409,-0.784,-0.113,-0.641,-0.503,-0.842,-0.422,-0.763,-0.211,-1.030,-0.818,-1.027,-0.782,-0.807,-0.401
-0.339,-0.384,-0.151,-0.019,-0.474,-0.512,-0.727,-0.053,-0.310,-0.419,-0.637,-0.296,-0.620,-0.075,-0.845,-1.002,-0.897,-0.361,-0.638,-0.328
-0.374,-0.341,-0.066,0.120,-0.473,-0.448,-0.630,0.017,-0.530,-0.280,-0.642,-0.213,-0.374,-0.057,-0.726,-0.918,-0.832,-0.118,-0.512,-0.268
0.012,0.120,0.220,0.433,-0.075,0.053,-0.152,0.488,-0.032,0.066,-0.263,0.303,-0.030,0.107,-0.445,-0.395,-0.628,-0.008,-0.304,0.205
0.038,0.215,0.439,0.591,-0.015,0.052,-0.200,0.503,0.136,0.179,-0.219,0.122,-0.184,0.440,-0.302,-0.275,-0.422,-0.065,-0.168,0.215
0.170,0.214,0.439,0.680,0.096,0.212,-0.147,0.609,0.153,0.254,-0.100,0.394,0.026,0.490,-0.348,-0.191,-0.300,0.119,-0.124,0.409
0.006,0.283,0.433,0.694,0.155,0.107,-0.158,0.514,-0.056,0.240,-0.025,0.265,0.132,0.439,-0.303,-0.275,-0.376,0.047,-0.149,0.282
0.305,0.576,0.503,0.753,0.210,0.192,-0.218,0.775,0.289,0.479,0.057,0.570,0.249,0.660,-0.026,-0.245,-0.324,0.311,0.203,0.389
0.291,0.387,0.556,0.727,0.229,0.397,0.033,0.823,0.231,0.318,0.167,0.434,0.329,0.616,0.140,-0.084,-0.123,0.123,0.013,0.505
0.290,0.494,0.516,0.752,0.243,0.289,-0.254,0.641,0.228,0.466,0.163,0.329,0.101,0.644,-0.107,-0.341,-0.182,0.246,-0.033,0.475
0.241,0.614,0.684,0.742,0.290,0.301,-0.070,0.691,0.153,0.477,0.018,0.536,0.067,0.754,-0.034,-0.162,-0.038,0.374,0.225,0.597
0.173,0.413,0.721,0.632,0.347,0.405,-0.099,0.808,0.192,0.587,0.014,0.530,0.183,0.714,-0.088,-0.015,-0.175,0.393,0.131,0.453
0.227,0.523,0.646,0.758,0.266,0.560,0.019,0.636,0.273,0.632,0.068,0.581,0.336,0.821,-0.143,-0.110,-0.111,0.155,0.204,0.577
0.152,0.306,0.557,0.606,0.267,0.423,-0.122,0.703,0.104,0.427,-0.071,0.404,0.373,0.616,-0.311,-0.253,-0.331,0.126,-0.146,0.432
0.091,0.230,0.359,0.434,0.182,0.018,-0.295,0.409,-0.048,0.168,-0.076,0.286,-0.009,0.374,-0.243,-0.235,-0.263,0.185,-0.269,0.330
0.108,0.315,0.420,0.630,0.122,0.195,-0.004,0.468,0.009,0.379,0.074,0.410,0.089,0.487,-0.336,-0.137,-0.386,0.211,-0.001,0.320
0.406,0.324,0.479,0.640,0.040,0.218,0.045,0.661,0.066,0.349,-0.017,0.397,0.090,0.545,-0.226,-0.250,-0.174,0.214,-0.001,0.338
0.317,0.398,0.705,0.661,0.171,0.233,0.064,0.532,0.369,0.326,-0.130,0.408,0.231,0.532,-0.197,-0.113,-0.259,0.361,0.216,0.420
0.238,0.326,0.362,0.550,0.082,0.072,-0.142,0.488,0.201,0.100,-0.123,0.337,0.237,0.565,-0.111,-0.216,-0.345,0.217,-0.002,0.425
0.146,0.056,0.377,0.508,0.222,0.042,-0.303,0.565,0.039,0.226,-0.213,0.190,0.026,0.472,-0.142,-0.331,-0.287,0.167,-0.111,0.541
0.093,0.009,0.362,0.409,0.111,0.166,-0.500,0.356,0.186,0.019,-0.380,0.090,-0.094,0.490,-0.359,-0.444,-0.401,0.014,-0.247,0.317
0.153,0.184,0.318,0.412,-0.028,0.028,-0.352,0.484,0.114,0.194,-0.191,0.168,-0.108,0.422,-0.321,-0.438,-0.335,0.117,-0.158,0.314
0.081,0.288,0.621,0.667,0.142,0.362,-0.149,0.682,0.277,0.376,-0.014,0.252,0.036,0.592,-0.396,-0.207,-0.157,0.401,0.108,0.485
0.253,0.465,0.448,0.726,0.429,0.287,-0.061,0.757,0.351,0.496,0.079,0.516,0.219,0.661,-0.220,-0.127,-0.174,0.293,0.052,0.473
0.231,0.440,0.667,0.670,0.364,0.306,0.108,0.776,0.482,0.497,0.113,0.525,0.254,0.739,-0.093,0.004,-0.121,0.388,-0.020,0.582
0.183,0.353,0.443,0.640,-0.005,0.431,-0.133,0.652,0.094,0.290,-0.092,0.554,0.131,0.685,0.100,-0.190,-0.358,0.254,0.008,0.321
0.126,0.333,0.623,0.551,0.246,0.340,-0.031,0.592,0.023,0.226,0.036,0.531,0.241,0.665,-0.143,-0.179,-0.466,0.383,-0.058,0.365
0.111,0.314,0.316,0.465,0.157,0.159,-0.176,0.433,0.034,0.353,0.016,0.422,-0.055,0.604,-0.219,-0.312,-0.373,-0.033,-0.097,0.342
-0.018,0.089,0.270,0.373,0.284,0.269,-0.302,0.525,0.227,0.303,-0.212,0.353,-0.245,0.588,-0.113,-0.378,-0.488,0.106,-0.134,0.251
0.029,-0.091,0.269,0.402,-0.068,0.054,-0.165,0.341,0.091,0.021,-0.288,0.193,-0.237,0.470,-0.378,-0.414,-0.635,-0.046,-0.194,0.125
-0.063,-0.076,0.091,0.242,-0.240,-0.110,-0.459,0.273,-0.219,-0.008,-0.246,0.093,-0.398,0.297,-0.444,-0.476,-0.804,-0.137,-0.318,0.085
-0.101,-0.138,0.251,0.254,-0.135,-0.008,-0.529,0.306,-0.270,-0.066,-0.312,0.130,-0.297,0.310,-0.532,-0.503,-0.608,-0.032,-0.198,0.071
0.029,0.031,0.360,0.471,-0.016,0.213,-0.316,0.445,-0.258,0.026,-0.274,0.184,-0.322,0.319,-0.517,-0.365,-0.627,0.057,-0.257,0.241
0.085,0.214,0.331,0.506,0.132,-0.003,-0.365,0.532,-0.092,0.243,-0.167,0.284,-0.130,0.514,-0.327,-0.190,-0.434,-0.119,-0.298,0.342
0.115,0.134,0.409,0.518,0.034,-0.023,-0.227,0.492,-0.102,0.058,-0.240,0.067,-0.087,0.457,-0.263,-0.318,-0.473,-0.012,-0.249,0.267
0.018,0.195,0.299,0.514,0.023,0.042,-0.421,0.458,0.088,0.242,-0.261,0.127,-0.241,0.390,-0.576,-0.542,-0.523,-0.100,-0.252,0.245
-0.383,-0.202,-0.085,0.056,-0.265,-0.390,-0.587,0.051,-0.421,-0.069,-0.683,-0.113,-0.517,0.119,-0.881,-0.799,-0.974,-0.449,-0.288,-0.149
-0.440,-0.259,0.097,0.181,-0.338,-0.219,-0.379,0.198,-0.325,-0.206,-0.611,-0.023,-0.330,0.055,-0.861,-0.473,-0.950,-0.429,-0.355,-0.187
-0.298,-0.083,0.009,0.165,-0.281,-0.116,-0.426,0.186,-0.225,-0.005,-0.401,0.111,-0.246,0.189,-0.748,-0.705,-0.620,-0.308,-0.359,-0.045
-0.162,-0.148,0.061,0.234,-0.285,-0.179,-0.671,0.156,-0.223,-0.074,-0.433,-0.015,-0.384,0.179,-0.517,-0.678,-0.713,-0.168,-0.169,-0.028
0.161,0.146,0.406,0.523,0.022,0.124,-0.181,0.413,-0.031,0.063,-0.270,0.276,-0.042,0.524,-0.386,-0.258,-0.326,0.031,-0.138,0.174
0.045,0.106,0.497,0.393,-0.009,0.083,-0.282,0.453,0.003,0.047,-0.190,0.032,-0.120,0.499,-0.307,-0.201,-0.473,0.110,-0.079,0.118
-0.057,0.037,0.267,0.421,-0.070,0.036,-0.391,0.251,-0.114,-0.016,-0.183,0.157,-0.087,0.401,-0.590,-0.302,-0.381,-0.065,-0.261,0.127
0.109,0.051,0.380,0.522,0.033,0.111,-0.254,0.481,0.042,0.189,-0.387,0.092,-0.115,0.476,-0.358,-0.458,-0.471,-0.092,-0.088,0.131
0.077,0.174,0.201,0.587,0.110,0.144,-0.277,0.569,0.121,0.101,-0.254,0.108,-0.056,0.504,-0.363,-0.404,-0.574,-0.148,-0.112,0.375
-0.013,0.159,0.352,0.415,-0.002,0.094,-0.244,0.425,-0.110,-0.053,-0.417,0.076,-0.032,0.389,-0.436,-0.344,-0.572,0.020,-0.023,0.151
0.218,0.185,0.358,0.508,-0.055,0.124,-0.290,0.485,-0.108,0.019,-0.382,0.181,-0.052,0.369,-0.578,-0.400,-0.717,0.039,-0.127,0.075
-0.107,-0.035,0.035,0.288,-0.354,-0.189,-0.698,0.375,-0.248,-0.125,-0.474,-0.088,-0.177,0.199,-0.604,-0.469,-0.835,-0.302,-0.482,-0.113
-0.109,0.017,0.192,0.273,-0.255,-0.027,-0.479,0.421,-0.142,-0.166,-0.478,-0.049,-0.380,0.273,-0.431,-0.549,-0.685,-0.107,-0.417,-0.037
0.010,0.048,0.285,0.404,-0.100,-0.044,-0.424,0.264,-0.087,0.130,-0.336,0.046,-0.243,0.307,-0.553,-0.646,-0.580,-0.107,-0.346,0.119
0.222,0.085,0.584,0.405,0.131,0.051,-0.186,0.399,0.047,0.069,-0.059,0.224,-0.169,0.489,-0.369,-0.358,-0.520,-0.123,-0.093,0.274
-0.080,0.179,0.338,0.319,-0.100,0.037,-0.441,0.370,0.113,0.076,-0.033,0.033,-0.179,0.391,-0.517,-0.473,-0.550,-0.033,-0.237,0.144
-0.220,-0.239,0.025,0.189,-0.367,-0.195,-0.628,0.092,-0.469,-0.229,-0.522,-0.171,-0.490,0.103,-0.618,-0.930,-0.794,-0.198,-0.579,-0.043
-0.401,-0.284,-0.157,0.123,-0.392,-0.292,-0.712,-0.149,-0.494,-0.195,-0.540,-0.214,-0.475,0.100,-0.772,-0.784,-0.738,-0.361,-0.640,-0.149
-0.099,0.117,0.240,0.498,0.099,0.167,-0.161,0.501,-0.044,0.192,-0.141,0.182,-0.025,0.442,-0.472,-0.267,-0.416,0.192,-0.153,0.254
0.141,0.075,0.422,0.465,0.190,0.176,-0.050,0.370,-0.011,0.262,-0.226,0.285,0.037,0.502,-0.228,-0.334,-0.557,-0.073,-0.261,0.201
0.031,0.081,0.434,0.451,-0.026,-0.011,-0.404,0.349,-0.055,0.100,-0.064,0.164,-0.034,0.453,-0.273,-0.292,-0.470,-0.034,-0.337,0.218
0.209,0.326,0.594,0.560,0.278,0.221,-0.020,0.781,0.414,0.319,-0.027,0.376,0.161,0.497,0.027,-0.240,-0.255,0.184,0.050,0.533
0.132,0.295,0.564,0.651,0.157,0.067,-0.167,0.601,0.084,0.176,-0.032,0.479,0.149,0.649,0.046,-0.235,-0.525,0.264,-0.100,0.380
0.399,0.583,0.558,0.790,0.254,0.418,0.106,0.860,0.465,0.325,0.078,0.591,0.200,0.765,0.025,-0.202,-0.212,0.265,0.075,0.558
0.387,0.621,0.605,0.839,0.342,0.374,0.015,0.820,0.361,0.427,-0.023,0.551,0.194,0.828,-0.027,-0.037,-0.144,0.347,0.156,0.505
0.351,0.383,0.553,0.726,0.254,0.370,-0.081,0.766,0.275,0.432,-0.106,0.498,0.245,0.641,-0.323,-0.099,-0.139,0.170,0.214,0.315
0.103,0.349,0.403,0.731,0.100,0.187,-0.313,0.613,0.113,0.217,-0.259,0.367,0.231,0.765,-0.231,-0.191,-0.236,0.117,0.079,0.371
0.378,0.493,0.563,0.880,0.612,0.453,0.096,0.887,0.492,0.363,0.282,0.604,0.398,0.789,0.163,0.085,-0.015,0.251,0.329,0.528
0.390,0.419,0.657,0.772,0.380,0.458,-0.077,0.757,0.324,0.407,0.249,0.499,0.240,0.763,-0.078,-0.142,-0.120,0.400,0.086,0.438
0.339,0.491,0.782,0.929,0.529,0.374,-0.170,0.699,0.261,0.431,0.225,0.582,0.084,0.731,-0.105,-0.198,0.040,0.496,0.147,0.590
0.571,0.751,0.856,0.974,0.547,0.462,0.114,0.928,0.659,0.513,0.354,0.507,0.432,0.886,0.053,-0.112,0.132,0.635,0.442,0.788
0.365,0.487,0.721,0.858,0.279,0.479,0.135,0.842,0.365,0.421,0.078,0.533,0.360,0.837,0.209,-0.180,-0.170,0.504,0.185,0.607
0.407,0.258,0.560,0.565,0.232,0.381,-0.051,0.689,0.118,0.357,-0.204,0.424,0.273,0.605,-0.082,-0.096,-0.133,0.164,-0.070,0.449
0.377,0.301,0.680,0.755,0.355,0.482,-0.184,0.818,0.254,0.301,0.171,0.356,0.079,0.680,-0.119,-0.260,-0.099,0.299,-0.032,0.550
0.056,0.249,0.443,0.578,0.192,0.157,-0.299,0.730,0.070,0.410,0.037,0.372,0.077,0.569,-0.213,-0.281,-0.443,0.187,-0.058,0.362
-0.092,-0.037,0.278,0.374,0.015,0.103,-0.342,0.376,-0.025,0.235,-0.329,0.133,-0.176,0.276,-0.420,-0.662,-0.602,-0.070,-0.443,0.169
-0.135,-0.089,0.139,0.262,-0.208,-0.240,-0.264,0.226,-0.186,-0.119,-0.493,0.012,-0.174,0.207,-0.762,-0.751,-0.629,-0.175,-0.389,-0.069
0.134,0.048,0.378,0.465,-0.018,0.104,-0.340,0.592,-0.086,0.084,-0.242,0.295,-0.038,0.377,-0.258,-0.366,-0.468,0.098,-0.040,0.196
-0.112,0.033,0.261,0.270,0.024,-0.023,-0.421,0.363,-0.081,0.041,-0.410,0.150,-0.168,0.384,-0.259,-0.486,-0.513,-0.041,-0.327,0.182
-0.137,0.064,0.244,0.270,0.091,-0.009,-0.713,0.418,-0.168,-0.069,-0.363,0.071,-0.339,0.268,-0.571,-0.482,-0.665,-0.309,-0.388,-0.059
-0.363,-0.128,0.122,0.348,-0.099,-0.182,-0.570,0.217,-0.055,-0.039,-0.586,0.041,-0.281,0.182,-0.740,-0.747,-0.751,-0.308,-0.359,0.005
-0.203,-0.262,0.084,0.165,-0.214,-0.202,-0.617,0.246,-0.309,-0.054,-0.556,-0.028,-0.498,0.131,-0.480,-0.798,-0.802,-0.155,-0.356,-0.031
-0.392,-0.309,-0.040,0.142,-0.392,-0.528,-0.873,0.095,-0.482,-0.226,-0.581,-0.157,-0.448,0.037,-0.703,-1.188,-0.734,-0.386,-0.483,-0.161
-0.278,-0.458,-0.078,0.097,-0.353,-0.362,-0.778,0.120,-0.518,-0.343,-0.593,-0.112,-0.431,-0.025,-0.670,-0.720,-0.618,-0.332,-0.488,-0.120
-0.391,-0.385,-0.262,-0.020,-0.398,-0.559,-0.609,0.163,-0.551,-0.335,-0.684,-0.175,-0.575,-0.031,-1.066,-0.866,-0.941,-0.406,-0.692,-0.078
-0.363,-0.378,-0.026,0.123,-0.211,-0.131,-0.494,0.191,-0.289,-0.162,-0.447,-0.079,-0.360,0.214,-0.750,-0.624,-0.783,-0.423,-0.476,-0.134
-0.254,-0.272,0.165,-0.032,-0.205,-0.175,-0.553,0.342,-0.218,-0.288,-0.311,-0.103,-0.316,0.144,-0.591,-0.790,-0.564,-0.073,-0.615,-0.030
-0.297,-0.039,0.070,0.259,-0.334,-0.186,-0.688,0.213,-0.511,-0.095,-0.338,0.045,-0.338,0.244,-0.567,-0.742,-0.784,-0.277,-0.583,0.145
-0.209,-0.014,0.130,0.415,-0.232,-0.023,-0.529,0.291,-0.304,-0.202,-0.339,0.022,-0.268,0.362,-0.385,-0.519,-0.636,-0.317,-0.320,0.095
-0.106,-0.041,0.193,0.480,-0.092,-0.038,-0.566,0.410,-0.114,0.063,-0.303,0.103,-0.124,0.391,-0.346,-0.601,-0.514,-0.056,-0.160,0.198
-0.276,-0.086,0.196,0.377,-0.154,0.024,-0.428,0.342,-0.177,0.034,-0.261,0.085,-0.201,0.281,-0.412,-0.571,-0.509,-0.041,-0.269,0.121
-0.015,0.085,0.226,0.493,-0.023,0.017,-0.379,0.306,-0.257,-0.155,-0.299,0.152,-0.047,0.507,-0.335,-0.647,-0.834,0.081,-0.399,0.213
0.118,0.054,0.330,0.536,0.125,0.028,-0.475,0.544,-0.146,0.112,-0.068,0.287,0.082,0.578,-0.599,-0.620,-0.311,0.139,-0.102,0.253
-0.060,0.035,0.403,0.502,-0.013,0.279,-0.338,0.483,-0.036,0.214,-0.064,0.229,-0.048,0.558,-0.248,-0.481,-0.104,-0.011,-0.074,0.265
0.005,-0.044,0.349,0.520,0.044,-0.014,-0.418,0.328,0.090,0.184,-0.311,0.084,-0.195,0.376,-0.385,-0.416,-0.424,-0.122,-0.243,0.137
-0.205,0.036,0.251,0.451,-0.122,-0.155,-0.523,0.293,-0.182,0.090,-0.407,0.216,-0.227,0.360,-0.402,-0.548,-0.321,-0.305,-0.575,-0.022
-0.113,-0.013,0.118,0.316,-0.010,-0.030,-0.507,0.207,-0.099,-0.046,-0.375,0.188,-0.072,0.426,-0.596,-0.574,-0.700,-0.205,-0.232,0.054
0.081,0.135,0.239,0.323,-0.087,-0.059,-0.445,0.389,-0.121,-0.010,-0.384,0.223,0.013,0.492,-0.510,-0.557,-0.542,0.003,-0.085,0.144
-0.142,-0.118,-0.024,0.438,-0.116,0.042,-0.391,0.278,-0.247,-0.088,-0.273,0.070,-0.116,0.406,-0.459,-0.424,-0.495,-0.007,-0.143,0.197
0.155,0.011,0.284,0.389,-0.043,0.011,-0.395,0.440,-0.129,0.084,-0.320,0.211,-0.056,0.529,-0.397,-0.528,-0.712,-0.091,-0.316,0.271
-0.139,-0.147,-0.066,0.212,-0.202,-0.117,-0.545,0.249,-0.326,-0.213,-0.279,-0.017,-0.237,0.231,-0.613,-0.678,-0.636,-0.055,-0.298,-0.141
0.154,-0.094,0.249,0.434,0.036,-0.062,-0.350,0.274,-0.064,-0.052,-0.380,0.086,-0.226,0.353,-0.588,-0.450,-0.485,-0.017,-0.170,0.037
-0.192,-0.276,0.014,0.130,-0.228,-0.258,-0.658,0.078,-0.391,-0.309,-0.479,-0.025,-0.623,0.047,-0.828,-0.609,-0.645,-0.380,-0.303,-0.245
-0.267,-0.140,0.025,0.215,-0.221,-0.160,-0.343,0.116,-0.187,-0.014,-0.315,0.012,-0.338,0.143,-0.274,-0.768,-0.625,-0.216,-0.413,-0.039
-0.220,-0.222,0.001,0.137,-0.301,-0.299,-0.653,0.076,-0.344,-0.128,-0.504,-0.044,-0.324,0.009,-0.654,-0.840,-0.802,-0.361,-0.612,-0.129
-0.432,-0.347,-0.151,-0.076,-0.394,-0.219,-0.822,0.107,-0.476,-0.309,-0.675,-0.128,-0.480,0.003,-0.783,-0.873,-0.868,-0.487,-0.659,-0.260
-0.527,-0.398,-0.118,0.039,-0.464,-0.333,-0.946,0.159,-0.385,-0.299,-0.625,-0.174,-0.615,-0.134,-0.697,-0.696,-1.045,-0.458,-0.587,-0.256
-0.321,-0.234,-0.011,0.273,-0.260,-0.307,-0.473,0.248,-0.331,-0.181,-0.564,-0.016,-0.318,0.220,-0.502,-0.543,-0.715,-0.309,-0.343,-0.207
-0.206,-0.145,0.070,0.448,0.027,-0.004,-0.349,0.349,-0.177,0.006,-0.472,0.196,-0.164,0.368,-0.529,-0.605,-0.562,-0.148,-0.333,0.087
-0.301,-0.396,-0.071,0.189,-0.172,-0.212,-0.590,0.240,-0.231,-0.151,-0.488,-0.098,-0.400,0.149,-0.667,-0.651,-0.716,-0.390,-0.500,-0.117
-0.299,-0.152,-0.052,0.137,-0.170,-0.318,-0.471,0.234,-0.318,-0.143,-0.624,-0.059,-0.503,-0.007,-0.859,-0.620,-0.821,-0.464,-0.438,-0.093
-0.266,-0.206,-0.028,0.214,-0.288,-0.254,-0.814,0.105,-0.368,-0.179,-0.587,0.025,-0.273,0.179,-0.641,-0.596,-0.754,-0.322,-0.445,0.040
-0.251,0.047,0.149,0.324,-0.021,-0.064,-0.418,0.306,-0.212,-0.050,-0.458,0.042,-0.206,0.177,-0.675,-0.499,-0.592,-0.180,-0.387,0.221
-0.530,-0.243,-0.057,0.143,-0.306,-0.165,-0.534,0.196,-0.349,-0.163,-0.391,-0.042,-0.438,0.212,-0.743,-0.581,-0.842,-0.242,-0.471,-0.032
-0.514,-0.215,0.009,0.177,-0.489,-0.336,-0.740,0.166,-0.249,-0.257,-0.546,-0.082,-0.470,0.036,-0.671,-0.855,-0.916,-0.280,-0.485,-0.012
-0.244,-0.191,0.009,0.175,-0.363,-0.171,-0.458,0.269,-0.479,-0.315,-0.566,-0.173,-0.248,0.115,-0.929,-0.653,-0.868,-0.237,-0.809,-0.117
-0.356,-0.323,-0.055,0.036,-0.400,-0.328,-0.573,0.116,-0.356,-0.407,-0.705,-0.319,-0.527,0.071,-0.854,-0.892,-1.031,-0.357,-0.556,-0.089
-0.139,-0.078,0.118,0.436,-0.093,-0.057,-0.636,0.290,-0.152,0.038,-0.432,0.081,-0.226,0.233,-0.355,-0.536,-0.757,-0.045,-0.269,0.137
-0.074,-0.088,0.121,0.434,-0.091,-0.035,-0.586,0.152,-0.271,0.003,-0.776,-0.036,-0.280,0.130,-0.553,-0.603,-0.735,-0.113,-0.359,0.021
-0.239,-0.219,0.003,0.196,-0.315,-0.153,-0.834,0.228,-0.286,0.025,-0.660,-0.070,-0.360,0.214,-0.547,-0.573,-0.782,-0.206,-0.619,0.038
-0.478,-0.300,0.115,0.157,-0.082,-0.286,-0.768,0.214,-0.190,-0.029,-0.529,-0.038,-0.359,0.271,-0.580,-0.619,-0.749,-0.366,-0.556,-0.025
-0.217,-0.189,0.037,0.175,-0.237,-0.184,-0.385,0.307,-0.337,-0.073,-0.479,-0.008,-0.391,0.273,-0.526,-0.737,-0.551,-0.089,-0.240,0.140
-0.099,-0.094,0.123,0.326,-0.213,-0.083,-0.551,0.237,-0.306,-0.077,-0.442,-0.001,-0.278,0.291,-0.526,-0.588,-0.392,-0.029,-0.263,0.109
-0.102,0.082,0.283,0.483,-0.131,-0.009,-0.482,0.514,-0.039,0.075,-0.384,0.053,-0.035,0.396,-0.217,-0.441,-0.471,0.082,-0.109,0.168
0.108,0.319,0.298,0.578,0.031,0.040,-0.295,0.582,0.054,0.237,-0.285,0.289,-0.077,0.481,-0.380,-0.244,-0.367,0.096,0.041,0.330
0.061,0.402,0.317,0.597,0.078,0.154,-0.353,0.635,0.052,0.069,-0.223,0.324,0.020,0.528,-0.367,-0.444,-0.588,0.013,0.040,0.356
0.002,0.096,0.438,0.586,0.002,0.042,-0.298,0.475,0.047,0.147,-0.132,0.319,0.031,0.607,-0.234,-0.219,-0.492,0.190,0.011,0.183
0.275,0.323,0.614,0.686,0.396,0.177,-0.031,0.710,0.243,0.386,-0.080,0.505,0.242,0.822,-0.057,-0.380,-0.235,0.360,0.101,0.332
0.299,0.421,0.675,0.835,0.385,0.534,0.049,0.790,0.431,0.327,0.081,0.562,0.068,0.804,0.006,-0.069,0.078,0.479,0.132,0.389
0.267,0.488,0.629,0.803,0.436,0.330,0.189,0.778,0.283,0.342,0.033,0.643,0.324,0.619,0.078,0.001,-0.155,0.186,-0.001,0.515
0.006,0.080,0.430,0.485,0.133,0.334,-0.215,0.461,0.039,0.166,-0.290,0.329,0.004,0.469,-0.306,-0.275,-0.480,-0.011,-0.200,0.335
0.150,0.168,0.598,0.687,0.142,0.263,-0.144,0.556,0.033,0.277,-0.196,0.336,0.252,0.580,-0.221,-0.143,-0.431,0.202,-0.073,0.325
0.256,0.242,0.453,0.624,0.159,0.183,-0.086,0.473,0.041,0.150,-0.050,0.394,0.217,0.667,-0.152,-0.510,-0.574,0.108,0.012,0.320
0.333,0.424,0.472,0.604,0.351,0.109,-0.151,0.504,0.151,0.376,-0.048,0.516,0.086,0.768,0.003,-0.175,-0.209,0.059,-0.062,0.454
0.474,0.470,0.513,0.911,0.490,0.396,-0.084,0.668,0.244,0.422,0.091,0.446,0.277,0.759,-0.233,-0.090,-0.183,0.230,0.112,0.408
0.501,0.328,0.607,0.776,0.490,0.541,-0.214,0.808,0.317,0.418,0.009,0.545,0.326,0.543,0.084,-0.010,-0.190,0.348,0.204,0.580
0.282,0.391,0.718,0.723,0.476,0.562,0.153,0.819,0.348,0.416,0.202,0.630,0.292,0.850,0.066,-0.108,-0.197,0.264,0.349,0.549
0.320,0.343,0.637,0.829,0.301,0.499,0.147,0.835,0.278,0.446,0.211,0.619,0.295,0.840,0.111,0.028,-0.081,0.233,0.229,0.479
0.324,0.432,0.669,0.885,0.384,0.292,0.089,0.916,0.357,0.449,0.128,0.498,0.261,0.836,0.081,-0.177,-0.086,0.399,0.019,0.518
0.167,0.153,0.417,0.656,0.128,0.133,-0.215,0.598,0.162,0.200,-0.144,0.066,0.133,0.464,-0.317,-0.249,-0.454,0.131,-0.130,0.282
0.086,0.095,0.433,0.478,-0.117,0.055,-0.394,0.499,-0.113,-0.056,-0.320,0.072,-0.050,0.304,-0.580,-0.490,-0.556,-0.178,-0.247,0.132
-0.090,0.072,0.399,0.473,-0.006,0.111,-0.292,0.399,-0.001,0.261,-0.216,0.293,0.016,0.302,-0.443,-0.428,-0.569,-0.108,-0.074,0.212
0.042,0.262,0.370,0.570,-0.038,0.224,-0.114,0.551,0.139,0.288,-0.005,0.309,0.169,0.476,-0.325,-0.450,-0.316,0.262,0.043,0.363
0.143,0.206,0.469,0.489,0.036,0.183,-0.569,0.412,0.069,0.177,-0.063,0.151,-0.106,0.372,-0.243,-0.425,-0.375,0.158,-0.124,0.213
0.143,0.013,0.396,0.567,-0.065,0.057,-0.206,0.457,-0.177,0.137,-0.346,0.088,0.107,0.436,-0.425,-0.443,-0.524,-0.087,-0.276,0.242
0.021,0.157,0.258,0.534,-0.001,0.090,-0.306,0.651,0.066,0.193,-0.338,0.311,-0.154,0.431,-0.278,-0.724,-0.688,0.024,-0.089,0.385
-0.041,0.132,0.216,0.495,-0.023,0.105,-0.295,0.479,-0.072,0.023,-0.259,0.302,-0.340,0.393,-0.458,-0.383,-0.617,-0.131,-0.335,0.093
-0.004,0.086,0.224,0.452,0.081,0.067,-0.211,0.501,-0.134,0.128,-0.340,0.228,-0.009,0.205,-0.516,-0.501,-0.679,-0.006,-0.180,0.169
0.113,0.110,0.494,0.540,0.015,0.204,-0.157,0.567,0.226,0.225,-0.266,0.222,0.095,0.600,-0.091,-0.054,-0.345,-0.040,0.064,0.332
0.103,0.286,0.464,0.633,0.053,0.011,-0.019,0.595,0.095,0.195,-0.083,0.295,0.075,0.472,-0.208,-0.433,-0.312,0.084,-0.081,0.327
-0.004,0.066,0.296,0.494,-0.015,0.117,-0.033,0.442,0.035,0.132,-0.143,0.255,0.038,0.540,-0.355,-0.347,-0.477,-0.027,-0.133,0.256
-0.119,-0.136,0.005,0.059,-0.168,-0.067,-0.487,0.216,-0.368,-0.036,-0.356,0.092,-0.366,0.114,-0.515,-0.548,-0.822,-0.169,-0.356,0.090
0.244,0.207,0.403,0.454,0.101,0.130,-0.141,0.433,0.145,0.201,-0.094,0.298,-0.132,0.431,-0.283,-0.339,-0.450,0.183,-0.138,0.342
-0.071,-0.147,0.193,0.454,0.073,-0.220,-0.533,0.385,-0.135,0.016,-0.219,0.151,-0.345,0.297,-0.625,-0.468,-0.563,0.104,-0.326,0.143
-0.008,-0.087,0.112,0.347,-0.096,-0.125,-0.524,0.298,-0.122,-0.199,-0.386,-0.034,-0.184,0.229,-0.679,-0.638,-0.632,-0.068,-0.392,0.099
-0.207,-0.036,0.163,0.303,-0.269,-0.208,-0.542,0.262,-0.171,-0.088,-0.319,0.001,-0.362,0.246,-0.449,-0.504,-0.624,-0.080,-0.517,-0.081
-0.229,-0.341,0.006,0.341,-0.198,-0.044,-0.664,0.218,-0.325,-0.102,-0.329,0.060,-0.183,0.291,-0.680,-0.627,-0.667,-0.263,-0.388,0.082
-0.412,-0.373,-0.091,0.102,-0.450,-0.275,-0.818,0.049,-0.450,-0.319,-0.780,-0.299,-0.571,0.067,-0.776,-0.909,-1.058,-0.590,-0.586,-0.093
-0.201,-0.081,-0.087,0.046,-0.209,-0.325,-0.696,0.181,-0.394,-0.232,-0.692,-0.029,-0.495,0.174,-0.547,-0.649,-0.659,-0.377,-0.492,-0.068
-0.330,-0.159,0.012,0.232,-0.201,-0.252,-0.704,0.274,-0.171,-0.170,-0.589,0.063,-0.247,0.148,-0.559,-0.638,-0.583,-0.578,-0.406,-0.078
-0.122,-0.081,-0.055,0.130,-0.248,-0.179,-0.548,0.071,-0.334,-0.234,-0.410,-0.023,-0.347,0.193,-0.531,-0.747,-0.776,-0.470,-0.423,-0.000
-0.120,-0.092,0.151,0.430,-0.163,-0.010,-0.615,0.146,-0.167,-0.065,-0.513,-0.035,-0.202,0.149,-0.754,-0.712,-0.636,-0.254,-0.439,-0.041
-0.022,0.061,0.202,0.440,-0.132,0.045,-0.561,0.300,0.021,-0.056,-0.191,0.085,-0.226,0.293,-0.467,-0.556,-0.706,-0.036,-0.099,0.187
0.057,0.001,0.276,0.342,-0.099,-0.158,-0.384,0.314,-0.121,0.006,-0.270,0.098,-0.109,0.348,-0.679,-0.656,-0.500,-0.078,-0.205,0.118
-0.237,0.017,0.312,0.322,-0.138,-0.183,-0.388,0.212,-0.064,-0.185,-0.160,0.057,-0.339,0.241,-0.654,-0.617,-0.435,-0.132,-0.322,-0.166
-0.032,0.278,0.252,0.419,0.084,-0.078,-0.223,0.471,-0.016,-0.131,-0.359,0.169,-0.146,0.424,-0.577,-0.417,-0.548,-0.114,-0.346,0.033
0.064,0.152,0.334,0.454,-0.011,0.061,-0.130,0.430,-0.036,0.159,-0.223,0.133,0.079,0.471,-0.503,-0.455,-0.500,-0.043,-0.145,0.070
-0.049,0.116,0.103,0.422,-0.036,0.026,-0.436,0.323,-0.147,0.115,-0.340,0.048,-0.050,0.459,-0.224,-0.386,-0.599,-0.023,-0.093,0.084
0.143,0.035,0.500,0.397,0.028,0.012,-0.326,0.465,-0.109,0.076,-0.247,0.150,0.072,0.446,-0.415,-0.347,-0.531,0.102,-0.083,0.247
0.205,0.152,0.507,0.504,0.096,0.178,-0.110,0.625,0.189,0.219,-0.081,0.520,0.040,0.468,-0.243,-0.220,-0.173,0.182,0.049,0.348
-0.218,-0.125,0.054,0.234,-0.163,-0.095,-0.495,0.376,-0.228,-0.073,-0.547,0.173,-0.333,0.204,-0.442,-0.678,-0.678,-0.096,-0.477,0.008
0.037,0.023,0.252,0.251,-0.026,-0.055,-0.363,0.296,-0.009,0.088,-0.438,0.130,-0.201,0.299,-0.416,-0.556,-0.681,-0.031,-0.307,0.054
0.170,0.180,0.265,0.539,0.094,0.085,-0.114,0.422,-0.060,0.029,-0.215,0.120,-0.126,0.521,-0.325,-0.649,-0.514,-0.008,-0.059,0.144
-0.038,-0.016,0.377,0.393,0.122,0.051,-0.365,0.245,-0.102,0.068,-0.279,0.179,-0.233,0.454,-0.360,-0.549,-0.538,-0.000,-0.182,0.116
-0.078,-0.152,0.087,0.209,-0.119,-0.100,-0.464,0.222,-0.148,-0.195,-0.380,-0.110,-0.227,0.147,-0.367,-0.578,-0.937,-0.153,-0.377,-0.021
-0.210,-0.044,0.206,0.419,0.038,0.009,-0.625,0.515,-0.157,-0.044,-0.403,0.103,-0.182,0.211,-0.589,-0.669,-0.671,-0.002,-0.375,0.076
-0.185,-0.204,0.166,0.152,-0.085,-0.106,-0.440,0.291,-0.281,-0.047,-0.484,-0.050,-0.367,0.167,-0.545,-0.523,-0.838,-0.177,-0.171,-0.149
-0.052,-0.229,0.257,0.264,-0.140,-0.094,-0.693,0.333,-0.225,-0.176,-0.557,-0.234,-0.385,0.035,-0.813,-0.625,-0.603,-0.296,-0.400,-0.111
0.001,0.051,0.213,0.397,-0.105,-0.085,-0.525,0.372,-0.021,-0.014,-0.392,0.077,-0.148,0.220,-0.354,-0.304,-0.575,-0.060,-0.279,0.119
-0.080,0.303,0.590,0.405,-0.039,0.141,-0.348,0.442,0.048,0.109,-0.147,0.297,-0.043,0.548,-0.164,-0.353,-0.389,0.045,-0.200,0.140
-0.103,-0.142,0.322,0.211,-0.130,0.132,-0.450,0.415,-0.149,0.003,-0.323,0.072,-0.122,0.262,-0.592,-0.714,-0.392,-0.259,-0.470,0.178
-0.250,-0.126,0.052,0.290,-0.273,-0.168,-0.585,0.238,-0.120,0.016,-0.373,-0.150,-0.284,0.135,-0.776,-0.694,-0.595,-0.191,-0.572,0.102
-0.111,-0.064,0.265,0.372,-0.120,-0.046,-0.339,0.157,-0.083,0.015,-0.390,-0.094,-0.221,0.248,-0.537,-0.463,-0.571,-0.030,-0.465,0.060
-0.142,-0.045,0.344,0.318,-0.079,-0.054,-0.175,0.374,-0.081,0.060,-0.432,0.085,-0.298,0.266,-0.489,-0.392,-0.790,0.049,-0.438,0.065
-0.176,-0.072,0.187,0.298,-0.277,-0.024,-0.238,0.346,-0.142,0.064,-0.375,-0.004,-0.288,0.265,-0.588,-0.602,-0.798,0.072,-0.291,0.116
0.170,0.243,0.191,0.581,0.115,0.034,-0.268,0.508,0.195,0.200,-0.102,0.175,-0.116,0.366,-0.351,-0.234,-0.632,0.035,-0.246,0.335
0.022,0.093,0.338,0.485,0.097,0.266,-0.187,0.433,0.085,0.066,-0.214,0.126,-0.177,0.252,-0.394,-0.453,-0.410,-0.014,-0.083,0.144
-0.127,0.209,0.208,0.555,-0.048,-0.027,-0.093,0.542,0.014,-0.031,-0.372,0.150,-0.173,0.343,-0.615,-0.487,-0.493,-0.027,-0.061,0.149
0.090,0.115,0.424,0.459,-0.153,-0.069,-0.543,0.495,-0.050,0.188,-0.114,0.144,-0.087,0.317,-0.462,-0.258,-0.445,0.106,-0.079,-0.002
0.124,0.171,0.088,0.470,-0.113,-0.052,-0.310,0.448,-0.012,0.209,-0.163,0.241,-0.105,0.430,-0.455,-0.232,-0.471,-0.027,-0.288,0.230
0.274,0.225,0.622,0.743,0.461,0.502,0.052,0.753,0.356,0.410,0.093,0.394,0.141,0.778,-0.044,0.132,-0.210,0.169,0.153,0.576
0.174,0.261,0.388,0.757,0.288,0.249,-0.157,0.482,0.100,0.404,0.052,0.343,-0.058,0.453,-0.060,-0.214,-0.215,0.233,-0.034,0.377
0.141,-0.116,0.289,0.457,0.002,-0.175,-0.452,0.373,-0.086,-0.001,-0.185,0.117,-0.316,0.290,-0.385,-0.509,-0.519,-0.051,-0.124,0.310
-0.058,0.020,0.175,0.343,0.004,-0.016,-0.373,0.351,-0.177,0.026,-0.180,0.109,-0.134,0.191,-0.206,-0.512,-0.626,-0.046,-0.300,0.195
-0.177,-0.006,0.283,0.373,-0.014,-0.015,-0.374,0.401,-0.081,0.109,-0.238,0.175,-0.195,0.326,-0.244,-0.520,-0.764,-0.047,-0.133,0.163
0.003,0.051,0.354,0.411,0.001,0.038,-0.193,0.448,0.005,0.282,-0.259,0.326,0.037,0.545,-0.372,-0.373,-0.567,-0.069,-0.199,0.281
-0.075,-0.175,0.136,0.426,-0.093,-0.040,-0.314,0.247,-0.259,-0.038,-0.295,0.070,-0.158,0.281,-0.683,-0.414,-0.496,-0.133,-0.279,0.109
0.050,0.111,0.232,0.500,-0.032,-0.200,-0.444,0.564,-0.096,0.068,-0.299,0.178,-0.063,0.347,-0.515,-0.534,-0.457,-0.110,-0.018,0.197
0.077,0.078,0.305,0.623,-0.004,0.070,-0.273,0.609,0.015,0.176,-0.136,0.296,0.022,0.455,-0.188,-0.310,-0.176,-0.081,-0.047,0.213
0.046,0.220,0.245,0.491,0.138,0.169,-0.378,0.606,0.044,0.078,-0.096,0.107,-0.009,0.477,-0.320,-0.678,-0.465,0.017,-0.105,0.255
-0.022,-0.187,0.153,0.461,-0.068,-0.086,-0.664,0.322,-0.120,0.031,-0.197,-0.013,-0.067,0.218,-0.591,-0.656,-0.617,-0.092,-0.400,0.157
-0.196,0.041,0.269,0.389,-0.167,-0.115,-0.617,0.437,-0.182,0.034,-0.308,0.207,-0.010,0.236,-0.376,-0.591,-0.707,-0.103,-0.470,0.156
-0.239,0.026,0.098,0.284,-0.278,-0.122,-0.600,0.371,-0.384,-0.193,-0.481,0.121,-0.314,0.179,-0.497,-0.622,-0.765,-0.232,-0.520,-0.005
-0.244,-0.234,-0.030,0.345,-0.071,-0.141,-0.570,0.257,-0.220,-0.045,-0.319,0.023,-0.423,0.125,-0.467,-0.532,-0.649,-0.293,-0.505,-0.026
-0.100,-0.013,0.038,0.317,-0.145,-0.138,-0.512,0.271,-0.247,-0.134,-0.315,0.105,-0.187,0.269,-0.298,-0.420,-0.660,-0.222,-0.249,0.143
-0.003,-0.011,0.121,0.194,0.037,-0.127,-0.356,0.292,-0.202,-0.022,-0.302,0.041,-0.330,0.257,-0.528,-0.442,-0.527,-0.203,-0.376,0.126
0.039,-0.132,0.050,0.299,0.006,-0.027,-0.370,0.373,-0.127,0.045,-0.224,0.101,-0.286,0.297,-0.408,-0.416,-0.496,-0.144,-0.346,0.179
-0.031,-0.047,0.096,0.167,-0.200,-0.147,-0.587,0.233,-0.249,0.020,-0.464,0.012,-0.577,0.337,-0.723,-0.448,-0.546,-0.301,-0.223,-0.006
-0.276,-0.322,-0.074,0.205,-0.185,-0.270,-0.596,0.153,-0.310,-0.087,-0.485,-0.098,-0.553,0.140,-0.683,-0.719,-0.695,-0.292,-0.594,-0.093
-0.350,-0.212,-0.113,0.111,-0.387,-0.211,-0.424,0.137,-0.254,-0.175,-0.488,-0.075,-0.496,0.271,-0.449,-0.543,-0.935,-0.357,-0.615,0.022
-0.403,-0.417,-0.305,0.019,-0.547,-0.408,-0.684,-0.040,-0.544,-0.358,-0.673,-0.313,-0.463,-0.049,-0.788,-0.871,-0.974,-0.405,-0.554,-0.402
-0.591,-0.415,-0.284,-0.100,-0.498,-0.512,-0.599,0.084,-0.624,-0.426,-0.637,-0.428,-0.463,-0.169,-0.793,-0.840,-0.904,-0.633,-0.554,-0.377
-0.489,-0.325,-0.248,0.140,-0.371,-0.404,-0.798,-0.083,-0.549,-0.482,-0.643,-0.209,-0.514,-0.238,-0.691,-1.044,-1.097,-0.503,-0.704,-0.227
-0.552,-0.259,-0.318,0.024,-0.426,-0.460,-0.726,0.009,-0.692,-0.264,-0.721,-0.353,-0.526,-0.109,-0.916,-0.941,-0.986,-0.476,-0.743,-0.203
-0.136,-0.261,-0.061,0.086,-0.214,-0.217,-0.523,0.268,-0.460,-0.208,-0.402,-0.263,-0.506,0.104,-0.576,-0.715,-1.126,-0.289,-0.478,-0.038
0.142,0.035,0.347,0.507,-0.061,0.000,-0.270,0.436,-0.344,0.047,-0.214,0.083,-0.117,0.396,-0.183,-0.571,-0.536,0.087,-0.299,0.221
0.202,0.265,0.449,0.746,0.251,0.448,-0.335,0.637,0.097,0.170,0.128,0.501,-0.213,0.605,-0.208,-0.289,-0.234,0.210,-0.017,0.388
0.315,0.308,0.667,0.763,0.173,0.314,-0.163,0.811,0.213,0.224,0.182,0.496,0.172,0.631,-0.215,-0.340,-0.175,0.281,0.233,0.474
0.166,0.215,0.507,0.671,0.214,0.485,-0.217,0.719,0.096,0.381,0.085,0.395,0.170,0.632,-0.063,-0.120,-0.388,0.200,0.017,0.390
-0.095,-0.025,0.343,0.336,-0.263,-0.035,-0.451,0.317,-0.076,-0.159,-0.245,0.011,-0.236,0.263,-0.381,-0.425,-0.417,-0.025,-0.307,0.029
-0.073,0.218,0.413,0.472,-0.079,-0.077,-0.331,0.484,0.115,0.086,-0.154,0.106,-0.036,0.401,-0.196,-0.347,-0.388,0.067,-0.147,0.250
0.291,0.134,0.483,0.613,0.090,0.085,-0.201,0.538,0.166,0.296,0.125,0.231,-0.143,0.550,-0.354,-0.482,-0.358,-0.027,-0.107,0.451
-0.171,0.014,0.352,0.480,-0.075,0.088,-0.156,0.491,-0.069,-0.040,-0.085,0.255,-0.197,0.442,-0.407,-0.595,-0.543,-0.072,-0.274,0.017
-0.251,0.071,0.130,0.293,-0.197,-0.292,-0.375,0.287,-0.222,-0.109,-0.171,0.115,-0.161,0.319,-0.596,-0.545,-0.599,-0.228,-0.214,0.158
-0.076,-0.205,0.229,0.362,-0.226,-0.154,-0.594,0.309,-0.027,-0.119,-0.316,0.075,-0.269,0.273,-0.635,-0.796,-0.633,-0.226,-0.363,-0.069
-0.158,-0.131,0.124,0.313,-0.119,0.107,-0.361,0.307,-0.098,-0.108,-0.422,0.012,-0.420,0.306,-0.593,-0.569,-0.701,-0.193,-0.334,0.220
-0.021,0.046,0.422,0.485,0.219,0.185,-0.217,0.448,0.005,0.354,-0.191,0.239,-0.124,0.245,-0.258,-0.375,-0.681,-0.060,-0.235,0.387
-0.148,-0.007,0.139,0.259,-0.041,-0.136,-0.275,0.436,-0.071,0.037,-0.423,0.024,-0.327,0.159,-0.300,-0.417,-0.506,-0.129,-0.297,-0.072
0.002,0.018,0.193,0.379,0.005,0.044,-0.292,0.384,-0.011,0.063,-0.408,0.118,-0.069,0.249,-0.529,-0.412,-0.556,-0.219,-0.277,0.115
0.086,0.148,0.294,0.574,-0.016,0.152,-0.292,0.525,0.095,0.227,0.006,0.436,0.013,0.411,-0.207,-0.340,-0.314,-0.152,-0.202,0.214
0.087,0.077,0.286,0.558,0.153,0.155,-0.454,0.398,0.077,0.198,-0.183,0.448,0.006,0.349,-0.145,-0.471,-0.428,0.057,-0.206,0.242
-0.204,-0.015,0.255,0.405,-0.198,-0.152,-0.387,0.344,-0.055,0.042,-0.480,0.081,-0.181,0.297,-0.490,-0.649,-0.614,-0.221,-0.322,0.040
0.037,0.054,0.374,0.405,-0.055,-0.012,-0.297,0.510,-0.116,0.010,-0.422,0.059,0.039,0.421,-0.284,-0.582,-0.390,0.005,-0.196,0.206
0.158,0.066,0.323,0.534,0.073,0.198,-0.306,0.419,-0.002,0.102,-0.193,0.279,-0.203,0.483,-0.250,-0.438,-0.546,0.008,-0.095,0.207
-0.153,-0.169,0.101,0.445,-0.266,-0.207,-0.651,0.247,-0.140,0.138,-0.435,0.070,-0.241,0.272,-0.447,-0.559,-0.545,-0.258,-0.335,-0.026
-0.093,0.032,0.161,0.470,-0.162,-0.117,-0.493,0.400,-0.020,0.037,-0.370,0.085,-0.102,0.338,-0.419,-0.573,-0.476,-0.135,-0.285,0.144
-0.126,-0.047,0.223,0.223,-0.198,0.016,-0.591,0.278,-0.098,-0.052,-0.190,-0.142,-0.157,0.239,-0.261,-0.478,-0.686,-0.091,-0.274,0.023
-0.145,0.106,0.412,0.452,-0.127,-0.032,-0.617,0.391,-0.015,0.096,-0.111,0.284,0.044,0.271,-0.208,-0.359,-0.575,-0.026,-0.246,0.104
-0.312,-0.057,0.236,0.214,-0.377,-0.042,-0.638,0.234,-0.265,-0.087,-0.295,-0.074,-0.215,0.142,-0.529,-0.834,-0.614,-0.310,-0.429,-0.103
-0.285,-0.103,0.132,0.340,-0.220,-0.060,-0.555,0.414,-0.182,0.050,-0.416,0.007,-0.205,0.162,-0.461,-0.631,-0.607,-0.204,-0.429,-0.005
-0.111,0.009,0.241,0.392,-0.140,-0.002,-0.464,0.348,-0.050,0.090,-0.349,0.013,-0.185,0.266,-0.768,-0.347,-0.405,-0.010,-0.151,0.200
-0.159,0.193,0.242,0.340,-0.147,0.019,-0.533,0.406,-0.115,0.240,-0.341,0.226,-0.226,0.312,-0.312,-0.445,-0.716,0.070,-0.209,0.175
-0.262,-0.114,0.149,0.558,-0.160,0.059,-0.200,0.390,-0.352,0.042,-0.451,0.274,-0.054,0.448,-0.651,-0.480,-0.586,-0.074,-0.194,0.164
-0.203,-0.223,0.213,0.310,-0.260,-0.012,-0.510,0.218,-0.203,0.072,-0.548,0.198,-0.138,0.367,-0.791,-0.425,-0.450,-0.055,-0.449,-0.040
0.006,0.126,0.300,0.492,-0.068,0.086,-0.392,0.409,-0.042,0.051,-0.349,0.416,0.048,0.511,-0.543,-0.465,-0.356,0.001,-0.192,0.309
-0.046,0.294,0.545,0.562,0.113,0.263,-0.165,0.452,0.054,0.212,-0.268,0.364,0.008,0.528,-0.323,-0.265,-0.283,0.056,0.057,0.265
0.085,0.128,0.494,0.405,0.163,0.111,-0.242,0.493,0.048,0.239,-0.253,0.269,0.013,0.485,-0.290,-0.148,-0.296,0.139,-0.049,0.269
0.100,-0.031,0.169,0.380,-0.234,0.096,-0.239,0.369,-0.053,0.067,-0.335,0.150,-0.122,0.322,-0.463,-0.410,-0.522,-0.075,-0.192,0.290
0.015,-0.043,0.287,0.446,-0.259,0.119,-0.318,0.361,-0.305,-0.018,-0.254,0.121,-0.068,0.314,-0.473,-0.569,-0.571,0.042,-0.384,0.133
0.047,0.284,0.359,0.408,0.049,0.099,-0.338,0.443,-0.142,0.151,-0.182,0.154,-0.078,0.576,-0.407,-0.433,-0.366,-0.041,-0.213,0.249
-0.124,-0.109,0.181,0.255,-0.321,-0.174,-0.639,0.281,-0.184,-0.111,-0.440,0.017,-0.408,0.248,-0.655,-0.813,-0.828,-0.372,-0.448,-0.025
-0.356,-0.307,-0.044,0.072,-0.349,-0.356,-0.470,0.192,-0.472,-0.290,-0.533,-0.203,-0.611,0.058,-0.675,-0.692,-0.878,-0.428,-0.551,-0.158
-0.240,-0.223,-0.014,0.144,-0.283,-0.211,-0.590,0.071,-0.365,-0.454,-0.709,-0.167,-0.513,0.177,-0.637,-0.773,-0.940,-0.500,-0.526,-0.208
-0.250,-0.309,-0.095,0.325,-0.340,-0.406,-0.641,0.121,-0.387,-0.134,-0.577,-0.053,-0.685,0.015,-0.765,-0.734,-0.746,-0.242,-0.473,-0.177
-0.319,-0.271,-0.003,0.277,-0.373,-0.124,-0.704,0.060,-0.394,-0.208,-0.582,-0.152,-0.624,0.034,-0.585,-0.553,-0.682,-0.519,-0.649,-0.045
-0.393,-0.329,0.063,0.109,-0.480,-0.232,-0.543,0.039,-0.458,-0.220,-0.481,-0.305,-0.591,-0.020,-0.680,-0.673,-0.622,-0.295,-0.533,-0.102
-0.159,-0.171,0.143,0.296,-0.247,-0.187,-0.355,0.151,-0.426,-0.195,-0.426,-0.055,-0.393,0.070,-0.557,-0.823,-0.754,-0.311,-0.375,-0.051
-0.395,-0.069,0.158,0.325,-0.076,-0.172,-0.235,0.320,0.092,-0.078,-0.195,0.084,-0.281,0.196,-0.625,-0.426,-0.489,-0.101,-0.217,0.127
0.038,-0.047,0.396,0.495,0.078,0.137,-0.262,0.446,-0.072,0.091,-0.331,0.135,-0.199,0.438,-0.491,-0.483,-0.291,0.057,-0.148,0.296
0.016,-0.084,0.244,0.626,0.010,0.124,-0.416,0.438,-0.038,0.033,-0.492,0.044,-0.195,0.358,-0.418,-0.599,-0.499,-0.088,-0.226,0.116
-0.008,0.070,0.175,0.619,0.005,0.059,-0.395,0.477,-0.115,0.116,-0.305,0.127,-0.147,0.308,-0.262,-0.477,-0.667,0.123,-0.122,-0.015
-0.165,0.124,0.203,0.444,-0.008,-0.143,-0.417,0.396,-0.272,0.046,-0.352,0.015,-0.109,0.221,-0.442,-0.202,-0.499,0.061,-0.321,0.174
0.005,0.094,0.137,0.544,-0.047,0.125,-0.289,0.517,-0.148,0.098,-0.093,0.078,-0.079,0.443,-0.277,-0.391,-0.750,0.008,-0.127,0.120
0.136,0.090,0.373,0.536,0.043,0.185,-0.243,0.470,0.039,0.212,-0.241,0.261,-0.098,0.437,-0.174,-0.244,-0.521,0.034,-0.376,0.255
0.053,0.221,0.520,0.577,0.043,0.371,-0.414,0.566,0.046,0.344,-0.219,0.415,0.067,0.624,-0.042,-0.205,-0.429,0.073,-0.159,0.344
0.279,0.340,0.548,0.770,0.222,0.553,-0.088,0.762,0.153,0.367,0.010,0.238,0.201,0.665,-0.212,-0.109,-0.488,0.176,-0.054,0.393
0.339,0.421,0.255,0.645,0.195,0.253,-0.113,0.714,0.316,0.309,0.065,0.413,0.009,0.453,-0.265,-0.216,-0.293,0.078,0.148,0.468
0.163,0.323,0.619,0.634,0.183,0.371,0.129,0.700,0.166,0.273,-0.098,0.429,0.080,0.555,-0.148,-0.226,-0.443,0.373,0.038,0.348
0.398,0.473,0.717,0.840,0.422,0.523,0.128,0.935,0.346,0.497,0.290,0.779,0.261,0.811,0.104,0.095,-0.098,0.493,0.094,0.687
0.375,0.486,0.773,0.844,0.314,0.565,0.109,0.898,0.384,0.496,0.184,0.592,0.347,0.807,-0.109,-0.044,0.146,0.509,0.200,0.638
0.313,0.489,0.651,0.824,0.257,0.531,0.052,0.933,0.393,0.513,0.177,0.627,0.352,0.770,-0.174,-0.325,-0.004,0.465,0.317,0.479
0.104,0.387,0.563,0.793,0.290,0.285,-0.108,0.601,0.230,0.412,-0.026,0.439,0.290,0.628,-0.392,-0.063,-0.226,0.159,0.084,0.512
-0.046,0.137,0.212,0.267,0.003,0.164,-0.263,0.392,-0.143,0.047,-0.319,0.186,-0.029,0.373,-0.436,-0.401,-0.529,-0.054,-0.098,0.088
-0.185,-0.173,-0.043,0.113,-0.284,-0.124,-0.635,0.137,-0.339,-0.137,-0.560,-0.120,-0.469,0.067,-0.702,-0.719,-0.807,-0.145,-0.591,-0.030
-0.267,-0.230,-0.178,-0.100,-0.193,-0.250,-0.678,0.237,-0.285,-0.194,-0.502,-0.237,-0.179,0.038,-0.509,-0.674,-0.721,-0.461,-0.498,-0.008
-0.190,-0.037,0.039,0.324,-0.182,-0.251,-0.645,0.216,-0.286,-0.103,-0.232,0.023,-0.275,0.183,-0.621,-0.651,-0.617,-0.081,-0.477,0.037
-0.245,-0.012,0.092,0.418,-0.318,-0.140,-0.501,0.188,-0.190,-0.075,-0.399,0.103,-0.344,0.377,-0.571,-0.749,-0.635,-0.148,-0.320,0.009
-0.177,-0.071,0.260,0.267,-0.282,-0.197,-0.453,0.225,-0.297,-0.157,-0.499,-0.047,-0.406,0.337,-0.659,-0.634,-0.687,-0.049,-0.434,-0.233
-0.225,-0.372,-0.007,0.197,-0.268,-0.163,-0.673,0.160,-0.450,-0.237,-0.712,-0.052,-0.383,0.155,-0.640,-0.743,-0.736,-0.328,-0.525,-0.038
-0.277,-0.278,0.080,0.229,-0.299,-0.174,-0.591,0.081,-0.214,-0.170,-0.542,-0.001,-0.449,-0.001,-0.608,-0.848,-0.642,-0.117,-0.475,0.046
-0.140,-0.085,0.104,0.325,-0.192,-0.148,-0.530,0.201,-0.121,0.157,-0.429,0.033,-0.432,0.189,-0.674,-0.727,-0.538,-0.172,-0.473,0.072
-0.080,-0.115,-0.008,0.354,-0.251,-0.056,-0.606,0.261,-0.058,0.075,-0.308,-0.035,-0.277,0.059,-0.705,-0.458,-0.608,-0.238,-0.377,-0.062
-0.236,0.048,0.246,0.276,0.032,0.017,-0.404,0.318,0.047,0.104,-0.277,0.204,0.043,0.267,-0.534,-0.549,-0.542,-0.150,-0.178,0.132
-0.078,0.102,0.524,0.403,0.105,-0.033,-0.438,0.418,0.011,0.108,-0.221,0.156,-0.141,0.405,-0.330,-0.519,-0.394,-0.046,-0.039,0.157
0.000,0.191,0.175,0.386,-0.048,-0.037,-0.590,0.377,-0.022,-0.018,-0.431,0.159,-0.324,0.302,-0.386,-0.640,-0.554,-0.279,-0.274,0.107
0.048,0.153,0.405,0.610,0.218,0.233,-0.332,0.470,0.025,0.160,-0.218,0.144,-0.131,0.463,-0.440,-0.404,-0.362,-0.023,-0.110,0.270
0.074,0.241,0.448,0.705,0.167,0.159,-0.248,0.546,0.172,0.210,-0.165,0.194,0.042,0.668,-0.228,-0.291,-0.131,-0.123,-0.285,0.332
0.177,0.240,0.534,0.577,0.288,0.263,0.009,0.708,0.262,0.350,-0.036,0.565,0.151,0.686,-0.322,-0.297,-0.167,0.138,0.030,0.483
0.272,0.078,0.532,0.728,0.171,0.255,0.025,0.719,0.265,0.126,-0.100,0.322,-0.003,0.497,-0.150,-0.343,-0.168,0.131,-0.050,0.333
0.305,0.437,0.616,0.868,0.286,0.308,0.018,0.909,0.331,0.460,0.120,0.509,0.270,0.753,-0.006,-0.054,-0.186,0.200,0.073,0.483
0.528,0.554,0.729,0.842,0.180,0.373,0.019,0.711,0.428,0.534,0.117,0.519,0.249,0.833,0.252,-0.182,0.129,0.532,0.301,0.479
0.425,0.553,0.701,0.866,0.387,0.444,0.041,0.832,0.374,0.501,0.129,0.726,0.295,0.827,-0.029,-0.015,0.012,0.269,0.261,0.637
0.699,0.712,0.745,0.812,0.590,0.441,-0.030,0.945,0.413,0.494,0.163,0.675,0.277,0.698,0.189,-0.050,0.059,0.317,0.340,0.755
0.355,0.571,0.747,0.773,0.562,0.567,-0.055,0.896,0.326,0.353,0.198,0.559,0.106,0.690,0.016,-0.079,-0.086,0.375,0.110,0.516
0.421,0.400,0.464,0.762,0.337,0.476,0.005,0.756,0.434,0.452,0.029,0.392,0.260,0.736,0.040,-0.228,-0.262,0.426,0.218,0.446
0.289,0.564,0.738,0.944,0.491,0.529,0.019,0.779,0.431,0.342,0.259,0.597,0.249,0.781,-0.047,-0.166,-0.002,0.366,0.261,0.521
0.149,0.232,0.559,0.645,0.184,0.447,0.037,0.671,0.182,0.424,-0.013,0.408,0.092,0.694,-0.119,-0.295,-0.042,0.160,-0.021,0.592
0.517,0.275,0.595,0.795,0.255,0.372,0.080,0.769,0.343,0.405,0.134,0.494,0.273,0.632,-0.122,-0.100,-0.258,0.248,0.087,0.620
0.352,0.401,0.668,0.794,0.345,0.401,0.076,0.674,0.159,0.522,0.026,0.591,0.233,0.712,-0.065,-0.156,-0.191,0.292,0.044,0.488
0.353,0.490,0.700,0.916,0.454,0.510,0.193,0.869,0.407,0.488,0.027,0.774,0.477,0.725,0.006,-0.119,-0.052,0.405,0.170,0.605
0.408,0.525,0.679,0.873,0.329,0.433,-0.125,0.783,0.363,0.394,-0.018,0.642,0.188,0.693,-0.074,-0.030,-0.220,0.319,-0.157,0.599
0.165,0.367,0.586,0.612,0.325,0.270,-0.021,0.851,0.310,0.357,0.092,0.692,0.036,0.688,-0.332,-0.076,-0.157,0.382,0.208,0.684
0.249,0.329,0.545,0.775,0.263,0.362,-0.071,0.582,0.175,0.368,0.094,0.538,0.354,0.609,-0.068,-0.093,-0.306,0.371,0.014,0.503
0.256,0.109,0.570,0.715,0.139,0.165,-0.196,0.620,0.213,0.364,-0.024,0.503,0.196,0.512,0.082,-0.062,-0.182,0.364,0.192,0.421
0.220,0.105,0.448,0.691,0.120,0.168,-0.190,0.510,0.130,0.115,-0.208,0.304,0.103,0.437,-0.143,-0.400,-0.567,0.114,-0.098,0.134
0.108,0.154,0.442,0.666,0.185,0.244,-0.268,0.533,-0.107,0.090,-0.042,0.202,0.110,0.571,-0.237,-0.387,-0.428,-0.020,-0.173,0.236
0.140,0.250,0.598,0.789,0.185,0.267,0.131,0.554,0.322,0.478,-0.062,0.433,0.122,0.646,-0.324,-0.116,-0.380,0.122,-0.031,0.361
