0.083,0.083,0.083,0.083,0.083,0.083,0.083,0.083,0.083,0.083,0.083,0.083
0.160,0.033,0.079,0.035,0.102,0.057,0.066,0.093,0.081,0.105,0.087,0.014
0.214,0.004,0.067,-0.040,0.154,0.029,0.103,0.087,0.056,0.129,0.104,-0.003
0.212,-0.003,0.102,-0.066,0.196,0.009,0.156,0.058,0.079,0.113,0.129,-0.036
0.271,-0.045,0.123,-0.062,0.181,-0.028,0.213,-0.009,0.125,0.144,0.146,-0.114
0.290,-0.044,0.096,-0.057,0.217,-0.083,0.230,0.007,0.166,0.156,0.159,-0.187
0.361,-0.092,0.103,-0.037,0.158,-0.121,0.313,-0.052,0.184,0.163,0.264,-0.339
0.401,-0.109,0.075,-0.052,0.155,-0.139,0.369,-0.061,0.155,0.137,0.266,-0.369
0.460,-0.146,0.068,-0.066,0.193,-0.179,0.338,-0.037,0.215,0.159,0.264,-0.396
0.486,-0.145,0.058,-0.133,0.164,-0.141,0.359,-0.070,0.254,0.191,0.227,-0.416
0.502,-0.155,0.070,-0.098,0.220,-0.212,0.429,-0.124,0.268,0.150,0.265,-0.411
0.508,-0.107,0.015,-0.067,0.182,-0.221,0.391,-0.084,0.250,0.096,0.292,-0.342
0.521,-0.091,0.028,-0.052,0.117,-0.236,0.392,-0.137,0.282,0.044,0.369,-0.350
0.574,-0.069,-0.018,-0.100,0.143,-0.280,0.417,-0.132,0.284,-0.038,0.466,-0.370
0.643,-0.105,-0.049,-0.112,0.138,-0.286,0.406,-0.119,0.320,-0.049,0.459,-0.368
0.637,-0.079,-0.048,-0.117,0.092,-0.262,0.463,-0.153,0.285,-0.116,0.566,-0.425
0.658,-0.103,-0.068,-0.180,0.104,-0.316,0.520,-0.163,0.206,-0.128,0.595,-0.482
0.699,-0.095,-0.109,-0.155,0.059,-0.402,0.511,-0.168,0.203,-0.135,0.599,-0.491
0.716,-0.111,-0.126,-0.238,0.066,-0.437,0.504,-0.191,0.227,-0.153,0.681,-0.506
0.719,-0.099,-0.090,-0.229,0.049,-0.435,0.562,-0.248,0.203,-0.134,0.679,-0.522
0.749,-0.134,-0.083,-0.241,0.057,-0.449,0.571,-0.305,0.251,-0.101,0.661,-0.568
0.769,-0.150,-0.083,-0.237,0.086,-0.489,0.592,-0.331,0.260,-0.049,0.597,-0.607
0.796,-0.120,-0.155,-0.270,0.154,-0.549,0.662,-0.339,0.203,-0.042,0.599,-0.622
0.809,-0.128,-0.177,-0.305,0.190,-0.580,0.647,-0.327,0.194,-0.026,0.574,-0.614
0.837,-0.154,-0.181,-0.326,0.235,-0.604,0.614,-0.279,0.215,-0.097,0.658,-0.675
0.877,-0.217,-0.198,-0.394,0.250,-0.609,0.679,-0.298,0.183,-0.110,0.681,-0.687
0.891,-0.222,-0.222,-0.384,0.239,-0.626,0.704,-0.271,0.154,-0.178,0.739,-0.631
0.895,-0.236,-0.250,-0.349,0.287,-0.707,0.777,-0.312,0.147,-0.217,0.807,-0.594
0.873,-0.207,-0.252,-0.415,0.329,-0.689,0.776,-0.294,0.124,-0.204,0.773,-0.630
0.863,-0.198,-0.222,-0.358,0.363,-0.769,0.811,-0.318,0.154,-0.245,0.802,-0.712
0.876,-0.223,-0.294,-0.343,0.382,-0.803,0.805,-0.304,0.154,-0.227,0.857,-0.752
0.879,-0.197,-0.294,-0.335,0.322,-0.816,0.918,-0.380,0.076,-0.206,0.896,-0.813
0.901,-0.201,-0.292,-0.364,0.322,-0.861,0.984,-0.394,0.049,-0.134,0.817,-0.873
0.913,-0.196,-0.320,-0.326,0.274,-0.961,1.088,-0.476,0.011,-0.136,0.835,-0.894
0.968,-0.193,-0.317,-0.308,0.319,-1.002,1.073,-0.415,0.023,-0.101,0.810,-0.875
0.955,-0.188,-0.321,-0.323,0.233,-0.963,1.071,-0.402,0.024,-0.132,0.854,-0.867
0.935,-0.187,-0.310,-0.338,0.216,-0.987,1.085,-0.413,0.020,-0.144,0.864,-0.876
0.993,-0.232,-0.297,-0.333,0.220,-1.023,1.106,-0.451,0.022,-0.162,0.890,-0.893
0.990,-0.217,-0.281,-0.368,0.234,-0.974,1.042,-0.406,0.042,-0.177,0.979,-0.989
0.984,-0.210,-0.293,-0.421,0.301,-1.026,1.092,-0.445,0.031,-0.135,0.914,-0.959
0.977,-0.204,-0.291,-0.513,0.365,-1.079,1.059,-0.439,0.072,-0.164,0.979,-0.984
0.978,-0.230,-0.291,-0.468,0.326,-1.095,1.142,-0.435,0.034,-0.174,0.987,-1.029
0.996,-0.239,-0.330,-0.461,0.315,-1.131,1.169,-0.426,0.024,-0.147,0.963,-1.089
0.994,-0.178,-0.379,-0.457,0.342,-1.142,1.171,-0.412,0.034,-0.228,1.010,-1.055
0.991,-0.213,-0.342,-0.542,0.435,-1.170,1.154,-0.390,0.049,-0.223,1.014,-1.044
1.007,-0.235,-0.336,-0.564,0.487,-1.198,1.216,-0.423,0.060,-0.219,0.984,-1.029
1.070,-0.302,-0.348,-0.571,0.490,-1.228,1.280,-0.470,0.045,-0.284,1.063,-0.988
1.064,-0.275,-0.390,-0.593,0.511,-1.248,1.281,-0.496,0.058,-0.277,1.031,-0.977
1.060,-0.261,-0.393,-0.540,0.455,-1.264,1.332,-0.553,0.051,-0.280,1.029,-0.971
1.027,-0.260,-0.403,-0.547,0.470,-1.264,1.351,-0.533,0.015,-0.237,1.020,-0.926
1.080,-0.297,-0.376,-0.570,0.509,-1.298,1.346,-0.514,-0.009,-0.231,1.015,-0.924
1.078,-0.303,-0.413,-0.573,0.518,-1.348,1.379,-0.565,-0.056,-0.113,0.930,-0.908
1.107,-0.336,-0.422,-0.507,0.414,-1.273,1.356,-0.535,-0.025,-0.086,0.901,-0.925
1.064,-0.340,-0.373,-0.475,0.397,-1.308,1.361,-0.528,-0.017,-0.088,0.918,-0.976
1.050,-0.344,-0.361,-0.399,0.365,-1.239,1.324,-0.494,0.004,-0.086,0.905,-1.012
1.029,-0.317,-0.373,-0.406,0.345,-1.220,1.331,-0.518,0.013,-0.124,0.951,-0.977
1.009,-0.317,-0.345,-0.426,0.439,-1.268,1.376,-0.558,0.004,-0.088,0.913,-0.992
1.068,-0.320,-0.351,-0.438,0.475,-1.282,1.376,-0.562,0.027,-0.072,0.894,-1.010
1.068,-0.314,-0.341,-0.515,0.497,-1.225,1.424,-0.610,0.011,-0.067,0.897,-1.017
1.059,-0.309,-0.319,-0.431,0.355,-1.221,1.428,-0.628,0.033,-0.049,0.898,-0.970
1.075,-0.302,-0.376,-0.545,0.398,-1.239,1.362,-0.566,0.081,-0.025,0.918,-0.998
1.078,-0.320,-0.374,-0.533,0.415,-1.278,1.376,-0.576,0.058,-0.047,0.932,-0.970
1.096,-0.336,-0.348,-0.589,0.438,-1.286,1.388,-0.545,0.059,-0.102,0.970,-0.956
1.082,-0.347,-0.354,-0.568,0.456,-1.306,1.416,-0.562,0.050,-0.155,1.014,-0.912
1.114,-0.367,-0.357,-0.573,0.510,-1.379,1.392,-0.534,0.008,-0.166,1.034,-0.985
1.136,-0.387,-0.371,-0.597,0.564,-1.403,1.396,-0.505,0.018,-0.189,1.047,-0.984
1.144,-0.397,-0.397,-0.655,0.593,-1.472,1.408,-0.488,0.018,-0.150,1.030,-1.029
1.124,-0.383,-0.405,-0.670,0.549,-1.517,1.418,-0.520,0.017,-0.134,1.019,-1.054
1.189,-0.421,-0.377,-0.704,0.589,-1.535,1.442,-0.524,0.004,-0.124,1.026,-1.033
1.164,-0.397,-0.339,-0.675,0.493,-1.452,1.509,-0.556,-0.042,-0.145,1.041,-0.991
1.195,-0.437,-0.338,-0.652,0.496,-1.468,1.533,-0.574,-0.065,-0.124,1.035,-0.988
1.208,-0.451,-0.341,-0.586,0.435,-1.500,1.524,-0.543,-0.028,-0.114,1.011,-0.972
1.180,-0.423,-0.323,-0.682,0.424,-1.450,1.491,-0.521,-0.020,-0.117,0.988,-0.901
1.183,-0.440,-0.308,-0.656,0.408,-1.461,1.591,-0.607,-0.084,-0.107,0.968,-0.942
1.155,-0.409,-0.322,-0.673,0.421,-1.489,1.535,-0.529,-0.076,-0.134,0.987,-1.023
1.163,-0.439,-0.348,-0.743,0.421,-1.499,1.504,-0.496,-0.073,-0.113,1.002,-1.096
1.173,-0.442,-0.345,-0.757,0.408,-1.477,1.528,-0.523,-0.108,-0.049,0.949,-1.114
1.146,-0.399,-0.343,-0.823,0.387,-1.403,1.449,-0.481,-0.035,-0.021,0.917,-1.107
1.154,-0.411,-0.351,-0.833,0.444,-1.452,1.476,-0.503,-0.037,0.014,0.895,-1.083
1.148,-0.394,-0.354,-0.864,0.451,-1.453,1.442,-0.474,-0.020,0.039,0.873,-1.128
1.171,-0.429,-0.336,-0.867,0.414,-1.390,1.438,-0.452,-0.021,0.036,0.887,-1.081
1.191,-0.448,-0.409,-0.849,0.472,-1.400,1.427,-0.439,-0.001,0.043,0.899,-1.075
1.122,-0.408,-0.369,-0.916,0.518,-1.437,1.478,-0.472,-0.034,0.082,0.875,-1.023
1.140,-0.430,-0.368,-0.899,0.426,-1.318,1.427,-0.410,-0.036,0.085,0.859,-1.039
1.134,-0.410,-0.358,-0.969,0.528,-1.366,1.428,-0.398,-0.056,0.146,0.838,-1.074
1.165,-0.438,-0.382,-1.043,0.560,-1.397,1.412,-0.393,-0.039,0.137,0.835,-1.070
1.170,-0.454,-0.360,-1.017,0.529,-1.402,1.420,-0.395,-0.043,0.013,0.970,-1.082
1.160,-0.446,-0.345,-1.000,0.428,-1.269,1.508,-0.455,-0.075,-0.006,0.997,-1.089
1.122,-0.399,-0.361,-0.968,0.317,-1.238,1.615,-0.557,-0.128,-0.067,1.037,-1.063
1.155,-0.424,-0.385,-0.976,0.331,-1.229,1.623,-0.571,-0.086,-0.004,1.000,-1.030
1.161,-0.422,-0.334,-0.951,0.281,-1.131,1.585,-0.546,-0.053,0.037,1.024,-1.068
1.180,-0.407,-0.350,-0.983,0.346,-1.153,1.498,-0.455,-0.014,0.019,0.989,-1.016
1.151,-0.387,-0.351,-1.051,0.424,-1.272,1.555,-0.505,-0.028,0.036,0.977,-1.004
1.151,-0.414,-0.345,-1.060,0.397,-1.268,1.510,-0.463,-0.008,-0.009,0.986,-1.014
1.120,-0.399,-0.338,-1.073,0.339,-1.225,1.470,-0.400,0.022,0.042,0.926,-1.162
1.123,-0.432,-0.338,-1.050,0.261,-1.176,1.461,-0.408,0.005,0.018,0.941,-1.172
1.167,-0.461,-0.346,-1.123,0.410,-1.264,1.448,-0.409,0.004,0.026,0.891,-1.241
1.172,-0.428,-0.361,-1.191,0.401,-1.201,1.463,-0.430,0.008,0.107,0.836,-1.194
1.165,-0.404,-0.360,-1.213,0.443,-1.184,1.487,-0.431,-0.006,0.208,0.721,-1.142
1.160,-0.374,-0.376,-1.260,0.470,-1.213,1.556,-0.474,-0.011,0.202,0.746,-1.145
1.155,-0.387,-0.448,-1.263,0.487,-1.301,1.529,-0.445,-0.017,0.260,0.671,-1.069
1.175,-0.392,-0.469,-1.283,0.583,-1.277,1.451,-0.401,0.023,0.250,0.670,-1.109
1.194,-0.368,-0.497,-1.369,0.652,-1.302,1.447,-0.403,0.024,0.245,0.670,-1.155
1.219,-0.355,-0.524,-1.413,0.697,-1.351,1.443,-0.394,-0.009,0.239,0.696,-1.149
1.269,-0.418,-0.462,-1.429,0.673,-1.396,1.508,-0.434,-0.052,0.261,0.700,-1.068
1.288,-0.422,-0.486,-1.297,0.610,-1.379,1.442,-0.397,0.006,0.285,0.663,-1.027
1.257,-0.393,-0.444,-1.289,0.569,-1.332,1.464,-0.377,-0.015,0.250,0.691,-0.936
1.249,-0.361,-0.460,-1.287,0.637,-1.358,1.462,-0.394,-0.016,0.295,0.622,-0.961
1.204,-0.337,-0.440,-1.203,0.678,-1.399,1.438,-0.380,0.038,0.283,0.639,-0.936
1.218,-0.332,-0.485,-1.184,0.670,-1.430,1.374,-0.322,0.062,0.307,0.621,-0.929
1.191,-0.283,-0.514,-1.146,0.672,-1.482,1.377,-0.339,0.084,0.327,0.620,-0.946
1.187,-0.271,-0.451,-1.148,0.625,-1.430,1.420,-0.385,0.079,0.197,0.672,-0.924
1.197,-0.275,-0.435,-1.220,0.705,-1.508,1.309,-0.298,0.119,0.247,0.666,-0.873
1.208,-0.304,-0.390,-1.160,0.735,-1.547,1.314,-0.295,0.110,0.203,0.717,-0.834
1.222,-0.337,-0.362,-1.194,0.724,-1.491,1.309,-0.268,0.133,0.227,0.690,-0.904
1.241,-0.334,-0.420,-1.213,0.644,-1.438,1.292,-0.284,0.168,0.263,0.653,-0.892
1.254,-0.322,-0.425,-1.196,0.643,-1.415,1.267,-0.261,0.144,0.184,0.761,-0.821
1.263,-0.337,-0.435,-1.169,0.700,-1.519,1.311,-0.272,0.113,0.260,0.695,-0.860
1.228,-0.300,-0.434,-1.150,0.748,-1.598,1.345,-0.313,0.091,0.291,0.654,-0.890
1.254,-0.323,-0.448,-1.058,0.774,-1.693,1.319,-0.298,0.120,0.302,0.619,-0.908
1.286,-0.348,-0.441,-0.971,0.622,-1.644,1.280,-0.253,0.098,0.258,0.655,-0.842
1.276,-0.340,-0.442,-1.021,0.594,-1.641,1.269,-0.199,0.069,0.288,0.665,-0.866
1.278,-0.349,-0.411,-1.020,0.569,-1.619,1.257,-0.222,0.081,0.279,0.686,-0.906
1.244,-0.327,-0.397,-1.005,0.577,-1.692,1.272,-0.221,0.065,0.256,0.679,-0.855
1.263,-0.318,-0.435,-0.966,0.577,-1.861,1.245,-0.172,0.108,0.165,0.743,-0.797
1.289,-0.352,-0.478,-0.926,0.569,-1.920,1.294,-0.197,0.091,0.222,0.728,-0.843
1.344,-0.377,-0.510,-1.008,0.649,-1.883,1.318,-0.194,0.086,0.174,0.775,-0.813
1.314,-0.308,-0.489,-0.979,0.655,-1.955,1.302,-0.190,0.101,0.159,0.762,-0.873
1.334,-0.337,-0.487,-0.902,0.615,-2.037,1.281,-0.146,0.076,0.083,0.846,-0.881
1.365,-0.357,-0.497,-0.913,0.641,-2.054,1.303,-0.201,0.100,0.221,0.727,-0.926
1.387,-0.368,-0.522,-0.949,0.634,-2.123,1.308,-0.214,0.109,0.192,0.760,-0.922
1.397,-0.376,-0.526,-1.033,0.654,-2.087,1.308,-0.209,0.125,0.192,0.761,-1.010
1.386,-0.341,-0.557,-1.152,0.748,-2.172,1.320,-0.211,0.116,0.139,0.785,-0.956
1.364,-0.313,-0.591,-1.205,0.768,-2.244,1.321,-0.201,0.132,0.185,0.730,-1.017
1.304,-0.261,-0.549,-1.118,0.748,-2.251,1.365,-0.225,0.066,0.172,0.732,-0.975
1.303,-0.257,-0.585,-1.147,0.761,-2.293,1.370,-0.224,0.068,0.141,0.732,-0.959
1.347,-0.302,-0.645,-1.143,0.774,-2.317,1.307,-0.189,0.112,0.117,0.739,-0.992
1.327,-0.284,-0.659,-1.223,0.870,-2.329,1.338,-0.205,0.081,0.131,0.766,-0.980
1.344,-0.341,-0.626,-1.267,0.955,-2.198,1.327,-0.182,0.071,0.186,0.751,-1.053
1.312,-0.313,-0.599,-1.191,0.819,-2.096,1.309,-0.165,0.060,0.068,0.844,-1.060
1.291,-0.280,-0.543,-1.106,0.890,-2.202,1.366,-0.206,0.082,0.062,0.882,-1.118
1.325,-0.314,-0.575,-1.085,0.900,-2.137,1.371,-0.219,0.069,0.098,0.875,-1.161
1.363,-0.355,-0.600,-1.043,0.834,-2.184,1.320,-0.191,0.100,0.083,0.885,-1.198
1.371,-0.393,-0.575,-1.053,0.833,-2.252,1.270,-0.167,0.126,0.171,0.798,-1.199
1.356,-0.400,-0.574,-1.104,0.865,-2.321,1.293,-0.186,0.113,0.239,0.744,-1.284
1.362,-0.402,-0.585,-1.147,0.890,-2.213,1.311,-0.192,0.088,0.262,0.719,-1.305
1.392,-0.460,-0.574,-1.082,0.807,-2.170,1.339,-0.205,0.064,0.275,0.730,-1.204
1.386,-0.462,-0.579,-1.023,0.773,-2.247,1.258,-0.150,0.086,0.357,0.666,-1.238
1.326,-0.405,-0.571,-1.048,0.861,-2.266,1.252,-0.156,0.090,0.402,0.637,-1.272
1.402,-0.458,-0.596,-1.135,0.898,-2.281,1.281,-0.185,0.098,0.419,0.651,-1.303
1.366,-0.437,-0.591,-1.007,0.728,-2.206,1.247,-0.184,0.142,0.413,0.661,-1.268
1.382,-0.471,-0.601,-0.951,0.746,-2.320,1.330,-0.248,0.103,0.427,0.650,-1.240
1.372,-0.453,-0.619,-0.976,0.754,-2.415,1.373,-0.319,0.124,0.422,0.625,-1.237
1.336,-0.434,-0.625,-0.959,0.734,-2.365,1.329,-0.328,0.174,0.430,0.606,-1.216
1.270,-0.382,-0.600,-0.843,0.622,-2.289,1.331,-0.314,0.181,0.377,0.670,-1.241
1.300,-0.422,-0.612,-0.906,0.755,-2.340,1.330,-0.296,0.189,0.405,0.668,-1.213
1.346,-0.455,-0.680,-0.884,0.687,-2.236,1.356,-0.305,0.171,0.409,0.674,-1.241
1.338,-0.447,-0.640,-1.007,0.773,-2.259,1.376,-0.319,0.151,0.433,0.643,-1.240
1.337,-0.437,-0.625,-0.992,0.772,-2.286,1.366,-0.331,0.166,0.448,0.620,-1.249
1.389,-0.491,-0.660,-0.989,0.835,-2.305,1.347,-0.289,0.137,0.492,0.587,-1.188
1.434,-0.519,-0.656,-0.932,0.760,-2.283,1.307,-0.307,0.152,0.504,0.562,-1.146
1.469,-0.536,-0.692,-0.888,0.624,-2.145,1.309,-0.309,0.135,0.440,0.602,-1.110
1.476,-0.526,-0.737,-0.876,0.593,-2.105,1.341,-0.350,0.143,0.415,0.633,-1.131
1.534,-0.583,-0.754,-0.795,0.461,-2.096,1.253,-0.306,0.162,0.360,0.663,-1.012
1.543,-0.615,-0.748,-0.699,0.496,-2.180,1.310,-0.383,0.156,0.337,0.677,-0.985
1.518,-0.629,-0.759,-0.638,0.453,-2.147,1.328,-0.388,0.142,0.327,0.689,-1.005
1.538,-0.636,-0.794,-0.667,0.457,-2.153,1.313,-0.378,0.161,0.353,0.651,-0.996
1.516,-0.607,-0.756,-0.660,0.477,-2.061,1.372,-0.448,0.148,0.322,0.671,-1.001
1.516,-0.620,-0.766,-0.607,0.430,-2.118,1.354,-0.444,0.175,0.344,0.666,-1.038
1.482,-0.623,-0.712,-0.591,0.362,-2.065,1.367,-0.463,0.171,0.375,0.664,-1.111
1.546,-0.690,-0.713,-0.600,0.416,-1.989,1.361,-0.450,0.153,0.383,0.645,-1.067
1.511,-0.644,-0.746,-0.645,0.426,-1.927,1.357,-0.418,0.124,0.330,0.661,-1.027
1.513,-0.638,-0.726,-0.688,0.430,-1.923,1.342,-0.420,0.187,0.350,0.654,-1.025
1.511,-0.616,-0.716,-0.667,0.422,-1.989,1.349,-0.411,0.168,0.286,0.683,-1.016
1.481,-0.600,-0.715,-0.719,0.441,-1.889,1.339,-0.365,0.151,0.319,0.614,-1.074
1.464,-0.568,-0.707,-0.721,0.460,-1.908,1.315,-0.352,0.157,0.282,0.631,-1.086
1.470,-0.575,-0.655,-0.717,0.409,-1.902,1.305,-0.369,0.146,0.243,0.668,-1.040
1.473,-0.599,-0.626,-0.724,0.518,-1.968,1.252,-0.342,0.162,0.278,0.652,-1.120
1.437,-0.534,-0.637,-0.590,0.494,-2.004,1.366,-0.384,0.089,0.300,0.646,-1.190
1.437,-0.545,-0.627,-0.519,0.438,-2.100,1.351,-0.378,0.114,0.309,0.650,-1.246
1.423,-0.528,-0.617,-0.585,0.519,-1.984,1.365,-0.385,0.082,0.247,0.666,-1.290
1.453,-0.570,-0.621,-0.579,0.518,-1.944,1.463,-0.509,0.070,0.295,0.661,-1.276
1.430,-0.578,-0.588,-0.718,0.588,-1.963,1.414,-0.427,0.049,0.273,0.659,-1.311
1.416,-0.626,-0.594,-0.770,0.635,-1.937,1.424,-0.437,0.068,0.285,0.688,-1.280
1.405,-0.611,-0.597,-0.731,0.578,-1.959,1.419,-0.419,0.093,0.271,0.706,-1.249
1.440,-0.632,-0.593,-0.712,0.528,-1.989,1.408,-0.440,0.077,0.245,0.737,-1.214
1.477,-0.677,-0.584,-0.666,0.467,-1.914,1.434,-0.484,0.121,0.329,0.677,-1.208
1.441,-0.654,-0.552,-0.671,0.512,-1.945,1.452,-0.477,0.089,0.306,0.718,-1.169
1.396,-0.628,-0.519,-0.675,0.599,-1.905,1.483,-0.536,0.102,0.388,0.655,-1.161
1.390,-0.630,-0.498,-0.692,0.582,-1.894,1.529,-0.532,0.059,0.395,0.666,-1.137
1.379,-0.629,-0.475,-0.567,0.433,-1.852,1.533,-0.545,0.060,0.439,0.609,-1.079
1.349,-0.611,-0.434,-0.545,0.483,-1.842,1.556,-0.574,0.059,0.349,0.720,-1.047
1.349,-0.588,-0.436,-0.477,0.467,-1.908,1.596,-0.601,0.035,0.323,0.741,-1.087
1.335,-0.582,-0.435,-0.566,0.576,-1.882,1.618,-0.608,0.013,0.364,0.730,-1.162
1.362,-0.602,-0.468,-0.475,0.545,-1.949,1.626,-0.621,0.017,0.369,0.722,-1.151
1.390,-0.612,-0.492,-0.402,0.454,-1.923,1.561,-0.604,0.070,0.493,0.635,-1.200
1.369,-0.598,-0.506,-0.502,0.522,-1.906,1.490,-0.574,0.102,0.500,0.615,-1.152
1.367,-0.603,-0.518,-0.565,0.484,-1.862,1.460,-0.523,0.108,0.510,0.591,-1.164
1.376,-0.619,-0.525,-0.616,0.506,-1.890,1.454,-0.522,0.115,0.510,0.632,-1.171
1.412,-0.622,-0.598,-0.524,0.467,-1.968,1.474,-0.502,0.145,0.521,0.599,-1.197
1.408,-0.625,-0.569,-0.615,0.474,-1.904,1.484,-0.501,0.107,0.543,0.598,-1.304
1.434,-0.635,-0.564,-0.602,0.465,-1.970,1.433,-0.461,0.151,0.525,0.702,-1.308
1.433,-0.623,-0.532,-0.683,0.557,-1.983,1.376,-0.421,0.173,0.593,0.599,-1.208
1.507,-0.682,-0.622,-0.631,0.535,-2.054,1.387,-0.426,0.179,0.456,0.748,-1.097
1.569,-0.745,-0.634,-0.558,0.478,-2.181,1.401,-0.423,0.178,0.476,0.727,-1.133
1.629,-0.762,-0.679,-0.584,0.520,-2.209,1.467,-0.470,0.149,0.491,0.703,-1.144
1.588,-0.722,-0.650,-0.520,0.528,-2.121,1.470,-0.464,0.149,0.479,0.710,-1.142
1.576,-0.725,-0.634,-0.546,0.553,-2.069,1.493,-0.497,0.139,0.479,0.707,-1.130
1.560,-0.696,-0.643,-0.411,0.534,-2.090,1.543,-0.544,0.110,0.508,0.668,-1.202
1.593,-0.724,-0.671,-0.495,0.628,-2.213,1.550,-0.547,0.127,0.475,0.710,-1.170
1.627,-0.763,-0.670,-0.410,0.617,-2.115,1.534,-0.589,0.163,0.487,0.682,-1.186
1.604,-0.766,-0.642,-0.529,0.694,-2.164,1.543,-0.610,0.172,0.495,0.679,-1.205
1.584,-0.730,-0.650,-0.520,0.694,-2.225,1.538,-0.580,0.173,0.463,0.747,-1.159
1.582,-0.741,-0.617,-0.506,0.697,-2.236,1.522,-0.561,0.200,0.517,0.702,-1.178
1.631,-0.761,-0.625,-0.582,0.745,-2.054,1.503,-0.527,0.178,0.519,0.696,-1.154
1.674,-0.819,-0.688,-0.513,0.638,-2.051,1.527,-0.537,0.164,0.524,0.713,-1.188
1.654,-0.820,-0.680,-0.474,0.617,-2.094,1.548,-0.588,0.167,0.481,0.724,-1.284
1.627,-0.797,-0.691,-0.560,0.668,-2.090,1.587,-0.592,0.137,0.560,0.661,-1.377
1.614,-0.752,-0.671,-0.574,0.655,-2.084,1.621,-0.613,0.115,0.547,0.653,-1.339
1.620,-0.767,-0.664,-0.574,0.673,-2.054,1.637,-0.613,0.113,0.591,0.604,-1.267
1.658,-0.811,-0.712,-0.617,0.683,-2.126,1.667,-0.637,0.031,0.566,0.597,-1.206
1.686,-0.808,-0.771,-0.590,0.676,-2.185,1.665,-0.634,0.014,0.598,0.574,-1.229
1.708,-0.809,-0.821,-0.580,0.701,-2.261,1.692,-0.634,-0.016,0.594,0.588,-1.239
1.712,-0.817,-0.832,-0.710,0.777,-2.219,1.642,-0.593,0.020,0.608,0.564,-1.207
1.755,-0.864,-0.844,-0.793,0.736,-2.233,1.635,-0.598,0.054,0.464,0.721,-1.065
1.726,-0.842,-0.848,-0.764,0.757,-2.336,1.637,-0.618,0.087,0.539,0.643,-1.073
1.728,-0.852,-0.826,-0.811,0.816,-2.375,1.651,-0.630,0.107,0.466,0.670,-1.075
1.716,-0.834,-0.817,-0.828,0.802,-2.400,1.572,-0.568,0.157,0.459,0.687,-1.089
1.694,-0.825,-0.813,-0.724,0.709,-2.395,1.601,-0.623,0.148,0.414,0.705,-1.121
1.730,-0.863,-0.787,-0.711,0.725,-2.461,1.628,-0.687,0.161,0.330,0.786,-1.129
1.690,-0.818,-0.751,-0.707,0.727,-2.429,1.569,-0.639,0.209,0.295,0.806,-1.127
1.667,-0.863,-0.702,-0.679,0.718,-2.440,1.577,-0.654,0.205,0.217,0.893,-1.204
1.642,-0.845,-0.681,-0.614,0.725,-2.476,1.540,-0.601,0.221,0.208,0.877,-1.237
1.631,-0.817,-0.685,-0.621,0.718,-2.380,1.586,-0.623,0.238,0.256,0.848,-1.240
1.665,-0.829,-0.747,-0.715,0.775,-2.457,1.641,-0.661,0.213,0.242,0.862,-1.245
1.714,-0.844,-0.770,-0.706,0.768,-2.428,1.569,-0.560,0.224,0.235,0.884,-1.224
1.724,-0.864,-0.766,-0.658,0.722,-2.463,1.625,-0.597,0.189,0.265,0.889,-1.270
1.723,-0.873,-0.739,-0.606,0.689,-2.464,1.645,-0.597,0.185,0.265,0.859,-1.185
1.667,-0.834,-0.676,-0.567,0.666,-2.419,1.669,-0.619,0.167,0.256,0.835,-1.183
1.686,-0.840,-0.716,-0.614,0.702,-2.495,1.678,-0.599,0.139,0.262,0.800,-1.150
1.684,-0.851,-0.739,-0.667,0.745,-2.383,1.719,-0.595,0.100,0.246,0.847,-1.111
1.679,-0.841,-0.731,-0.651,0.735,-2.351,1.753,-0.635,0.096,0.282,0.774,-1.071
1.635,-0.777,-0.709,-0.681,0.745,-2.340,1.693,-0.595,0.125,0.344,0.743,-1.014
1.679,-0.803,-0.752,-0.662,0.692,-2.232,1.698,-0.622,0.120,0.396,0.746,-1.156
1.697,-0.820,-0.786,-0.598,0.620,-2.294,1.722,-0.643,0.098,0.400,0.769,-1.094
1.672,-0.800,-0.767,-0.446,0.501,-2.250,1.683,-0.604,0.137,0.453,0.751,-1.089
1.678,-0.806,-0.749,-0.511,0.596,-2.298,1.657,-0.539,0.126,0.546,0.654,-1.098
1.647,-0.794,-0.709,-0.567,0.637,-2.241,1.662,-0.545,0.127,0.553,0.669,-1.111
1.717,-0.852,-0.751,-0.593,0.588,-2.166,1.710,-0.551,0.087,0.532,0.720,-1.150
1.738,-0.887,-0.749,-0.559,0.594,-2.235,1.714,-0.537,0.085,0.476,0.773,-1.142
1.728,-0.866,-0.767,-0.523,0.602,-2.282,1.732,-0.542,0.078,0.504,0.732,-1.153
1.739,-0.877,-0.759,-0.443,0.557,-2.220,1.722,-0.534,0.083,0.572,0.677,-1.206
1.685,-0.820,-0.727,-0.475,0.585,-2.312,1.735,-0.579,0.087,0.504,0.750,-1.182
1.699,-0.832,-0.734,-0.564,0.617,-2.409,1.677,-0.533,0.121,0.474,0.800,-1.229
1.706,-0.845,-0.684,-0.617,0.606,-2.374,1.694,-0.542,0.111,0.503,0.761,-1.236
1.671,-0.825,-0.637,-0.614,0.592,-2.373,1.665,-0.534,0.142,0.545,0.704,-1.272
1.654,-0.791,-0.627,-0.615,0.637,-2.323,1.748,-0.600,0.089,0.489,0.750,-1.238
1.679,-0.794,-0.668,-0.626,0.674,-2.310,1.692,-0.567,0.135,0.477,0.791,-1.259
1.683,-0.792,-0.665,-0.607,0.614,-2.303,1.767,-0.596,0.102,0.483,0.791,-1.287
1.588,-0.734,-0.582,-0.730,0.706,-2.309,1.806,-0.607,0.061,0.421,0.803,-1.340
1.528,-0.675,-0.573,-0.629,0.615,-2.239,1.790,-0.612,0.063,0.433,0.798,-1.360
1.522,-0.678,-0.583,-0.579,0.609,-2.303,1.838,-0.665,-0.002,0.484,0.725,-1.333
1.491,-0.647,-0.585,-0.716,0.717,-2.340,1.872,-0.703,0.005,0.500,0.680,-1.323
1.480,-0.618,-0.621,-0.696,0.730,-2.360,1.878,-0.701,-0.002,0.393,0.770,-1.303
1.457,-0.608,-0.595,-0.665,0.697,-2.256,1.885,-0.719,0.032,0.394,0.769,-1.275
1.465,-0.573,-0.591,-0.680,0.751,-2.249,1.880,-0.677,0.028,0.426,0.742,-1.290
1.460,-0.594,-0.566,-0.821,0.929,-2.325,1.879,-0.644,0.003,0.394,0.756,-1.267
1.458,-0.601,-0.550,-0.796,0.947,-2.359,1.886,-0.672,0.028,0.394,0.763,-1.220
1.489,-0.644,-0.616,-0.859,0.995,-2.282,1.863,-0.642,0.028,0.359,0.787,-1.267
1.524,-0.664,-0.624,-0.843,0.967,-2.256,1.917,-0.713,0.011,0.303,0.851,-1.311
1.533,-0.696,-0.646,-0.858,0.944,-2.268,1.982,-0.756,-0.030,0.304,0.849,-1.323
1.531,-0.673,-0.639,-0.886,0.961,-2.290,1.980,-0.778,0.001,0.211,0.956,-1.434
1.530,-0.677,-0.600,-0.868,0.920,-2.204,2.002,-0.799,0.035,0.160,1.014,-1.460
1.500,-0.630,-0.591,-0.822,0.865,-2.224,1.958,-0.750,0.024,0.166,1.010,-1.446
1.457,-0.592,-0.530,-0.900,0.914,-2.290,1.897,-0.697,0.030,0.129,1.072,-1.401
1.474,-0.614,-0.535,-0.866,0.935,-2.355,1.865,-0.674,0.032,0.081,1.142,-1.498
1.527,-0.701,-0.570,-0.830,0.879,-2.354,1.872,-0.683,-0.013,0.127,1.083,-1.497
1.509,-0.662,-0.561,-0.824,0.796,-2.338,1.883,-0.692,-0.056,0.151,1.062,-1.489
1.494,-0.639,-0.561,-0.923,0.886,-2.356,1.866,-0.676,-0.069,0.118,1.120,-1.514
1.543,-0.701,-0.568,-0.829,0.806,-2.291,1.862,-0.685,-0.040,0.072,1.133,-1.523
1.539,-0.682,-0.553,-0.776,0.720,-2.212,1.865,-0.721,-0.039,0.078,1.129,-1.496
1.560,-0.680,-0.590,-0.928,0.870,-2.109,1.848,-0.703,-0.020,0.008,1.184,-1.545
1.534,-0.640,-0.553,-1.055,0.911,-2.128,1.833,-0.695,-0.004,0.029,1.171,-1.523
1.488,-0.616,-0.490,-1.013,0.789,-2.012,1.829,-0.714,0.002,0.072,1.118,-1.503
1.484,-0.618,-0.467,-0.908,0.754,-2.011,1.798,-0.700,0.033,0.087,1.116,-1.495
1.456,-0.585,-0.437,-0.841,0.659,-2.000,1.849,-0.744,0.045,0.009,1.195,-1.465
1.503,-0.598,-0.481,-0.860,0.667,-2.093,1.839,-0.714,0.025,0.082,1.113,-1.405
1.552,-0.605,-0.557,-0.935,0.748,-2.061,1.918,-0.774,0.026,0.078,1.102,-1.399
1.518,-0.607,-0.514,-1.032,0.889,-2.114,1.925,-0.774,0.001,0.074,1.110,-1.455
1.518,-0.597,-0.515,-0.994,0.885,-2.180,1.923,-0.802,-0.003,0.134,1.061,-1.438
1.535,-0.623,-0.511,-0.931,0.842,-2.183,1.895,-0.768,0.009,0.115,1.094,-1.404
1.585,-0.668,-0.514,-0.911,0.901,-2.172,1.875,-0.754,0.036,0.175,1.026,-1.339
1.542,-0.647,-0.492,-0.970,0.922,-2.179,1.920,-0.785,0.014,0.108,1.056,-1.330
1.531,-0.645,-0.465,-1.030,0.959,-2.138,1.975,-0.811,-0.020,0.050,1.087,-1.347
1.531,-0.630,-0.473,-0.916,0.885,-2.152,1.955,-0.816,0.009,-0.026,1.192,-1.355
1.560,-0.630,-0.506,-0.891,0.882,-2.213,1.964,-0.823,0.046,0.025,1.154,-1.325
1.540,-0.645,-0.473,-0.835,0.796,-2.120,1.914,-0.762,0.089,0.049,1.101,-1.271
1.459,-0.552,-0.404,-0.842,0.775,-2.126,1.867,-0.707,0.083,0.061,1.129,-1.345
1.518,-0.620,-0.446,-0.910,0.829,-2.084,1.858,-0.694,0.080,0.102,1.084,-1.379
1.525,-0.625,-0.480,-0.947,0.803,-1.993,1.836,-0.697,0.092,0.103,1.060,-1.431
1.538,-0.646,-0.487,-0.942,0.842,-2.093,1.816,-0.676,0.111,0.044,1.166,-1.489
1.547,-0.663,-0.507,-0.906,0.815,-1.990,1.818,-0.631,0.087,0.042,1.176,-1.457
1.556,-0.650,-0.525,-0.813,0.768,-1.943,1.917,-0.704,-0.010,0.047,1.170,-1.551
1.584,-0.659,-0.560,-0.823,0.792,-1.928,1.931,-0.726,-0.001,0.095,1.117,-1.523
1.600,-0.677,-0.555,-0.840,0.810,-1.974,1.969,-0.758,-0.002,0.018,1.189,-1.472
1.620,-0.689,-0.542,-0.846,0.765,-2.078,2.027,-0.810,-0.049,0.018,1.186,-1.483
1.610,-0.680,-0.554,-0.862,0.757,-2.097,2.052,-0.828,-0.113,0.050,1.147,-1.453
1.621,-0.729,-0.593,-0.879,0.767,-2.060,2.049,-0.804,-0.132,0.111,1.100,-1.444
1.629,-0.740,-0.603,-0.868,0.758,-2.084,2.053,-0.812,-0.162,0.176,1.090,-1.445
1.567,-0.676,-0.577,-0.907,0.858,-2.128,2.039,-0.769,-0.140,0.199,1.001,-1.526
1.626,-0.719,-0.591,-0.953,0.875,-2.071,2.081,-0.795,-0.176,0.153,1.008,-1.529
1.650,-0.760,-0.634,-1.017,0.890,-2.076,2.037,-0.752,-0.142,0.087,1.041,-1.483
1.630,-0.753,-0.615,-0.994,0.915,-2.167,2.078,-0.789,-0.164,0.108,1.067,-1.512
1.622,-0.745,-0.619,-0.950,0.921,-2.136,1.998,-0.716,-0.111,0.050,1.094,-1.572
1.631,-0.743,-0.649,-0.985,0.950,-2.126,1.997,-0.717,-0.079,-0.009,1.154,-1.560
1.634,-0.743,-0.639,-1.048,0.935,-2.238,1.957,-0.629,-0.061,-0.056,1.177,-1.544
1.580,-0.712,-0.619,-0.996,0.858,-2.181,1.993,-0.666,-0.052,-0.007,1.064,-1.628
1.551,-0.678,-0.607,-0.914,0.790,-2.122,1.948,-0.629,-0.039,-0.011,1.082,-1.590
1.557,-0.664,-0.631,-0.999,0.900,-2.141,1.951,-0.660,0.006,0.050,1.008,-1.594
1.580,-0.684,-0.643,-1.138,0.948,-2.071,2.027,-0.705,-0.066,0.074,0.960,-1.568
1.593,-0.705,-0.633,-1.111,0.896,-1.955,1.971,-0.677,-0.042,0.033,0.971,-1.529
1.582,-0.687,-0.661,-1.125,0.941,-1.968,1.932,-0.634,-0.017,0.092,0.917,-1.580
1.572,-0.676,-0.656,-1.172,0.930,-1.995,1.931,-0.644,0.013,0.124,0.910,-1.585
1.514,-0.683,-0.630,-1.127,0.927,-1.961,1.899,-0.618,0.047,0.150,0.875,-1.478
1.487,-0.661,-0.616,-1.124,0.912,-1.976,1.913,-0.620,0.031,0.192,0.837,-1.444
1.500,-0.689,-0.576,-1.123,0.921,-1.915,1.957,-0.680,0.038,0.296,0.750,-1.484
1.460,-0.689,-0.524,-1.080,0.872,-1.839,1.989,-0.722,-0.013,0.270,0.728,-1.425
1.482,-0.717,-0.554,-1.130,0.894,-1.862,1.991,-0.680,-0.044,0.251,0.727,-1.357
1.425,-0.695,-0.540,-1.020,0.905,-1.859,1.963,-0.665,-0.027,0.192,0.775,-1.327
1.354,-0.611,-0.514,-0.981,0.897,-1.886,1.951,-0.677,-0.023,0.166,0.793,-1.321
1.401,-0.630,-0.535,-1.097,1.010,-1.910,1.954,-0.655,-0.032,0.170,0.799,-1.411
1.414,-0.656,-0.535,-1.015,0.926,-1.898,1.946,-0.626,-0.077,0.167,0.808,-1.416
1.391,-0.668,-0.553,-0.959,0.901,-1.971,1.938,-0.623,-0.033,0.092,0.845,-1.350
1.307,-0.599,-0.490,-0.916,0.909,-1.951,1.894,-0.590,0.016,0.090,0.855,-1.343
1.281,-0.599,-0.478,-0.827,0.791,-1.902,1.864,-0.543,0.028,0.102,0.837,-1.263
1.276,-0.576,-0.476,-0.944,0.739,-1.865,1.833,-0.520,0.079,0.089,0.855,-1.237
1.270,-0.567,-0.449,-1.006,0.795,-1.817,1.860,-0.547,0.048,0.041,0.916,-1.254
1.357,-0.599,-0.477,-0.945,0.757,-1.900,1.848,-0.566,0.046,0.054,0.917,-1.277
1.397,-0.583,-0.559,-0.917,0.724,-1.876,1.890,-0.579,0.021,0.084,0.894,-1.281
1.295,-0.516,-0.539,-0.908,0.808,-1.966,1.881,-0.581,0.034,0.052,0.902,-1.253
1.262,-0.498,-0.492,-0.940,0.813,-2.034,1.885,-0.570,0.019,-0.073,1.022,-1.241
1.287,-0.511,-0.521,-0.931,0.741,-2.016,1.903,-0.567,-0.019,-0.134,1.095,-1.120
1.283,-0.501,-0.523,-0.987,0.774,-2.054,1.884,-0.584,0.047,-0.083,1.065,-1.139
1.286,-0.497,-0.535,-1.116,0.824,-2.057,1.965,-0.660,-0.046,0.004,0.978,-1.200
1.278,-0.492,-0.519,-0.968,0.595,-2.033,1.987,-0.661,-0.057,0.008,0.979,-1.233
1.282,-0.458,-0.538,-0.842,0.513,-2.017,1.962,-0.658,-0.021,0.011,0.993,-1.205
1.278,-0.457,-0.487,-0.944,0.525,-1.985,1.985,-0.680,-0.006,-0.043,1.039,-1.224
1.260,-0.430,-0.486,-0.901,0.461,-1.966,1.948,-0.668,0.010,-0.003,0.988,-1.167
1.251,-0.429,-0.525,-0.850,0.419,-1.908,2.019,-0.727,-0.032,0.030,0.961,-1.194
1.292,-0.456,-0.531,-0.898,0.441,-1.965,2.019,-0.729,-0.030,0.040,0.928,-1.149
1.302,-0.460,-0.508,-0.916,0.454,-2.009,1.984,-0.661,-0.043,-0.017,0.968,-1.191
1.290,-0.423,-0.510,-0.865,0.410,-1.965,1.923,-0.603,0.006,0.040,0.942,-1.199
1.329,-0.489,-0.471,-0.814,0.470,-1.967,1.897,-0.632,0.058,0.017,1.016,-1.243
1.333,-0.459,-0.511,-0.829,0.514,-1.976,1.845,-0.617,0.094,-0.040,1.088,-1.239
1.308,-0.447,-0.492,-0.847,0.524,-1.935,1.853,-0.634,0.090,-0.024,1.047,-1.177
1.278,-0.450,-0.482,-0.874,0.552,-1.918,1.798,-0.576,0.128,-0.006,0.997,-1.178
1.266,-0.440,-0.463,-0.826,0.455,-1.863,1.803,-0.554,0.136,-0.021,1.037,-1.231
1.284,-0.445,-0.464,-0.803,0.635,-1.992,1.777,-0.561,0.183,-0.046,1.053,-1.186
1.302,-0.477,-0.467,-0.790,0.627,-2.003,1.702,-0.520,0.255,-0.079,1.109,-1.250
1.356,-0.526,-0.469,-0.888,0.716,-2.035,1.711,-0.516,0.235,-0.088,1.143,-1.258
1.342,-0.511,-0.433,-0.890,0.733,-1.978,1.734,-0.541,0.221,-0.100,1.146,-1.268
1.357,-0.511,-0.404,-0.907,0.713,-1.871,1.731,-0.538,0.202,-0.137,1.170,-1.266
1.388,-0.561,-0.423,-0.984,0.776,-1.971,1.732,-0.542,0.229,-0.172,1.217,-1.317
1.366,-0.534,-0.427,-0.963,0.752,-2.000,1.736,-0.547,0.223,-0.039,1.113,-1.251
1.326,-0.509,-0.417,-1.009,0.752,-1.971,1.712,-0.552,0.209,-0.013,1.118,-1.267
1.283,-0.516,-0.389,-0.983,0.633,-2.059,1.575,-0.435,0.316,-0.085,1.179,-1.221
1.312,-0.515,-0.450,-0.933,0.532,-2.040,1.528,-0.402,0.361,-0.069,1.144,-1.141
1.349,-0.523,-0.479,-0.936,0.523,-2.011,1.558,-0.435,0.358,0.089,1.029,-1.187
1.354,-0.522,-0.481,-0.932,0.427,-1.990,1.581,-0.464,0.353,0.022,1.090,-1.161
1.352,-0.488,-0.510,-0.972,0.373,-1.936,1.570,-0.501,0.404,0.027,1.071,-1.158
1.370,-0.505,-0.511,-1.004,0.374,-1.937,1.587,-0.520,0.396,0.002,1.102,-1.242
1.342,-0.479,-0.492,-0.968,0.423,-1.974,1.547,-0.508,0.401,0.021,1.060,-1.250
1.326,-0.445,-0.488,-1.044,0.416,-1.930,1.543,-0.501,0.407,0.045,1.014,-1.285
1.357,-0.453,-0.522,-1.077,0.422,-1.904,1.613,-0.567,0.381,-0.020,1.074,-1.319
1.320,-0.410,-0.493,-1.176,0.431,-1.984,1.606,-0.543,0.390,-0.028,1.096,-1.310
1.329,-0.434,-0.450,-1.144,0.442,-1.956,1.534,-0.496,0.412,-0.094,1.131,-1.250
1.353,-0.449,-0.450,-1.039,0.352,-1.918,1.526,-0.491,0.413,-0.124,1.228,-1.331
1.375,-0.464,-0.478,-1.086,0.414,-1.917,1.532,-0.507,0.396,-0.133,1.248,-1.331
1.432,-0.502,-0.508,-1.044,0.402,-1.921,1.469,-0.471,0.407,-0.124,1.220,-1.395
1.442,-0.527,-0.488,-0.992,0.365,-1.914,1.496,-0.479,0.366,-0.088,1.210,-1.419
1.497,-0.545,-0.468,-1.004,0.301,-1.908,1.512,-0.510,0.352,-0.066,1.231,-1.391
1.514,-0.523,-0.505,-0.818,0.161,-1.909,1.537,-0.496,0.316,-0.064,1.226,-1.398
1.496,-0.513,-0.487,-0.834,0.171,-1.929,1.542,-0.482,0.296,-0.027,1.188,-1.485
1.495,-0.503,-0.510,-0.875,0.188,-1.960,1.583,-0.470,0.252,-0.037,1.154,-1.495
1.472,-0.454,-0.526,-0.798,0.264,-2.034,1.541,-0.464,0.302,0.046,1.077,-1.545
1.474,-0.461,-0.556,-0.812,0.157,-2.075,1.564,-0.519,0.311,0.035,1.097,-1.541
1.454,-0.468,-0.537,-0.782,0.173,-2.072,1.536,-0.497,0.314,0.044,1.085,-1.527
1.473,-0.529,-0.531,-0.846,0.270,-2.137,1.526,-0.488,0.315,0.005,1.084,-1.548
1.510,-0.562,-0.560,-0.829,0.326,-2.166,1.513,-0.496,0.329,0.092,0.994,-1.596
1.478,-0.523,-0.537,-0.875,0.337,-2.070,1.539,-0.493,0.297,0.017,1.040,-1.693
1.493,-0.563,-0.537,-0.832,0.345,-2.136,1.569,-0.513,0.246,-0.047,1.110,-1.699
1.463,-0.536,-0.547,-0.951,0.481,-2.121,1.626,-0.580,0.205,-0.088,1.160,-1.749
1.471,-0.524,-0.564,-0.965,0.533,-2.136,1.586,-0.542,0.218,-0.127,1.201,-1.762
1.484,-0.540,-0.559,-0.922,0.503,-2.113,1.586,-0.547,0.222,-0.064,1.137,-1.830
1.485,-0.537,-0.534,-0.953,0.501,-2.094,1.562,-0.508,0.213,-0.144,1.201,-1.771
1.494,-0.570,-0.515,-0.875,0.416,-2.024,1.591,-0.541,0.199,-0.272,1.327,-1.728
1.462,-0.536,-0.465,-0.713,0.346,-2.050,1.560,-0.492,0.191,-0.204,1.256,-1.694
1.446,-0.511,-0.481,-0.623,0.300,-2.193,1.658,-0.563,0.146,-0.190,1.249,-1.678
1.442,-0.513,-0.488,-0.517,0.265,-2.269,1.657,-0.584,0.179,-0.254,1.328,-1.570
1.459,-0.515,-0.507,-0.525,0.341,-2.302,1.649,-0.597,0.200,-0.284,1.352,-1.564
1.445,-0.466,-0.531,-0.481,0.309,-2.312,1.673,-0.606,0.194,-0.241,1.302,-1.571
1.469,-0.485,-0.564,-0.396,0.355,-2.487,1.673,-0.601,0.185,-0.320,1.420,-1.583
1.486,-0.464,-0.571,-0.529,0.439,-2.312,1.724,-0.639,0.085,-0.370,1.468,-1.612
1.484,-0.459,-0.572,-0.576,0.470,-2.407,1.703,-0.638,0.127,-0.303,1.424,-1.607
1.553,-0.514,-0.562,-0.622,0.545,-2.425,1.703,-0.645,0.169,-0.387,1.493,-1.606
1.563,-0.515,-0.578,-0.632,0.565,-2.435,1.713,-0.665,0.185,-0.395,1.488,-1.598
1.564,-0.503,-0.575,-0.616,0.545,-2.418,1.747,-0.713,0.211,-0.422,1.514,-1.611
1.588,-0.524,-0.566,-0.642,0.546,-2.305,1.734,-0.719,0.197,-0.507,1.585,-1.715
1.628,-0.563,-0.559,-0.671,0.506,-2.296,1.760,-0.719,0.153,-0.592,1.619,-1.776
1.643,-0.566,-0.581,-0.663,0.475,-2.220,1.752,-0.687,0.125,-0.556,1.567,-1.775
1.602,-0.518,-0.564,-0.733,0.482,-2.230,1.779,-0.730,0.129,-0.532,1.529,-1.730
1.573,-0.489,-0.557,-0.709,0.401,-2.305,1.830,-0.794,0.107,-0.563,1.560,-1.762
1.622,-0.580,-0.589,-0.756,0.441,-2.286,1.824,-0.794,0.088,-0.557,1.548,-1.711
1.635,-0.612,-0.612,-0.723,0.442,-2.314,1.818,-0.775,0.063,-0.596,1.562,-1.732
1.682,-0.657,-0.658,-0.714,0.603,-2.302,1.759,-0.745,0.076,-0.520,1.487,-1.750
1.675,-0.649,-0.665,-0.674,0.648,-2.406,1.814,-0.774,0.048,-0.488,1.519,-1.700
1.728,-0.710,-0.673,-0.742,0.661,-2.345,1.826,-0.785,0.027,-0.506,1.553,-1.720
1.662,-0.658,-0.626,-0.698,0.594,-2.249,1.771,-0.720,0.062,-0.500,1.597,-1.678
1.630,-0.646,-0.576,-0.741,0.688,-2.409,1.747,-0.688,0.097,-0.357,1.487,-1.764
1.615,-0.634,-0.558,-0.787,0.671,-2.400,1.720,-0.626,0.114,-0.379,1.505,-1.804
1.620,-0.621,-0.578,-0.761,0.691,-2.428,1.709,-0.662,0.145,-0.351,1.468,-1.744
1.584,-0.644,-0.530,-0.801,0.722,-2.418,1.688,-0.642,0.170,-0.349,1.493,-1.773
1.640,-0.693,-0.618,-0.764,0.657,-2.475,1.645,-0.606,0.181,-0.291,1.417,-1.780
1.624,-0.666,-0.595,-0.734,0.673,-2.459,1.627,-0.602,0.203,-0.313,1.454,-1.800
1.643,-0.717,-0.578,-0.663,0.566,-2.373,1.675,-0.627,0.189,-0.313,1.457,-1.813
1.702,-0.742,-0.628,-0.736,0.610,-2.481,1.694,-0.624,0.181,-0.284,1.452,-1.922
1.696,-0.750,-0.611,-0.781,0.641,-2.456,1.700,-0.626,0.176,-0.275,1.427,-1.749
1.711,-0.747,-0.607,-0.772,0.646,-2.440,1.749,-0.657,0.129,-0.299,1.446,-1.750
1.723,-0.767,-0.613,-0.661,0.513,-2.522,1.772,-0.655,0.120,-0.221,1.387,-1.671
1.693,-0.771,-0.619,-0.674,0.546,-2.499,1.771,-0.644,0.072,-0.286,1.422,-1.611
1.707,-0.788,-0.619,-0.661,0.480,-2.564,1.786,-0.696,0.058,-0.258,1.388,-1.524
1.688,-0.793,-0.628,-0.731,0.429,-2.472,1.827,-0.761,0.062,-0.233,1.355,-1.504
1.672,-0.794,-0.633,-0.723,0.424,-2.452,1.828,-0.761,0.069,-0.203,1.315,-1.455
1.674,-0.801,-0.621,-0.732,0.408,-2.344,1.856,-0.777,0.050,-0.223,1.339,-1.484
1.619,-0.783,-0.558,-0.698,0.288,-2.339,1.870,-0.779,0.018,-0.152,1.248,-1.520
1.647,-0.802,-0.581,-0.616,0.292,-2.312,1.922,-0.816,0.023,-0.118,1.198,-1.532
1.607,-0.805,-0.573,-0.614,0.304,-2.257,1.923,-0.810,0.032,-0.063,1.158,-1.549
1.626,-0.805,-0.604,-0.704,0.315,-2.165,1.961,-0.826,0.002,0.015,1.088,-1.535
1.625,-0.793,-0.595,-0.671,0.371,-2.125,1.960,-0.831,-0.006,0.033,1.075,-1.482
1.520,-0.727,-0.572,-0.701,0.430,-2.170,1.994,-0.840,-0.043,0.140,1.005,-1.393
1.452,-0.680,-0.533,-0.572,0.367,-2.195,1.996,-0.821,-0.046,0.110,1.029,-1.464
1.441,-0.675,-0.535,-0.581,0.438,-2.241,1.952,-0.754,-0.096,0.159,0.993,-1.422
1.436,-0.658,-0.514,-0.499,0.264,-2.347,1.997,-0.821,-0.117,0.091,1.025,-1.406
1.372,-0.582,-0.492,-0.463,0.289,-2.311,1.995,-0.842,-0.109,0.063,1.071,-1.405
1.312,-0.555,-0.480,-0.480,0.278,-2.209,2.040,-0.884,-0.137,-0.026,1.108,-1.321
1.346,-0.593,-0.454,-0.357,0.228,-2.237,2.041,-0.893,-0.139,-0.037,1.131,-1.371
1.303,-0.567,-0.435,-0.271,0.113,-2.232,2.002,-0.889,-0.156,-0.037,1.139,-1.420
1.321,-0.582,-0.455,-0.212,0.103,-2.256,1.959,-0.876,-0.123,-0.078,1.185,-1.351
1.317,-0.580,-0.466,-0.217,0.038,-2.176,1.884,-0.811,-0.078,0.057,1.051,-1.346
1.306,-0.566,-0.452,-0.152,0.003,-2.260,1.852,-0.787,-0.050,0.070,1.046,-1.360
1.316,-0.574,-0.487,-0.161,-0.040,-2.286,1.843,-0.773,-0.063,0.108,1.045,-1.464
1.340,-0.602,-0.475,-0.082,-0.168,-2.326,1.794,-0.755,-0.041,0.081,1.059,-1.447
1.340,-0.581,-0.446,-0.052,-0.146,-2.322,1.815,-0.735,-0.061,0.207,0.931,-1.469
1.324,-0.533,-0.435,-0.076,-0.110,-2.263,1.793,-0.693,-0.050,0.259,0.872,-1.436
1.348,-0.543,-0.473,-0.059,-0.157,-2.216,1.729,-0.681,0.012,0.256,0.865,-1.395
1.340,-0.546,-0.473,-0.045,-0.110,-2.284,1.715,-0.639,0.040,0.276,0.843,-1.392
1.352,-0.548,-0.496,-0.085,-0.096,-2.256,1.757,-0.694,0.056,0.291,0.878,-1.419
1.382,-0.572,-0.498,-0.119,-0.125,-2.305,1.742,-0.663,0.030,0.301,0.843,-1.409
1.398,-0.567,-0.538,-0.116,-0.174,-2.343,1.675,-0.606,0.078,0.299,0.822,-1.376
1.417,-0.612,-0.553,-0.172,-0.167,-2.312,1.642,-0.568,0.095,0.328,0.785,-1.322
1.413,-0.609,-0.558,-0.203,-0.154,-2.313,1.541,-0.549,0.173,0.322,0.766,-1.286
1.419,-0.616,-0.566,-0.265,-0.141,-2.310,1.593,-0.572,0.107,0.354,0.768,-1.343
1.418,-0.617,-0.562,-0.277,-0.074,-2.334,1.628,-0.597,0.072,0.380,0.770,-1.382
1.402,-0.603,-0.570,-0.272,-0.121,-2.476,1.596,-0.591,0.109,0.307,0.900,-1.432
1.372,-0.585,-0.560,-0.365,-0.061,-2.648,1.626,-0.608,0.067,0.276,0.916,-1.416
1.405,-0.613,-0.560,-0.360,-0.033,-2.617,1.598,-0.588,0.064,0.280,0.901,-1.414
1.453,-0.658,-0.561,-0.436,-0.006,-2.486,1.596,-0.570,0.065,0.224,0.959,-1.387
1.511,-0.711,-0.594,-0.541,0.055,-2.595,1.614,-0.575,0.098,0.310,0.871,-1.413
1.545,-0.723,-0.627,-0.454,-0.094,-2.494,1.591,-0.541,0.074,0.296,0.897,-1.404
1.495,-0.700,-0.573,-0.491,-0.074,-2.493,1.575,-0.525,0.091,0.262,0.928,-1.360
1.502,-0.679,-0.600,-0.483,-0.051,-2.502,1.572,-0.522,0.108,0.318,0.851,-1.376
1.526,-0.753,-0.609,-0.376,-0.145,-2.577,1.584,-0.503,0.129,0.345,0.835,-1.369
1.531,-0.742,-0.573,-0.293,-0.203,-2.579,1.667,-0.544,0.070,0.251,0.905,-1.361
1.562,-0.753,-0.620,-0.291,-0.250,-2.517,1.719,-0.577,0.038,0.236,0.929,-1.360
1.584,-0.777,-0.614,-0.289,-0.273,-2.454,1.652,-0.534,0.090,0.278,0.926,-1.333
1.572,-0.777,-0.604,-0.269,-0.243,-2.460,1.657,-0.568,0.102,0.258,0.969,-1.285
1.553,-0.730,-0.565,-0.275,-0.204,-2.356,1.639,-0.549,0.116,0.381,0.849,-1.383
1.536,-0.709,-0.600,-0.333,-0.144,-2.371,1.662,-0.602,0.088,0.348,0.863,-1.399
1.514,-0.676,-0.600,-0.407,-0.065,-2.370,1.655,-0.582,0.080,0.316,0.907,-1.373
1.504,-0.666,-0.589,-0.380,-0.117,-2.363,1.671,-0.594,0.085,0.242,0.971,-1.359
1.490,-0.660,-0.598,-0.273,-0.125,-2.364,1.682,-0.631,0.101,0.313,0.931,-1.394
1.453,-0.632,-0.567,-0.308,-0.083,-2.385,1.693,-0.626,0.081,0.301,0.925,-1.289
1.476,-0.659,-0.604,-0.376,0.014,-2.384,1.688,-0.609,0.068,0.316,0.934,-1.312
1.497,-0.701,-0.606,-0.345,0.017,-2.447,1.723,-0.601,0.066,0.275,0.952,-1.332
1.496,-0.731,-0.622,-0.475,0.078,-2.300,1.731,-0.582,0.060,0.209,0.990,-1.411
1.497,-0.701,-0.624,-0.383,-0.039,-2.268,1.740,-0.580,0.048,0.192,1.002,-1.393
1.491,-0.675,-0.619,-0.362,-0.044,-2.295,1.760,-0.603,0.033,0.187,1.004,-1.389
1.469,-0.659,-0.648,-0.393,-0.002,-2.297,1.791,-0.599,-0.002,0.185,0.998,-1.364
1.475,-0.641,-0.650,-0.370,0.019,-2.306,1.748,-0.598,0.015,0.229,0.973,-1.350
1.470,-0.635,-0.639,-0.266,-0.045,-2.351,1.736,-0.595,0.010,0.213,0.991,-1.357
1.487,-0.671,-0.617,-0.228,-0.102,-2.385,1.685,-0.599,0.081,0.179,1.045,-1.344
1.478,-0.657,-0.620,-0.194,-0.119,-2.374,1.687,-0.585,0.040,0.163,1.091,-1.273
1.458,-0.637,-0.606,-0.162,-0.110,-2.381,1.674,-0.563,0.033,0.113,1.123,-1.284
1.477,-0.641,-0.616,-0.148,-0.126,-2.355,1.705,-0.606,0.005,0.112,1.126,-1.291
1.497,-0.650,-0.639,-0.056,-0.132,-2.505,1.705,-0.602,-0.022,0.122,1.125,-1.271
1.478,-0.653,-0.609,-0.141,-0.267,-2.424,1.706,-0.616,-0.028,0.149,1.063,-1.244
1.462,-0.624,-0.625,-0.134,-0.287,-2.415,1.728,-0.640,0.012,0.130,1.127,-1.210
1.481,-0.599,-0.654,-0.053,-0.355,-2.408,1.748,-0.627,-0.020,0.103,1.151,-1.147
1.439,-0.560,-0.655,-0.020,-0.410,-2.393,1.794,-0.663,-0.054,0.116,1.127,-1.153
1.434,-0.591,-0.610,0.054,-0.534,-2.468,1.755,-0.609,-0.057,0.095,1.177,-1.237
1.440,-0.595,-0.628,0.037,-0.418,-2.583,1.824,-0.680,-0.090,0.162,1.138,-1.252
1.428,-0.596,-0.609,-0.010,-0.364,-2.536,1.848,-0.696,-0.103,0.226,1.061,-1.196
1.440,-0.607,-0.590,0.025,-0.369,-2.600,1.936,-0.752,-0.115,0.173,1.065,-1.171
1.438,-0.603,-0.584,0.035,-0.416,-2.600,1.929,-0.726,-0.130,0.244,1.033,-1.145
1.465,-0.612,-0.614,0.077,-0.473,-2.650,1.946,-0.760,-0.123,0.208,1.100,-1.127
1.491,-0.610,-0.636,0.020,-0.405,-2.758,1.923,-0.752,-0.115,0.149,1.168,-1.101
1.511,-0.660,-0.691,0.059,-0.398,-2.735,1.897,-0.741,-0.070,0.130,1.188,-1.122
1.535,-0.670,-0.727,0.023,-0.393,-2.705,1.909,-0.771,-0.058,0.070,1.239,-1.119
1.526,-0.669,-0.715,0.088,-0.498,-2.695,1.937,-0.794,-0.076,0.071,1.257,-1.141
1.602,-0.692,-0.752,0.099,-0.502,-2.677,1.932,-0.764,-0.092,0.097,1.223,-1.175
1.621,-0.706,-0.771,0.045,-0.483,-2.655,1.908,-0.748,-0.083,0.084,1.199,-1.198
1.610,-0.677,-0.740,-0.006,-0.476,-2.725,1.880,-0.705,-0.024,0.137,1.170,-1.244
1.628,-0.696,-0.729,-0.034,-0.471,-2.738,1.892,-0.686,-0.046,0.160,1.175,-1.241
1.627,-0.682,-0.707,-0.116,-0.449,-2.683,1.856,-0.670,-0.056,0.144,1.189,-1.240
1.664,-0.694,-0.705,-0.199,-0.337,-2.587,1.852,-0.646,-0.064,0.154,1.144,-1.187
1.684,-0.751,-0.682,-0.224,-0.332,-2.438,1.875,-0.633,-0.078,0.192,1.121,-1.228
1.691,-0.736,-0.714,-0.189,-0.367,-2.445,1.879,-0.658,-0.088,0.221,1.093,-1.314
1.665,-0.715,-0.665,-0.205,-0.433,-2.399,1.902,-0.697,-0.078,0.182,1.131,-1.329
1.680,-0.762,-0.651,-0.142,-0.471,-2.413,1.899,-0.685,-0.074,0.174,1.145,-1.304
1.612,-0.740,-0.614,-0.156,-0.536,-2.475,1.918,-0.712,-0.089,0.084,1.221,-1.327
1.595,-0.724,-0.616,-0.146,-0.546,-2.534,1.855,-0.660,-0.047,0.057,1.232,-1.345
1.689,-0.887,-0.625,-0.150,-0.653,-2.521,1.891,-0.677,-0.075,0.067,1.196,-1.322
1.640,-0.842,-0.587,-0.143,-0.587,-2.475,1.887,-0.667,-0.077,0.069,1.196,-1.329
1.639,-0.838,-0.566,-0.178,-0.660,-2.462,1.907,-0.661,-0.072,-0.013,1.252,-1.326
1.638,-0.812,-0.560,-0.097,-0.671,-2.413,1.928,-0.668,-0.099,0.006,1.231,-1.266
1.618,-0.787,-0.529,-0.179,-0.683,-2.423,1.899,-0.631,-0.079,0.062,1.201,-1.227
1.603,-0.773,-0.512,-0.061,-0.733,-2.403,1.867,-0.565,-0.060,0.026,1.224,-1.283
1.575,-0.733,-0.503,-0.068,-0.699,-2.310,1.894,-0.572,-0.057,0.026,1.152,-1.235
1.638,-0.807,-0.534,-0.076,-0.801,-2.379,1.883,-0.546,-0.098,0.028,1.164,-1.211
1.669,-0.811,-0.571,0.078,-0.935,-2.457,1.867,-0.562,-0.022,0.049,1.117,-1.136
1.691,-0.838,-0.564,0.127,-0.928,-2.504,1.766,-0.521,0.091,0.009,1.130,-1.066
1.746,-0.888,-0.564,0.078,-0.828,-2.555,1.748,-0.532,0.165,0.106,1.040,-1.086
1.760,-0.903,-0.586,0.060,-0.838,-2.711,1.791,-0.550,0.144,0.102,1.054,-1.169
1.758,-0.898,-0.567,0.065,-0.893,-2.640,1.776,-0.536,0.153,0.073,1.071,-1.181
1.734,-0.877,-0.499,0.031,-0.893,-2.678,1.760,-0.528,0.171,0.118,1.006,-1.148
1.753,-0.854,-0.525,-0.055,-0.883,-2.744,1.737,-0.533,0.208,0.129,1.001,-1.194
1.749,-0.869,-0.495,-0.080,-0.772,-2.683,1.760,-0.526,0.198,0.089,1.007,-1.161
1.744,-0.880,-0.480,-0.053,-0.744,-2.736,1.718,-0.516,0.264,0.056,1.054,-1.233
1.736,-0.866,-0.490,-0.127,-0.704,-2.723,1.686,-0.496,0.287,0.111,0.992,-1.279
1.759,-0.830,-0.511,-0.084,-0.757,-2.726,1.682,-0.504,0.264,0.128,0.958,-1.344
1.747,-0.823,-0.504,-0.035,-0.832,-2.674,1.659,-0.467,0.269,0.132,0.980,-1.371
1.691,-0.788,-0.462,-0.104,-0.815,-2.728,1.691,-0.528,0.281,0.186,0.895,-1.292
1.706,-0.808,-0.491,-0.052,-0.869,-2.749,1.703,-0.536,0.282,0.128,0.924,-1.287
1.711,-0.822,-0.493,-0.035,-0.810,-2.732,1.721,-0.547,0.283,0.186,0.868,-1.338
1.700,-0.798,-0.536,-0.132,-0.685,-2.703,1.679,-0.524,0.285,0.143,0.880,-1.325
1.723,-0.812,-0.575,-0.097,-0.677,-2.725,1.667,-0.550,0.327,0.170,0.866,-1.264
1.709,-0.810,-0.565,-0.155,-0.597,-2.655,1.671,-0.536,0.321,0.226,0.798,-1.211
1.669,-0.793,-0.519,-0.225,-0.507,-2.654,1.668,-0.538,0.336,0.218,0.780,-1.149
1.704,-0.812,-0.560,-0.292,-0.447,-2.597,1.696,-0.567,0.338,0.147,0.833,-1.136
1.671,-0.741,-0.574,-0.257,-0.663,-2.591,1.683,-0.572,0.363,0.139,0.832,-1.140
1.602,-0.702,-0.517,-0.210,-0.685,-2.634,1.671,-0.591,0.419,0.132,0.827,-1.179
1.597,-0.680,-0.555,-0.166,-0.748,-2.558,1.713,-0.590,0.349,0.108,0.837,-1.191
1.590,-0.686,-0.581,-0.132,-0.722,-2.619,1.701,-0.577,0.335,0.094,0.866,-1.248
1.586,-0.698,-0.571,-0.055,-0.803,-2.817,1.694,-0.573,0.350,0.084,0.913,-1.215
1.612,-0.721,-0.572,-0.110,-0.873,-2.882,1.706,-0.560,0.338,0.095,0.945,-1.287
1.605,-0.707,-0.575,-0.007,-0.944,-3.044,1.672,-0.520,0.336,0.090,0.954,-1.328
1.577,-0.720,-0.537,0.036,-0.951,-3.093,1.710,-0.576,0.356,0.070,0.959,-1.365
1.553,-0.699,-0.561,0.024,-0.964,-3.156,1.646,-0.557,0.411,0.106,0.956,-1.374
1.568,-0.702,-0.589,0.019,-0.933,-3.257,1.677,-0.550,0.364,0.213,0.867,-1.389
1.600,-0.697,-0.637,-0.037,-0.974,-3.237,1.732,-0.600,0.342,0.193,0.860,-1.385
1.576,-0.690,-0.626,-0.094,-0.940,-3.074,1.786,-0.642,0.315,0.239,0.801,-1.406
1.593,-0.706,-0.630,-0.158,-0.944,-3.063,1.781,-0.652,0.324,0.266,0.803,-1.433
1.615,-0.702,-0.656,-0.038,-0.932,-3.111,1.835,-0.728,0.347,0.209,0.873,-1.396
1.612,-0.727,-0.614,-0.107,-0.890,-3.255,1.813,-0.709,0.332,0.239,0.834,-1.428
1.605,-0.711,-0.628,-0.210,-0.879,-3.144,1.840,-0.738,0.312,0.238,0.818,-1.429
1.626,-0.673,-0.657,-0.202,-0.944,-3.166,1.884,-0.756,0.275,0.222,0.830,-1.500
1.650,-0.669,-0.644,-0.259,-0.927,-3.216,1.896,-0.769,0.264,0.239,0.828,-1.529
1.652,-0.709,-0.635,-0.278,-0.865,-3.241,1.904,-0.746,0.235,0.238,0.836,-1.535
1.651,-0.724,-0.634,-0.209,-0.949,-3.244,1.855,-0.687,0.254,0.240,0.852,-1.497
1.642,-0.730,-0.617,-0.239,-0.818,-3.187,1.839,-0.676,0.264,0.279,0.802,-1.378
1.663,-0.773,-0.647,-0.194,-0.848,-3.350,1.874,-0.702,0.244,0.257,0.821,-1.336
1.647,-0.769,-0.639,-0.235,-0.702,-3.213,1.799,-0.658,0.326,0.284,0.773,-1.307
1.645,-0.759,-0.636,-0.286,-0.646,-3.062,1.839,-0.676,0.286,0.373,0.686,-1.354
1.668,-0.777,-0.639,-0.266,-0.625,-3.059,1.847,-0.685,0.280,0.269,0.777,-1.400
1.605,-0.727,-0.612,-0.306,-0.737,-3.060,1.855,-0.688,0.265,0.328,0.693,-1.409
1.588,-0.703,-0.597,-0.361,-0.669,-3.114,1.832,-0.649,0.259,0.353,0.731,-1.471
1.559,-0.663,-0.561,-0.343,-0.692,-3.117,1.831,-0.665,0.275,0.298,0.777,-1.336
1.519,-0.650,-0.501,-0.363,-0.595,-3.023,1.871,-0.678,0.233,0.230,0.853,-1.347
1.539,-0.681,-0.510,-0.283,-0.714,-2.929,1.893,-0.712,0.209,0.277,0.850,-1.372
1.585,-0.701,-0.543,-0.212,-0.709,-2.949,1.908,-0.705,0.182,0.273,0.894,-1.447
1.591,-0.712,-0.537,-0.229,-0.744,-2.834,1.894,-0.697,0.175,0.299,0.876,-1.443
1.577,-0.718,-0.516,-0.288,-0.778,-2.807,1.967,-0.717,0.121,0.294,0.860,-1.409
1.597,-0.729,-0.527,-0.264,-0.726,-2.860,1.894,-0.664,0.176,0.260,0.892,-1.433
1.629,-0.763,-0.536,-0.329,-0.628,-2.889,1.878,-0.666,0.187,0.183,0.960,-1.425
1.649,-0.811,-0.548,-0.388,-0.585,-3.030,1.882,-0.673,0.206,0.149,1.004,-1.467
1.668,-0.809,-0.561,-0.380,-0.611,-3.035,1.900,-0.694,0.189,0.034,1.119,-1.497
1.666,-0.839,-0.552,-0.258,-0.666,-2.973,1.948,-0.733,0.162,0.036,1.093,-1.461
1.662,-0.821,-0.542,-0.304,-0.579,-2.879,1.965,-0.750,0.181,0.070,1.085,-1.538
1.642,-0.809,-0.542,-0.359,-0.520,-2.717,1.914,-0.717,0.208,-0.015,1.133,-1.595
1.701,-0.854,-0.596,-0.325,-0.474,-2.701,1.933,-0.740,0.205,0.000,1.103,-1.570
1.694,-0.863,-0.579,-0.356,-0.444,-2.663,1.944,-0.766,0.201,0.046,1.054,-1.624
1.734,-0.893,-0.567,-0.526,-0.254,-2.523,1.929,-0.774,0.204,0.027,1.058,-1.629
1.736,-0.880,-0.556,-0.563,-0.187,-2.656,1.995,-0.843,0.183,-0.046,1.075,-1.486
1.765,-0.866,-0.617,-0.694,-0.113,-2.543,2.035,-0.873,0.152,-0.080,1.092,-1.546
1.780,-0.894,-0.621,-0.593,-0.292,-2.564,2.001,-0.862,0.171,-0.150,1.172,-1.544
1.822,-0.954,-0.692,-0.539,-0.402,-2.612,1.992,-0.838,0.179,-0.179,1.204,-1.576
1.848,-0.967,-0.698,-0.622,-0.367,-2.545,1.957,-0.829,0.185,-0.206,1.235,-1.579
1.819,-0.943,-0.674,-0.501,-0.479,-2.529,1.956,-0.816,0.160,-0.199,1.238,-1.620
1.793,-0.927,-0.664,-0.548,-0.488,-2.488,1.902,-0.739,0.176,-0.212,1.208,-1.569
1.771,-0.940,-0.628,-0.581,-0.542,-2.436,1.903,-0.727,0.155,-0.219,1.194,-1.617
1.767,-0.921,-0.644,-0.653,-0.477,-2.425,1.879,-0.718,0.194,-0.138,1.149,-1.603
1.746,-0.899,-0.623,-0.630,-0.446,-2.415,1.905,-0.729,0.170,-0.095,1.125,-1.714
1.729,-0.887,-0.629,-0.545,-0.478,-2.451,1.901,-0.691,0.145,-0.037,1.087,-1.655
1.687,-0.860,-0.597,-0.552,-0.374,-2.571,1.913,-0.700,0.135,-0.053,1.095,-1.630
1.750,-0.940,-0.647,-0.614,-0.228,-2.769,1.879,-0.699,0.167,-0.113,1.177,-1.661
1.770,-0.948,-0.674,-0.569,-0.234,-2.807,1.918,-0.717,0.131,-0.115,1.165,-1.675
1.657,-0.858,-0.607,-0.534,-0.246,-2.728,1.965,-0.740,0.096,-0.120,1.169,-1.651
1.667,-0.865,-0.619,-0.588,-0.223,-2.736,1.942,-0.736,0.113,-0.098,1.153,-1.701
1.680,-0.858,-0.672,-0.670,-0.147,-2.689,1.894,-0.680,0.134,-0.087,1.098,-1.643
1.690,-0.834,-0.699,-0.664,-0.131,-2.729,1.962,-0.724,0.081,-0.130,1.164,-1.746
